{"level":"info","message":"Server running on port 5000","service":"chat-app","timestamp":"2025-04-11 07:25:30"}
{"level":"info","message":"Environment: development","service":"chat-app","timestamp":"2025-04-11 07:25:30"}
{"level":"info","message":"MongoDB connected successfully","service":"chat-app","timestamp":"2025-04-11 07:25:30"}
{"level":"info","message":"User registered: 67f861b2f264965a0f8b3385","service":"chat-app","timestamp":"2025-04-11 07:26:26","username":"evraldi"}
{"level":"info","message":"User logged in: 67f861b2f264965a0f8b3385","service":"chat-app","timestamp":"2025-04-11 07:26:33","username":"evraldi"}
{"level":"info","message":"Room created: 67f861d7f264965a0f8b338a","name":"this is coba","service":"chat-app","timestamp":"2025-04-11 07:27:03"}
{"level":"info","message":"User connected","service":"chat-app","socketId":"YvyZ-Yc_Lhfm1ls8AALq","timestamp":"2025-04-11 07:27:48"}
{"level":"info","message":"User disconnected","reason":"transport close","service":"chat-app","socketId":"YvyZ-Yc_Lhfm1ls8AALq","timestamp":"2025-04-11 07:27:48"}
{"level":"info","message":"User connected","service":"chat-app","socketId":"_ZKTJdxqsWGrYN80AAMP","timestamp":"2025-04-11 07:27:50"}
{"level":"info","message":"User disconnected","reason":"transport close","service":"chat-app","socketId":"_ZKTJdxqsWGrYN80AAMP","timestamp":"2025-04-11 07:27:50"}
{"level":"info","message":"User connected","service":"chat-app","socketId":"-3boJNKbHlYAi5SqAAT_","timestamp":"2025-04-11 07:28:23"}
{"level":"info","message":"User disconnected","reason":"transport close","service":"chat-app","socketId":"-3boJNKbHlYAi5SqAAT_","timestamp":"2025-04-11 07:28:23"}
{"level":"info","message":"User connected","service":"chat-app","socketId":"n97xawTNB0JaFgh3AAYx","timestamp":"2025-04-11 07:29:06"}
{"level":"info","message":"User disconnected","reason":"transport close","service":"chat-app","socketId":"n97xawTNB0JaFgh3AAYx","timestamp":"2025-04-11 07:29:06"}
{"level":"info","message":"User connected","service":"chat-app","socketId":"LRbEIbnJ0mXd51-2AAZ0","timestamp":"2025-04-11 07:29:12"}
{"level":"info","message":"User disconnected","reason":"transport close","service":"chat-app","socketId":"LRbEIbnJ0mXd51-2AAZ0","timestamp":"2025-04-11 07:29:12"}
{"level":"info","message":"User connected","service":"chat-app","socketId":"JVSTn_oYgH4M7oeTAAeA","timestamp":"2025-04-11 07:29:30"}
{"level":"info","message":"User disconnected","reason":"transport close","service":"chat-app","socketId":"JVSTn_oYgH4M7oeTAAeA","timestamp":"2025-04-11 07:29:30"}
{"level":"info","message":"User connected","service":"chat-app","socketId":"NMYbQtm9-ZsagUnOAAfj","timestamp":"2025-04-11 07:29:38"}
{"level":"info","message":"User disconnected","reason":"transport close","service":"chat-app","socketId":"NMYbQtm9-ZsagUnOAAfj","timestamp":"2025-04-11 07:29:38"}
{"level":"info","message":"User connected","service":"chat-app","socketId":"wRUDfVVf1YCh-r77AAfx","timestamp":"2025-04-11 07:29:39"}
{"level":"info","message":"User disconnected","reason":"transport close","service":"chat-app","socketId":"wRUDfVVf1YCh-r77AAfx","timestamp":"2025-04-11 07:29:39"}
{"level":"info","message":"User connected","service":"chat-app","socketId":"SwUJbzn-AvUBjgIcAAf2","timestamp":"2025-04-11 07:29:39"}
{"level":"info","message":"User disconnected","reason":"transport close","service":"chat-app","socketId":"SwUJbzn-AvUBjgIcAAf2","timestamp":"2025-04-11 07:29:39"}
{"level":"info","message":"User connected","service":"chat-app","socketId":"lAijvz4yZiy4KTxeAAhE","timestamp":"2025-04-11 07:29:45"}
{"level":"info","message":"User disconnected","reason":"transport close","service":"chat-app","socketId":"lAijvz4yZiy4KTxeAAhE","timestamp":"2025-04-11 07:29:45"}
{"level":"info","message":"User connected","service":"chat-app","socketId":"OecfUWz0bNl4Yf8cAAp5","timestamp":"2025-04-11 07:30:42"}
{"level":"info","message":"User disconnected","reason":"transport close","service":"chat-app","socketId":"OecfUWz0bNl4Yf8cAAp5","timestamp":"2025-04-11 07:30:42"}
{"level":"info","message":"User connected","service":"chat-app","socketId":"5aI9-Jnn42HpxhulAAqf","timestamp":"2025-04-11 07:30:46"}
{"level":"info","message":"User disconnected","reason":"client namespace disconnect","service":"chat-app","socketId":"5aI9-Jnn42HpxhulAAqf","timestamp":"2025-04-11 07:31:10"}
{"level":"info","message":"User connected","service":"chat-app","socketId":"PKN2zC_7gHJZzWYcAAqh","timestamp":"2025-04-11 07:31:11"}
{"level":"info","message":"User evraldi attempting to join room memek","service":"chat-app","timestamp":"2025-04-11 07:31:22"}
{"level":"info","message":"User evraldi joined room memek","service":"chat-app","timestamp":"2025-04-11 07:31:22"}
{"level":"info","message":"Sending 3 previous messages to user in room memek","service":"chat-app","timestamp":"2025-04-11 07:31:22"}
{"level":"info","message":"Received sendMessage event","room":"memek","service":"chat-app","timestamp":"2025-04-11 07:31:26","username":"evraldi"}
{"id":"67f862def264965a0f8b3398","level":"info","message":"Message saved","room":"memek","service":"chat-app","timestamp":"2025-04-11 07:31:26"}
{"level":"info","message":"User disconnected","reason":"transport close","service":"chat-app","socketId":"PKN2zC_7gHJZzWYcAAqh","timestamp":"2025-04-11 07:33:19"}
{"level":"info","message":"User connected","service":"chat-app","socketId":"56du2GLjQCZjiCjqAAqj","timestamp":"2025-04-11 07:33:20"}
{"level":"info","message":"User evraldi attempting to join room memek","service":"chat-app","timestamp":"2025-04-11 07:33:22"}
{"level":"info","message":"User evraldi joined room memek","service":"chat-app","timestamp":"2025-04-11 07:33:22"}
{"level":"info","message":"Sending 4 previous messages to user in room memek","service":"chat-app","timestamp":"2025-04-11 07:33:22"}
{"level":"info","message":"User evraldi attempting to join room this is coba","service":"chat-app","timestamp":"2025-04-11 07:33:24"}
{"level":"info","message":"User evraldi joined room this is coba","service":"chat-app","timestamp":"2025-04-11 07:33:24"}
{"level":"info","message":"Sending 0 previous messages to user in room this is coba","service":"chat-app","timestamp":"2025-04-11 07:33:24"}
{"level":"info","message":"Received sendMessage event","room":"this is coba","service":"chat-app","timestamp":"2025-04-11 07:33:26","username":"evraldi"}
{"id":"67f86356f264965a0f8b33a2","level":"info","message":"Message saved","room":"this is coba","service":"chat-app","timestamp":"2025-04-11 07:33:26"}
{"level":"info","message":"Room created: 67f86360f264965a0f8b33a5","name":"nambah room","service":"chat-app","timestamp":"2025-04-11 07:33:36"}
{"level":"info","message":"User evraldi attempting to join room nambah room","service":"chat-app","timestamp":"2025-04-11 07:33:36"}
{"level":"info","message":"User evraldi joined room nambah room","service":"chat-app","timestamp":"2025-04-11 07:33:36"}
{"level":"info","message":"Sending 0 previous messages to user in room nambah room","service":"chat-app","timestamp":"2025-04-11 07:33:36"}
{"level":"info","message":"Received sendMessage event","room":"nambah room","service":"chat-app","timestamp":"2025-04-11 07:33:38","username":"evraldi"}
{"id":"67f86362f264965a0f8b33a9","level":"info","message":"Message saved","room":"nambah room","service":"chat-app","timestamp":"2025-04-11 07:33:38"}
{"level":"info","message":"Server running on port 5000","service":"chat-app","timestamp":"2026-02-16 13:02:28"}
{"level":"info","message":"Environment: development","service":"chat-app","timestamp":"2026-02-16 13:04:15"}
{"level":"error","message":"MongoDB connection error: Socket 'connect' timed out after 107164ms (connectTimeoutMS: 30000)","service":"chat-app","stack":"MongooseServerSelectionError: Socket 'connect' timed out after 107164ms (connectTimeoutMS: 30000)\n    at _handleConnectionErrors (D:\\projek\\chat-app\\backend\\node_modules\\mongoose\\lib\\connection.js:1169:11)\n    at NativeConnection.openUri (D:\\projek\\chat-app\\backend\\node_modules\\mongoose\\lib\\connection.js:1100:11)\n    at runNextTicks (node:internal/process/task_queues:64:5)\n    at listOnTimeout (node:internal/timers:567:9)\n    at process.processTimers (node:internal/timers:541:7)\n    at async connectDB (D:\\projek\\chat-app\\backend\\config\\db.js:14:5)","timestamp":"2026-02-16 13:04:15"}
{"level":"info","message":"Retrying connection in 5 seconds...","service":"chat-app","timestamp":"2026-02-16 13:04:15"}
{"level":"info","message":"MongoDB connected successfully","service":"chat-app","timestamp":"2026-02-16 13:04:20"}
{"level":"info","message":"Server running on port 5000","service":"chat-app","timestamp":"2026-02-16 13:04:25"}
{"level":"info","message":"Environment: development","service":"chat-app","timestamp":"2026-02-16 13:04:25"}
{"level":"info","message":"MongoDB connected successfully","service":"chat-app","timestamp":"2026-02-16 13:04:25"}
{"level":"info","message":"User registered: 6992b479e1124da002c838dd","service":"chat-app","timestamp":"2026-02-16 13:08:57","username":"evraldi"}
{"level":"info","message":"User logged in: 6992b479e1124da002c838dd","service":"chat-app","timestamp":"2026-02-16 13:10:00","username":"evraldi"}
{"level":"info","message":"User connected","service":"chat-app","socketId":"2HqxwWIfq7wSsniOAAAB","timestamp":"2026-02-16 13:10:00"}
{"level":"info","message":"Room created: 6992b4ece1124da002c838e2","name":"evraldi","service":"chat-app","timestamp":"2026-02-16 13:10:52"}
{"level":"info","message":"User undefined attempting to join room evraldi","service":"chat-app","timestamp":"2026-02-16 13:10:52"}
{"level":"warn","message":"Invalid join room data","room":"evraldi","service":"chat-app","timestamp":"2026-02-16 13:10:52"}
{"level":"info","message":"Received sendMessage event","room":"evraldi","service":"chat-app","timestamp":"2026-02-16 13:12:11"}
{"level":"warn","message":{"room":"evraldi","text":"testing"},"service":"chat-app","timestamp":"2026-02-16 13:12:11"}
{"level":"info","message":"Room created: 6992b55be1124da002c838e5","name":"anjir","service":"chat-app","timestamp":"2026-02-16 13:12:43"}
{"level":"info","message":"User undefined attempting to join room anjir","service":"chat-app","timestamp":"2026-02-16 13:12:43"}
{"level":"warn","message":"Invalid join room data","room":"anjir","service":"chat-app","timestamp":"2026-02-16 13:12:43"}
{"level":"info","message":"Received sendMessage event","room":"anjir","service":"chat-app","timestamp":"2026-02-16 13:12:46"}
{"level":"warn","message":{"room":"anjir","text":"test"},"service":"chat-app","timestamp":"2026-02-16 13:12:46"}
{"level":"info","message":"User disconnected","reason":"transport close","service":"chat-app","socketId":"2HqxwWIfq7wSsniOAAAB","timestamp":"2026-02-16 13:13:01"}
{"level":"info","message":"User connected","service":"chat-app","socketId":"nlbGmzWu3ymOmwk6AAAE","timestamp":"2026-02-16 13:13:02"}
{"level":"info","message":"User evraldi attempting to join room evraldi","service":"chat-app","timestamp":"2026-02-16 13:13:05"}
{"level":"info","message":"User evraldi joined room evraldi","service":"chat-app","timestamp":"2026-02-16 13:13:05"}
{"level":"info","message":"Sending 0 previous messages to user in room evraldi","service":"chat-app","timestamp":"2026-02-16 13:13:05"}
{"level":"info","message":"Received sendMessage event","room":"evraldi","service":"chat-app","timestamp":"2026-02-16 13:13:09","username":"evraldi"}
{"id":"6992b575e1124da002c838eb","level":"info","message":"Message saved","room":"evraldi","service":"chat-app","timestamp":"2026-02-16 13:13:09"}
{"level":"info","message":"User disconnected","reason":"transport close","service":"chat-app","socketId":"nlbGmzWu3ymOmwk6AAAE","timestamp":"2026-02-16 13:13:42"}
{"level":"info","message":"User connected","service":"chat-app","socketId":"p8JcEKhNh8KdxO98AAAH","timestamp":"2026-02-16 13:13:43"}
{"level":"info","message":"Room created: 6992b599e1124da002c838f0","name":"adadad","service":"chat-app","timestamp":"2026-02-16 13:13:45"}
{"level":"info","message":"User evraldi attempting to join room adadad","service":"chat-app","timestamp":"2026-02-16 13:13:45"}
{"level":"info","message":"User evraldi joined room adadad","service":"chat-app","timestamp":"2026-02-16 13:13:45"}
{"level":"info","message":"Sending 0 previous messages to user in room adadad","service":"chat-app","timestamp":"2026-02-16 13:13:45"}
{"level":"info","message":"Received sendMessage event","room":"adadad","service":"chat-app","timestamp":"2026-02-16 13:13:47","username":"evraldi"}
{"id":"6992b59be1124da002c838f4","level":"info","message":"Message saved","room":"adadad","service":"chat-app","timestamp":"2026-02-16 13:13:47"}
{"level":"info","message":"User disconnected","reason":"client namespace disconnect","service":"chat-app","socketId":"p8JcEKhNh8KdxO98AAAH","timestamp":"2026-02-16 13:17:13"}
{"level":"info","message":"User logged in: 6992b479e1124da002c838dd","service":"chat-app","timestamp":"2026-02-16 13:21:18","username":"evraldi"}
{"level":"info","message":"User connected","service":"chat-app","socketId":"RyyDaw9QhbN6KABHAAAJ","timestamp":"2026-02-16 13:21:18"}
{"level":"info","message":"User undefined attempting to join room evraldi","service":"chat-app","timestamp":"2026-02-16 13:21:20"}
{"level":"warn","message":"Invalid join room data","room":"evraldi","service":"chat-app","timestamp":"2026-02-16 13:21:20"}
{"level":"info","message":"User undefined attempting to join room anjir","service":"chat-app","timestamp":"2026-02-16 13:21:21"}
{"level":"warn","message":"Invalid join room data","room":"anjir","service":"chat-app","timestamp":"2026-02-16 13:21:21"}
{"level":"info","message":"User undefined attempting to join room adadad","service":"chat-app","timestamp":"2026-02-16 13:21:21"}
{"level":"warn","message":"Invalid join room data","room":"adadad","service":"chat-app","timestamp":"2026-02-16 13:21:21"}
{"level":"info","message":"User undefined attempting to join room anjir","service":"chat-app","timestamp":"2026-02-16 13:21:22"}
{"level":"warn","message":"Invalid join room data","room":"anjir","service":"chat-app","timestamp":"2026-02-16 13:21:22"}
{"level":"info","message":"User undefined attempting to join room evraldi","service":"chat-app","timestamp":"2026-02-16 13:21:22"}
{"level":"warn","message":"Invalid join room data","room":"evraldi","service":"chat-app","timestamp":"2026-02-16 13:21:22"}
{"level":"info","message":"User undefined attempting to join room evraldi","service":"chat-app","timestamp":"2026-02-16 13:21:36"}
{"level":"warn","message":"Invalid join room data","room":"evraldi","service":"chat-app","timestamp":"2026-02-16 13:21:36"}
{"level":"info","message":"User undefined attempting to join room anjir","service":"chat-app","timestamp":"2026-02-16 13:21:38"}
{"level":"warn","message":"Invalid join room data","room":"anjir","service":"chat-app","timestamp":"2026-02-16 13:21:38"}
{"level":"info","message":"User undefined attempting to join room evraldi","service":"chat-app","timestamp":"2026-02-16 13:21:38"}
{"level":"warn","message":"Invalid join room data","room":"evraldi","service":"chat-app","timestamp":"2026-02-16 13:21:38"}
{"level":"info","message":"User undefined attempting to join room anjir","service":"chat-app","timestamp":"2026-02-16 13:21:38"}
{"level":"warn","message":"Invalid join room data","room":"anjir","service":"chat-app","timestamp":"2026-02-16 13:21:38"}
{"level":"info","message":"User undefined attempting to join room adadad","service":"chat-app","timestamp":"2026-02-16 13:21:39"}
{"level":"warn","message":"Invalid join room data","room":"adadad","service":"chat-app","timestamp":"2026-02-16 13:21:39"}
{"level":"info","message":"User undefined attempting to join room anjir","service":"chat-app","timestamp":"2026-02-16 13:21:39"}
{"level":"warn","message":"Invalid join room data","room":"anjir","service":"chat-app","timestamp":"2026-02-16 13:21:39"}
{"level":"info","message":"User undefined attempting to join room evraldi","service":"chat-app","timestamp":"2026-02-16 13:21:40"}
{"level":"warn","message":"Invalid join room data","room":"evraldi","service":"chat-app","timestamp":"2026-02-16 13:21:40"}
{"level":"info","message":"User undefined attempting to join room anjir","service":"chat-app","timestamp":"2026-02-16 13:21:40"}
{"level":"warn","message":"Invalid join room data","room":"anjir","service":"chat-app","timestamp":"2026-02-16 13:21:40"}
{"level":"info","message":"User undefined attempting to join room adadad","service":"chat-app","timestamp":"2026-02-16 13:21:41"}
{"level":"warn","message":"Invalid join room data","room":"adadad","service":"chat-app","timestamp":"2026-02-16 13:21:41"}
{"level":"info","message":"User disconnected","reason":"client namespace disconnect","service":"chat-app","socketId":"RyyDaw9QhbN6KABHAAAJ","timestamp":"2026-02-16 13:21:43"}
{"level":"info","message":"User registered: 6992b78de1124da002c838fa","service":"chat-app","timestamp":"2026-02-16 13:22:05","username":"anjay"}
{"level":"info","message":"User logged in: 6992b78de1124da002c838fa","service":"chat-app","timestamp":"2026-02-16 13:22:09","username":"anjay"}
{"level":"info","message":"User connected","service":"chat-app","socketId":"E-8a0j-6R8i_-RsIAAAL","timestamp":"2026-02-16 13:22:09"}
{"level":"info","message":"User undefined attempting to join room anjir","service":"chat-app","timestamp":"2026-02-16 13:22:11"}
{"level":"warn","message":"Invalid join room data","room":"anjir","service":"chat-app","timestamp":"2026-02-16 13:22:11"}
{"level":"info","message":"User undefined attempting to join room evraldi","service":"chat-app","timestamp":"2026-02-16 13:22:11"}
{"level":"warn","message":"Invalid join room data","room":"evraldi","service":"chat-app","timestamp":"2026-02-16 13:22:11"}
{"level":"info","message":"User undefined attempting to join room anjir","service":"chat-app","timestamp":"2026-02-16 13:22:13"}
{"level":"warn","message":"Invalid join room data","room":"anjir","service":"chat-app","timestamp":"2026-02-16 13:22:13"}
{"level":"info","message":"User undefined attempting to join room adadad","service":"chat-app","timestamp":"2026-02-16 13:22:13"}
{"level":"warn","message":"Invalid join room data","room":"adadad","service":"chat-app","timestamp":"2026-02-16 13:22:13"}
{"level":"info","message":"User undefined attempting to join room anjir","service":"chat-app","timestamp":"2026-02-16 13:22:28"}
{"level":"warn","message":"Invalid join room data","room":"anjir","service":"chat-app","timestamp":"2026-02-16 13:22:28"}
{"level":"info","message":"User undefined attempting to join room evraldi","service":"chat-app","timestamp":"2026-02-16 13:22:29"}
{"level":"warn","message":"Invalid join room data","room":"evraldi","service":"chat-app","timestamp":"2026-02-16 13:22:29"}
{"level":"info","message":"User undefined attempting to join room anjir","service":"chat-app","timestamp":"2026-02-16 13:22:29"}
{"level":"warn","message":"Invalid join room data","room":"anjir","service":"chat-app","timestamp":"2026-02-16 13:22:29"}
{"level":"info","message":"User undefined attempting to join room adadad","service":"chat-app","timestamp":"2026-02-16 13:22:29"}
{"level":"warn","message":"Invalid join room data","room":"adadad","service":"chat-app","timestamp":"2026-02-16 13:22:29"}
{"level":"info","message":"User undefined attempting to join room evraldi","service":"chat-app","timestamp":"2026-02-16 13:22:30"}
{"level":"warn","message":"Invalid join room data","room":"evraldi","service":"chat-app","timestamp":"2026-02-16 13:22:30"}
{"level":"info","message":"User undefined attempting to join room anjir","service":"chat-app","timestamp":"2026-02-16 13:22:31"}
{"level":"warn","message":"Invalid join room data","room":"anjir","service":"chat-app","timestamp":"2026-02-16 13:22:31"}
{"level":"info","message":"User undefined attempting to join room adadad","service":"chat-app","timestamp":"2026-02-16 13:22:31"}
{"level":"warn","message":"Invalid join room data","room":"adadad","service":"chat-app","timestamp":"2026-02-16 13:22:31"}
{"level":"info","message":"User disconnected","reason":"transport close","service":"chat-app","socketId":"E-8a0j-6R8i_-RsIAAAL","timestamp":"2026-02-16 13:22:33"}
{"level":"info","message":"User connected","service":"chat-app","socketId":"4qaRsXfEb59_F-VEAAAN","timestamp":"2026-02-16 13:22:33"}
{"level":"info","message":"User anjay attempting to join room evraldi","service":"chat-app","timestamp":"2026-02-16 13:22:34"}
{"level":"info","message":"User anjay joined room evraldi","service":"chat-app","timestamp":"2026-02-16 13:22:34"}
{"level":"info","message":"Sending 1 previous messages to user in room evraldi","service":"chat-app","timestamp":"2026-02-16 13:22:34"}
{"level":"info","message":"User anjay attempting to join room anjir","service":"chat-app","timestamp":"2026-02-16 13:22:35"}
{"level":"info","message":"User anjay joined room anjir","service":"chat-app","timestamp":"2026-02-16 13:22:35"}
{"level":"info","message":"Sending 0 previous messages to user in room anjir","service":"chat-app","timestamp":"2026-02-16 13:22:35"}
{"level":"info","message":"User anjay attempting to join room adadad","service":"chat-app","timestamp":"2026-02-16 13:22:35"}
{"level":"info","message":"User anjay joined room adadad","service":"chat-app","timestamp":"2026-02-16 13:22:35"}
{"level":"info","message":"Sending 1 previous messages to user in room adadad","service":"chat-app","timestamp":"2026-02-16 13:22:35"}
{"level":"info","message":"User disconnected","reason":"client namespace disconnect","service":"chat-app","socketId":"4qaRsXfEb59_F-VEAAAN","timestamp":"2026-02-16 13:22:39"}
{"level":"info","message":"User logged in: 6992b78de1124da002c838fa","service":"chat-app","timestamp":"2026-02-16 13:22:42","username":"anjay"}
{"level":"info","message":"User connected","service":"chat-app","socketId":"nrpkKYNK66BaD8tPAAAP","timestamp":"2026-02-16 13:22:42"}
{"level":"info","message":"User undefined attempting to join room anjir","service":"chat-app","timestamp":"2026-02-16 13:22:43"}
{"level":"warn","message":"Invalid join room data","room":"anjir","service":"chat-app","timestamp":"2026-02-16 13:22:43"}
{"level":"info","message":"User undefined attempting to join room evraldi","service":"chat-app","timestamp":"2026-02-16 13:22:43"}
{"level":"warn","message":"Invalid join room data","room":"evraldi","service":"chat-app","timestamp":"2026-02-16 13:22:43"}
{"level":"info","message":"User undefined attempting to join room anjir","service":"chat-app","timestamp":"2026-02-16 13:22:44"}
{"level":"warn","message":"Invalid join room data","room":"anjir","service":"chat-app","timestamp":"2026-02-16 13:22:44"}
{"level":"info","message":"User undefined attempting to join room evraldi","service":"chat-app","timestamp":"2026-02-16 13:22:45"}
{"level":"warn","message":"Invalid join room data","room":"evraldi","service":"chat-app","timestamp":"2026-02-16 13:22:45"}
{"level":"info","message":"User undefined attempting to join room adadad","service":"chat-app","timestamp":"2026-02-16 13:22:45"}
{"level":"warn","message":"Invalid join room data","room":"adadad","service":"chat-app","timestamp":"2026-02-16 13:22:45"}
{"level":"info","message":"User undefined attempting to join room evraldi","service":"chat-app","timestamp":"2026-02-16 13:22:46"}
{"level":"warn","message":"Invalid join room data","room":"evraldi","service":"chat-app","timestamp":"2026-02-16 13:22:46"}
{"level":"info","message":"User undefined attempting to join room anjir","service":"chat-app","timestamp":"2026-02-16 13:22:46"}
{"level":"warn","message":"Invalid join room data","room":"anjir","service":"chat-app","timestamp":"2026-02-16 13:22:46"}
{"level":"info","message":"User undefined attempting to join room adadad","service":"chat-app","timestamp":"2026-02-16 13:22:47"}
{"level":"warn","message":"Invalid join room data","room":"adadad","service":"chat-app","timestamp":"2026-02-16 13:22:47"}
{"level":"info","message":"User disconnected","reason":"transport close","service":"chat-app","socketId":"nrpkKYNK66BaD8tPAAAP","timestamp":"2026-02-16 13:22:47"}
{"level":"info","message":"User connected","service":"chat-app","socketId":"SkgydFUmp4iJwXRTAAAS","timestamp":"2026-02-16 13:22:47"}
{"level":"info","message":"User anjay attempting to join room evraldi","service":"chat-app","timestamp":"2026-02-16 13:22:48"}
{"level":"info","message":"User anjay joined room evraldi","service":"chat-app","timestamp":"2026-02-16 13:22:48"}
{"level":"info","message":"Sending 1 previous messages to user in room evraldi","service":"chat-app","timestamp":"2026-02-16 13:22:48"}
{"level":"info","message":"User anjay attempting to join room anjir","service":"chat-app","timestamp":"2026-02-16 13:22:48"}
{"level":"info","message":"User anjay joined room anjir","service":"chat-app","timestamp":"2026-02-16 13:22:48"}
{"level":"info","message":"Sending 0 previous messages to user in room anjir","service":"chat-app","timestamp":"2026-02-16 13:22:48"}
{"level":"info","message":"User anjay attempting to join room adadad","service":"chat-app","timestamp":"2026-02-16 13:22:49"}
{"level":"info","message":"User anjay joined room adadad","service":"chat-app","timestamp":"2026-02-16 13:22:49"}
{"level":"info","message":"Sending 1 previous messages to user in room adadad","service":"chat-app","timestamp":"2026-02-16 13:22:49"}
{"level":"info","message":"User anjay attempting to join room anjir","service":"chat-app","timestamp":"2026-02-16 13:22:49"}
{"level":"info","message":"User anjay joined room anjir","service":"chat-app","timestamp":"2026-02-16 13:22:49"}
{"level":"info","message":"Sending 0 previous messages to user in room anjir","service":"chat-app","timestamp":"2026-02-16 13:22:49"}
{"level":"info","message":"User anjay attempting to join room evraldi","service":"chat-app","timestamp":"2026-02-16 13:22:50"}
{"level":"info","message":"User anjay joined room evraldi","service":"chat-app","timestamp":"2026-02-16 13:22:50"}
{"level":"info","message":"Sending 1 previous messages to user in room evraldi","service":"chat-app","timestamp":"2026-02-16 13:22:50"}
{"level":"info","message":"User anjay attempting to join room anjir","service":"chat-app","timestamp":"2026-02-16 13:22:51"}
{"level":"info","message":"User anjay joined room anjir","service":"chat-app","timestamp":"2026-02-16 13:22:51"}
{"level":"info","message":"Sending 0 previous messages to user in room anjir","service":"chat-app","timestamp":"2026-02-16 13:22:51"}
{"level":"info","message":"User anjay attempting to join room adadad","service":"chat-app","timestamp":"2026-02-16 13:22:51"}
{"level":"info","message":"User anjay joined room adadad","service":"chat-app","timestamp":"2026-02-16 13:22:51"}
{"level":"info","message":"Sending 1 previous messages to user in room adadad","service":"chat-app","timestamp":"2026-02-16 13:22:51"}
{"level":"info","message":"User anjay attempting to join room evraldi","service":"chat-app","timestamp":"2026-02-16 13:22:52"}
{"level":"info","message":"User anjay joined room evraldi","service":"chat-app","timestamp":"2026-02-16 13:22:52"}
{"level":"info","message":"Sending 1 previous messages to user in room evraldi","service":"chat-app","timestamp":"2026-02-16 13:22:52"}
{"level":"info","message":"User anjay attempting to join room adadad","service":"chat-app","timestamp":"2026-02-16 13:22:54"}
{"level":"info","message":"User anjay joined room adadad","service":"chat-app","timestamp":"2026-02-16 13:22:54"}
{"level":"info","message":"Sending 1 previous messages to user in room adadad","service":"chat-app","timestamp":"2026-02-16 13:22:54"}
{"level":"info","message":"User disconnected","reason":"transport close","service":"chat-app","socketId":"SkgydFUmp4iJwXRTAAAS","timestamp":"2026-02-16 13:23:14"}
{"level":"info","message":"User connected","service":"chat-app","socketId":"BsYxCgicVs0YBgIMAAAU","timestamp":"2026-02-16 13:23:14"}
{"level":"info","message":"User anjay attempting to join room anjir","service":"chat-app","timestamp":"2026-02-16 13:23:15"}
{"level":"info","message":"User anjay joined room anjir","service":"chat-app","timestamp":"2026-02-16 13:23:15"}
{"level":"info","message":"Sending 0 previous messages to user in room anjir","service":"chat-app","timestamp":"2026-02-16 13:23:15"}
{"level":"info","message":"User anjay attempting to join room adadad","service":"chat-app","timestamp":"2026-02-16 13:23:15"}
{"level":"info","message":"User anjay joined room adadad","service":"chat-app","timestamp":"2026-02-16 13:23:15"}
{"level":"info","message":"Sending 1 previous messages to user in room adadad","service":"chat-app","timestamp":"2026-02-16 13:23:15"}
{"level":"info","message":"User anjay attempting to join room evraldi","service":"chat-app","timestamp":"2026-02-16 13:23:15"}
{"level":"info","message":"User anjay joined room evraldi","service":"chat-app","timestamp":"2026-02-16 13:23:15"}
{"level":"info","message":"Sending 1 previous messages to user in room evraldi","service":"chat-app","timestamp":"2026-02-16 13:23:15"}
{"level":"info","message":"User anjay attempting to join room anjir","service":"chat-app","timestamp":"2026-02-16 13:23:16"}
{"level":"info","message":"User anjay joined room anjir","service":"chat-app","timestamp":"2026-02-16 13:23:16"}
{"level":"info","message":"Sending 0 previous messages to user in room anjir","service":"chat-app","timestamp":"2026-02-16 13:23:16"}
{"level":"info","message":"User anjay attempting to join room adadad","service":"chat-app","timestamp":"2026-02-16 13:23:16"}
{"level":"info","message":"User anjay joined room adadad","service":"chat-app","timestamp":"2026-02-16 13:23:16"}
{"level":"info","message":"Sending 1 previous messages to user in room adadad","service":"chat-app","timestamp":"2026-02-16 13:23:16"}
{"level":"info","message":"User anjay attempting to join room adadad","service":"chat-app","timestamp":"2026-02-16 13:23:16"}
{"level":"info","message":"User anjay joined room adadad","service":"chat-app","timestamp":"2026-02-16 13:23:16"}
{"level":"info","message":"Sending 1 previous messages to user in room adadad","service":"chat-app","timestamp":"2026-02-16 13:23:16"}
{"level":"info","message":"User disconnected","reason":"client namespace disconnect","service":"chat-app","socketId":"BsYxCgicVs0YBgIMAAAU","timestamp":"2026-02-16 13:23:17"}
{"level":"info","message":"User logged in: 6992b78de1124da002c838fa","service":"chat-app","timestamp":"2026-02-16 13:23:19","username":"anjay"}
{"level":"info","message":"User connected","service":"chat-app","socketId":"8q6q2v8KyYbZZXt0AAAW","timestamp":"2026-02-16 13:23:19"}
{"level":"info","message":"User undefined attempting to join room anjir","service":"chat-app","timestamp":"2026-02-16 13:23:21"}
{"level":"warn","message":"Invalid join room data","room":"anjir","service":"chat-app","timestamp":"2026-02-16 13:23:21"}
{"level":"info","message":"User undefined attempting to join room evraldi","service":"chat-app","timestamp":"2026-02-16 13:23:21"}
{"level":"warn","message":"Invalid join room data","room":"evraldi","service":"chat-app","timestamp":"2026-02-16 13:23:21"}
{"level":"info","message":"Received sendMessage event","room":"evraldi","service":"chat-app","timestamp":"2026-02-16 13:23:23"}
{"level":"warn","message":{"room":"evraldi","text":"adada"},"service":"chat-app","timestamp":"2026-02-16 13:23:23"}
{"level":"info","message":"User undefined attempting to join room anjir","service":"chat-app","timestamp":"2026-02-16 13:23:33"}
{"level":"warn","message":"Invalid join room data","room":"anjir","service":"chat-app","timestamp":"2026-02-16 13:23:33"}
{"level":"info","message":"User disconnected","reason":"transport close","service":"chat-app","socketId":"8q6q2v8KyYbZZXt0AAAW","timestamp":"2026-02-16 13:24:27"}
{"level":"info","message":"User connected","service":"chat-app","socketId":"-RYHABdAZNe8w9XOAAAY","timestamp":"2026-02-16 13:24:28"}
{"level":"info","message":"User anjay attempting to join room evraldi","service":"chat-app","timestamp":"2026-02-16 13:24:29"}
{"level":"info","message":"User anjay joined room evraldi","service":"chat-app","timestamp":"2026-02-16 13:24:29"}
{"level":"info","message":"Sending 1 previous messages to user in room evraldi","service":"chat-app","timestamp":"2026-02-16 13:24:29"}
{"level":"info","message":"User anjay attempting to join room anjir","service":"chat-app","timestamp":"2026-02-16 13:24:29"}
{"level":"info","message":"User anjay joined room anjir","service":"chat-app","timestamp":"2026-02-16 13:24:29"}
{"level":"info","message":"Sending 0 previous messages to user in room anjir","service":"chat-app","timestamp":"2026-02-16 13:24:29"}
{"level":"info","message":"User anjay attempting to join room adadad","service":"chat-app","timestamp":"2026-02-16 13:24:29"}
{"level":"info","message":"User anjay joined room adadad","service":"chat-app","timestamp":"2026-02-16 13:24:29"}
{"level":"info","message":"Sending 1 previous messages to user in room adadad","service":"chat-app","timestamp":"2026-02-16 13:24:29"}
{"level":"info","message":"User anjay attempting to join room anjir","service":"chat-app","timestamp":"2026-02-16 13:24:30"}
{"level":"info","message":"User anjay joined room anjir","service":"chat-app","timestamp":"2026-02-16 13:24:30"}
{"level":"info","message":"Sending 0 previous messages to user in room anjir","service":"chat-app","timestamp":"2026-02-16 13:24:30"}
{"level":"info","message":"User anjay attempting to join room anjir","service":"chat-app","timestamp":"2026-02-16 13:24:30"}
{"level":"info","message":"User anjay joined room anjir","service":"chat-app","timestamp":"2026-02-16 13:24:30"}
{"level":"info","message":"Sending 0 previous messages to user in room anjir","service":"chat-app","timestamp":"2026-02-16 13:24:30"}
{"level":"info","message":"User anjay attempting to join room evraldi","service":"chat-app","timestamp":"2026-02-16 13:24:30"}
{"level":"info","message":"User anjay joined room evraldi","service":"chat-app","timestamp":"2026-02-16 13:24:30"}
{"level":"info","message":"Sending 1 previous messages to user in room evraldi","service":"chat-app","timestamp":"2026-02-16 13:24:30"}
{"level":"info","message":"User anjay attempting to join room evraldi","service":"chat-app","timestamp":"2026-02-16 13:24:30"}
{"level":"info","message":"User anjay joined room evraldi","service":"chat-app","timestamp":"2026-02-16 13:24:30"}
{"level":"info","message":"Sending 1 previous messages to user in room evraldi","service":"chat-app","timestamp":"2026-02-16 13:24:30"}
{"level":"info","message":"User anjay attempting to join room evraldi","service":"chat-app","timestamp":"2026-02-16 13:24:31"}
{"level":"info","message":"User anjay joined room evraldi","service":"chat-app","timestamp":"2026-02-16 13:24:31"}
{"level":"info","message":"Sending 1 previous messages to user in room evraldi","service":"chat-app","timestamp":"2026-02-16 13:24:31"}
{"level":"info","message":"User anjay attempting to join room evraldi","service":"chat-app","timestamp":"2026-02-16 13:24:31"}
{"level":"info","message":"User anjay joined room evraldi","service":"chat-app","timestamp":"2026-02-16 13:24:31"}
{"level":"info","message":"Sending 1 previous messages to user in room evraldi","service":"chat-app","timestamp":"2026-02-16 13:24:31"}
{"level":"info","message":"User disconnected","reason":"client namespace disconnect","service":"chat-app","socketId":"-RYHABdAZNe8w9XOAAAY","timestamp":"2026-02-16 13:24:57"}
{"level":"info","message":"User connected","service":"chat-app","socketId":"1irTsxsLqTMxRYqUAAAb","timestamp":"2026-02-16 13:24:58"}
{"level":"info","message":"User disconnected","reason":"transport close","service":"chat-app","socketId":"1irTsxsLqTMxRYqUAAAb","timestamp":"2026-02-16 13:25:22"}
{"level":"info","message":"User connected","service":"chat-app","socketId":"k3FKbOMIEV8s2-ICAAAd","timestamp":"2026-02-16 13:25:23"}
{"level":"info","message":"User anjay attempting to join room evraldi","service":"chat-app","timestamp":"2026-02-16 13:25:24"}
{"level":"info","message":"User anjay joined room evraldi","service":"chat-app","timestamp":"2026-02-16 13:25:24"}
{"level":"info","message":"Sending 1 previous messages to user in room evraldi","service":"chat-app","timestamp":"2026-02-16 13:25:24"}
{"level":"info","message":"User anjay attempting to join room anjir","service":"chat-app","timestamp":"2026-02-16 13:25:25"}
{"level":"info","message":"User anjay joined room anjir","service":"chat-app","timestamp":"2026-02-16 13:25:25"}
{"level":"info","message":"Sending 0 previous messages to user in room anjir","service":"chat-app","timestamp":"2026-02-16 13:25:25"}
{"level":"info","message":"User anjay attempting to join room evraldi","service":"chat-app","timestamp":"2026-02-16 13:25:26"}
{"level":"info","message":"User anjay joined room evraldi","service":"chat-app","timestamp":"2026-02-16 13:25:26"}
{"level":"info","message":"Sending 1 previous messages to user in room evraldi","service":"chat-app","timestamp":"2026-02-16 13:25:26"}
{"level":"info","message":"User disconnected","reason":"client namespace disconnect","service":"chat-app","socketId":"k3FKbOMIEV8s2-ICAAAd","timestamp":"2026-02-16 13:25:26"}
{"level":"info","message":"User connected","service":"chat-app","socketId":"m4c4Y_FrqNdz9KjFAAAg","timestamp":"2026-02-16 13:25:27"}
{"level":"info","message":"User disconnected","reason":"client namespace disconnect","service":"chat-app","socketId":"m4c4Y_FrqNdz9KjFAAAg","timestamp":"2026-02-16 13:25:28"}
{"level":"info","message":"User connected","service":"chat-app","socketId":"G-cVum2QW68Tcsm9AAAi","timestamp":"2026-02-16 13:25:28"}
{"level":"info","message":"User disconnected","reason":"client namespace disconnect","service":"chat-app","socketId":"G-cVum2QW68Tcsm9AAAi","timestamp":"2026-02-16 13:25:55"}
{"level":"info","message":"User logged in: 6992b78de1124da002c838fa","service":"chat-app","timestamp":"2026-02-16 13:26:00","username":"anjay"}
{"level":"info","message":"User connected","service":"chat-app","socketId":"Nb9oLG69JzhCuaQzAAAk","timestamp":"2026-02-16 13:26:00"}
{"level":"info","message":"User anjay attempting to join room evraldi","service":"chat-app","timestamp":"2026-02-16 13:26:04"}
{"level":"info","message":"User anjay joined room evraldi","service":"chat-app","timestamp":"2026-02-16 13:26:04"}
{"level":"info","message":"Sending 1 previous messages to user in room evraldi","service":"chat-app","timestamp":"2026-02-16 13:26:04"}
{"level":"info","message":"User anjay attempting to join room anjir","service":"chat-app","timestamp":"2026-02-16 13:26:04"}
{"level":"info","message":"User anjay joined room anjir","service":"chat-app","timestamp":"2026-02-16 13:26:04"}
{"level":"info","message":"Sending 0 previous messages to user in room anjir","service":"chat-app","timestamp":"2026-02-16 13:26:04"}
{"level":"info","message":"User anjay attempting to join room adadad","service":"chat-app","timestamp":"2026-02-16 13:26:05"}
{"level":"info","message":"User anjay joined room adadad","service":"chat-app","timestamp":"2026-02-16 13:26:05"}
{"level":"info","message":"Sending 1 previous messages to user in room adadad","service":"chat-app","timestamp":"2026-02-16 13:26:05"}
{"level":"info","message":"User anjay attempting to join room anjir","service":"chat-app","timestamp":"2026-02-16 13:26:06"}
{"level":"info","message":"User anjay joined room anjir","service":"chat-app","timestamp":"2026-02-16 13:26:06"}
{"level":"info","message":"Sending 0 previous messages to user in room anjir","service":"chat-app","timestamp":"2026-02-16 13:26:06"}
{"level":"info","message":"User anjay attempting to join room evraldi","service":"chat-app","timestamp":"2026-02-16 13:26:06"}
{"level":"info","message":"User anjay joined room evraldi","service":"chat-app","timestamp":"2026-02-16 13:26:06"}
{"level":"info","message":"Sending 1 previous messages to user in room evraldi","service":"chat-app","timestamp":"2026-02-16 13:26:06"}
{"level":"info","message":"User anjay attempting to join room evraldi","service":"chat-app","timestamp":"2026-02-16 13:26:07"}
{"level":"info","message":"User anjay joined room evraldi","service":"chat-app","timestamp":"2026-02-16 13:26:07"}
{"level":"info","message":"Sending 1 previous messages to user in room evraldi","service":"chat-app","timestamp":"2026-02-16 13:26:07"}
{"level":"info","message":"User anjay attempting to join room anjir","service":"chat-app","timestamp":"2026-02-16 13:26:07"}
{"level":"info","message":"User anjay joined room anjir","service":"chat-app","timestamp":"2026-02-16 13:26:07"}
{"level":"info","message":"Sending 0 previous messages to user in room anjir","service":"chat-app","timestamp":"2026-02-16 13:26:07"}
{"level":"info","message":"User anjay attempting to join room adadad","service":"chat-app","timestamp":"2026-02-16 13:26:08"}
{"level":"info","message":"User anjay joined room adadad","service":"chat-app","timestamp":"2026-02-16 13:26:08"}
{"level":"info","message":"Sending 1 previous messages to user in room adadad","service":"chat-app","timestamp":"2026-02-16 13:26:08"}
{"level":"info","message":"User disconnected","reason":"client namespace disconnect","service":"chat-app","socketId":"Nb9oLG69JzhCuaQzAAAk","timestamp":"2026-02-16 13:26:11"}
{"level":"info","message":"User registered: 6992b893e1124da002c8395f","service":"chat-app","timestamp":"2026-02-16 13:26:28","username":"testing"}
{"level":"info","message":"User logged in: 6992b893e1124da002c8395f","service":"chat-app","timestamp":"2026-02-16 13:26:31","username":"testing"}
{"level":"info","message":"User connected","service":"chat-app","socketId":"DN2Fb8lZYwxaSbXCAAAm","timestamp":"2026-02-16 13:26:31"}
{"level":"info","message":"User testing attempting to join room anjir","service":"chat-app","timestamp":"2026-02-16 13:26:34"}
{"level":"info","message":"User testing joined room anjir","service":"chat-app","timestamp":"2026-02-16 13:26:34"}
{"level":"info","message":"Sending 0 previous messages to user in room anjir","service":"chat-app","timestamp":"2026-02-16 13:26:34"}
{"level":"info","message":"User testing attempting to join room adadad","service":"chat-app","timestamp":"2026-02-16 13:26:35"}
{"level":"info","message":"User testing joined room adadad","service":"chat-app","timestamp":"2026-02-16 13:26:35"}
{"level":"info","message":"Sending 1 previous messages to user in room adadad","service":"chat-app","timestamp":"2026-02-16 13:26:35"}
{"level":"info","message":"User testing attempting to join room evraldi","service":"chat-app","timestamp":"2026-02-16 13:26:36"}
{"level":"info","message":"User testing joined room evraldi","service":"chat-app","timestamp":"2026-02-16 13:26:36"}
{"level":"info","message":"Sending 1 previous messages to user in room evraldi","service":"chat-app","timestamp":"2026-02-16 13:26:36"}
{"level":"info","message":"User testing attempting to join room anjir","service":"chat-app","timestamp":"2026-02-16 13:26:36"}
{"level":"info","message":"User testing joined room anjir","service":"chat-app","timestamp":"2026-02-16 13:26:36"}
{"level":"info","message":"Sending 0 previous messages to user in room anjir","service":"chat-app","timestamp":"2026-02-16 13:26:36"}
{"level":"info","message":"User testing attempting to join room evraldi","service":"chat-app","timestamp":"2026-02-16 13:26:38"}
{"level":"info","message":"User testing joined room evraldi","service":"chat-app","timestamp":"2026-02-16 13:26:38"}
{"level":"info","message":"Sending 1 previous messages to user in room evraldi","service":"chat-app","timestamp":"2026-02-16 13:26:38"}
{"level":"info","message":"Received sendMessage event","room":"evraldi","service":"chat-app","timestamp":"2026-02-16 13:26:40","username":"testing"}
{"id":"6992b8a0e1124da002c8396d","level":"info","message":"Message saved","room":"evraldi","service":"chat-app","timestamp":"2026-02-16 13:26:40"}
{"level":"info","message":"User testing attempting to join room anjir","service":"chat-app","timestamp":"2026-02-16 13:28:05"}
{"level":"info","message":"User testing joined room anjir","service":"chat-app","timestamp":"2026-02-16 13:28:05"}
{"level":"info","message":"Sending 0 previous messages to user in room anjir","service":"chat-app","timestamp":"2026-02-16 13:28:05"}
{"level":"info","message":"User testing attempting to join room adadad","service":"chat-app","timestamp":"2026-02-16 13:28:06"}
{"level":"info","message":"User testing joined room adadad","service":"chat-app","timestamp":"2026-02-16 13:28:06"}
{"level":"info","message":"Sending 1 previous messages to user in room adadad","service":"chat-app","timestamp":"2026-02-16 13:28:06"}
{"level":"info","message":"User testing attempting to join room evraldi","service":"chat-app","timestamp":"2026-02-16 13:28:07"}
{"level":"info","message":"User testing joined room evraldi","service":"chat-app","timestamp":"2026-02-16 13:28:07"}
{"level":"info","message":"Sending 2 previous messages to user in room evraldi","service":"chat-app","timestamp":"2026-02-16 13:28:07"}
{"level":"info","message":"User testing attempting to join room anjir","service":"chat-app","timestamp":"2026-02-16 13:30:42"}
{"level":"info","message":"User testing joined room anjir","service":"chat-app","timestamp":"2026-02-16 13:30:42"}
{"level":"info","message":"Sending 0 previous messages to user in room anjir","service":"chat-app","timestamp":"2026-02-16 13:30:42"}
{"level":"info","message":"User testing attempting to join room evraldi","service":"chat-app","timestamp":"2026-02-16 13:30:42"}
{"level":"info","message":"User testing joined room evraldi","service":"chat-app","timestamp":"2026-02-16 13:30:42"}
{"level":"info","message":"Sending 2 previous messages to user in room evraldi","service":"chat-app","timestamp":"2026-02-16 13:30:42"}
{"level":"info","message":"User testing attempting to join room adadad","service":"chat-app","timestamp":"2026-02-16 13:30:43"}
{"level":"info","message":"User testing joined room adadad","service":"chat-app","timestamp":"2026-02-16 13:30:43"}
{"level":"info","message":"Sending 1 previous messages to user in room adadad","service":"chat-app","timestamp":"2026-02-16 13:30:43"}
{"level":"info","message":"User testing attempting to join room anjir","service":"chat-app","timestamp":"2026-02-16 13:30:44"}
{"level":"info","message":"User testing joined room anjir","service":"chat-app","timestamp":"2026-02-16 13:30:44"}
{"level":"info","message":"Sending 0 previous messages to user in room anjir","service":"chat-app","timestamp":"2026-02-16 13:30:44"}
{"level":"info","message":"User testing attempting to join room evraldi","service":"chat-app","timestamp":"2026-02-16 13:30:45"}
{"level":"info","message":"User testing joined room evraldi","service":"chat-app","timestamp":"2026-02-16 13:30:45"}
{"level":"info","message":"Sending 2 previous messages to user in room evraldi","service":"chat-app","timestamp":"2026-02-16 13:30:45"}
{"level":"info","message":"User testing attempting to join room adadad","service":"chat-app","timestamp":"2026-02-16 13:30:46"}
{"level":"info","message":"User testing joined room adadad","service":"chat-app","timestamp":"2026-02-16 13:30:46"}
{"level":"info","message":"Sending 1 previous messages to user in room adadad","service":"chat-app","timestamp":"2026-02-16 13:30:46"}
{"level":"info","message":"User testing attempting to join room adadad","service":"chat-app","timestamp":"2026-02-16 13:30:47"}
{"level":"info","message":"User testing joined room adadad","service":"chat-app","timestamp":"2026-02-16 13:30:47"}
{"level":"info","message":"Sending 1 previous messages to user in room adadad","service":"chat-app","timestamp":"2026-02-16 13:30:47"}
{"level":"info","message":"User testing attempting to join room anjir","service":"chat-app","timestamp":"2026-02-16 13:30:48"}
{"level":"info","message":"User testing joined room anjir","service":"chat-app","timestamp":"2026-02-16 13:30:48"}
{"level":"info","message":"Sending 0 previous messages to user in room anjir","service":"chat-app","timestamp":"2026-02-16 13:30:48"}
{"level":"info","message":"User testing attempting to join room adadad","service":"chat-app","timestamp":"2026-02-16 13:30:48"}
{"level":"info","message":"User testing joined room adadad","service":"chat-app","timestamp":"2026-02-16 13:30:48"}
{"level":"info","message":"Sending 1 previous messages to user in room adadad","service":"chat-app","timestamp":"2026-02-16 13:30:48"}
{"level":"info","message":"User testing attempting to join room adadad","service":"chat-app","timestamp":"2026-02-16 13:30:49"}
{"level":"info","message":"User testing joined room adadad","service":"chat-app","timestamp":"2026-02-16 13:30:49"}
{"level":"info","message":"Sending 1 previous messages to user in room adadad","service":"chat-app","timestamp":"2026-02-16 13:30:49"}
{"level":"info","message":"User testing attempting to join room anjir","service":"chat-app","timestamp":"2026-02-16 13:30:50"}
{"level":"info","message":"User testing joined room anjir","service":"chat-app","timestamp":"2026-02-16 13:30:50"}
{"level":"info","message":"Sending 0 previous messages to user in room anjir","service":"chat-app","timestamp":"2026-02-16 13:30:50"}
{"level":"info","message":"Room created: 6992b9a2e1124da002c8398c","name":"lemes jirrr","service":"chat-app","timestamp":"2026-02-16 13:30:58"}
{"level":"info","message":"User testing attempting to join room lemes jirrr","service":"chat-app","timestamp":"2026-02-16 13:30:58"}
{"level":"info","message":"User testing joined room lemes jirrr","service":"chat-app","timestamp":"2026-02-16 13:30:58"}
{"level":"info","message":"Sending 0 previous messages to user in room lemes jirrr","service":"chat-app","timestamp":"2026-02-16 13:30:58"}
{"level":"info","message":"Received sendMessage event","room":"lemes jirrr","service":"chat-app","timestamp":"2026-02-16 13:31:02","username":"testing"}
{"id":"6992b9a6e1124da002c83990","level":"info","message":"Message saved","room":"lemes jirrr","service":"chat-app","timestamp":"2026-02-16 13:31:02"}
{"level":"info","message":"User testing attempting to join room adadad","service":"chat-app","timestamp":"2026-02-16 13:31:23"}
{"level":"info","message":"User testing joined room adadad","service":"chat-app","timestamp":"2026-02-16 13:31:23"}
{"level":"info","message":"Sending 1 previous messages to user in room adadad","service":"chat-app","timestamp":"2026-02-16 13:31:23"}
{"level":"info","message":"User testing attempting to join room anjir","service":"chat-app","timestamp":"2026-02-16 13:31:23"}
{"level":"info","message":"User testing joined room anjir","service":"chat-app","timestamp":"2026-02-16 13:31:23"}
{"level":"info","message":"Sending 0 previous messages to user in room anjir","service":"chat-app","timestamp":"2026-02-16 13:31:23"}
{"level":"info","message":"User testing attempting to join room evraldi","service":"chat-app","timestamp":"2026-02-16 13:31:24"}
{"level":"info","message":"User testing joined room evraldi","service":"chat-app","timestamp":"2026-02-16 13:31:24"}
{"level":"info","message":"Sending 2 previous messages to user in room evraldi","service":"chat-app","timestamp":"2026-02-16 13:31:24"}
{"level":"info","message":"User testing attempting to join room anjir","service":"chat-app","timestamp":"2026-02-16 13:31:24"}
{"level":"info","message":"User testing joined room anjir","service":"chat-app","timestamp":"2026-02-16 13:31:24"}
{"level":"info","message":"Sending 0 previous messages to user in room anjir","service":"chat-app","timestamp":"2026-02-16 13:31:24"}
{"level":"info","message":"User testing attempting to join room anjir","service":"chat-app","timestamp":"2026-02-16 13:31:24"}
{"level":"info","message":"User testing joined room anjir","service":"chat-app","timestamp":"2026-02-16 13:31:24"}
{"level":"info","message":"Sending 0 previous messages to user in room anjir","service":"chat-app","timestamp":"2026-02-16 13:31:24"}
{"level":"info","message":"User testing attempting to join room adadad","service":"chat-app","timestamp":"2026-02-16 13:31:25"}
{"level":"info","message":"User testing joined room adadad","service":"chat-app","timestamp":"2026-02-16 13:31:25"}
{"level":"info","message":"Sending 1 previous messages to user in room adadad","service":"chat-app","timestamp":"2026-02-16 13:31:25"}
{"level":"info","message":"User testing attempting to join room anjir","service":"chat-app","timestamp":"2026-02-16 13:31:25"}
{"level":"info","message":"User testing joined room anjir","service":"chat-app","timestamp":"2026-02-16 13:31:25"}
{"level":"info","message":"Sending 0 previous messages to user in room anjir","service":"chat-app","timestamp":"2026-02-16 13:31:25"}
{"level":"info","message":"User testing attempting to join room anjir","service":"chat-app","timestamp":"2026-02-16 13:31:26"}
{"level":"info","message":"User testing joined room anjir","service":"chat-app","timestamp":"2026-02-16 13:31:26"}
{"level":"info","message":"Sending 0 previous messages to user in room anjir","service":"chat-app","timestamp":"2026-02-16 13:31:26"}
{"level":"info","message":"User testing attempting to join room anjir","service":"chat-app","timestamp":"2026-02-16 13:31:26"}
{"level":"info","message":"User testing joined room anjir","service":"chat-app","timestamp":"2026-02-16 13:31:26"}
{"level":"info","message":"Sending 0 previous messages to user in room anjir","service":"chat-app","timestamp":"2026-02-16 13:31:26"}
{"level":"info","message":"User testing attempting to join room anjir","service":"chat-app","timestamp":"2026-02-16 13:31:27"}
{"level":"info","message":"User testing joined room anjir","service":"chat-app","timestamp":"2026-02-16 13:31:27"}
{"level":"info","message":"Sending 0 previous messages to user in room anjir","service":"chat-app","timestamp":"2026-02-16 13:31:27"}
{"level":"info","message":"User testing attempting to join room anjir","service":"chat-app","timestamp":"2026-02-16 13:31:27"}
{"level":"info","message":"User testing joined room anjir","service":"chat-app","timestamp":"2026-02-16 13:31:27"}
{"level":"info","message":"Sending 0 previous messages to user in room anjir","service":"chat-app","timestamp":"2026-02-16 13:31:27"}
{"level":"info","message":"User testing attempting to join room anjir","service":"chat-app","timestamp":"2026-02-16 13:31:27"}
{"level":"info","message":"User testing joined room anjir","service":"chat-app","timestamp":"2026-02-16 13:31:27"}
{"level":"info","message":"Sending 0 previous messages to user in room anjir","service":"chat-app","timestamp":"2026-02-16 13:31:27"}
{"level":"info","message":"User testing attempting to join room anjir","service":"chat-app","timestamp":"2026-02-16 13:31:27"}
{"level":"info","message":"User testing joined room anjir","service":"chat-app","timestamp":"2026-02-16 13:31:27"}
{"level":"info","message":"Sending 0 previous messages to user in room anjir","service":"chat-app","timestamp":"2026-02-16 13:31:27"}
{"level":"info","message":"User testing attempting to join room anjir","service":"chat-app","timestamp":"2026-02-16 13:31:27"}
{"level":"info","message":"User testing joined room anjir","service":"chat-app","timestamp":"2026-02-16 13:31:27"}
{"level":"info","message":"Sending 0 previous messages to user in room anjir","service":"chat-app","timestamp":"2026-02-16 13:31:27"}
{"level":"info","message":"User testing attempting to join room anjir","service":"chat-app","timestamp":"2026-02-16 13:31:28"}
{"level":"info","message":"User testing joined room anjir","service":"chat-app","timestamp":"2026-02-16 13:31:28"}
{"level":"info","message":"Sending 0 previous messages to user in room anjir","service":"chat-app","timestamp":"2026-02-16 13:31:28"}
{"level":"info","message":"User testing attempting to join room anjir","service":"chat-app","timestamp":"2026-02-16 13:31:28"}
{"level":"info","message":"User testing joined room anjir","service":"chat-app","timestamp":"2026-02-16 13:31:28"}
{"level":"info","message":"Sending 0 previous messages to user in room anjir","service":"chat-app","timestamp":"2026-02-16 13:31:28"}
{"level":"info","message":"User testing attempting to join room anjir","service":"chat-app","timestamp":"2026-02-16 13:31:28"}
{"level":"info","message":"User testing joined room anjir","service":"chat-app","timestamp":"2026-02-16 13:31:28"}
{"level":"info","message":"Sending 0 previous messages to user in room anjir","service":"chat-app","timestamp":"2026-02-16 13:31:28"}
{"level":"info","message":"User testing attempting to join room anjir","service":"chat-app","timestamp":"2026-02-16 13:31:29"}
{"level":"info","message":"User testing joined room anjir","service":"chat-app","timestamp":"2026-02-16 13:31:29"}
{"level":"info","message":"Sending 0 previous messages to user in room anjir","service":"chat-app","timestamp":"2026-02-16 13:31:29"}
{"level":"info","message":"User testing attempting to join room anjir","service":"chat-app","timestamp":"2026-02-16 13:31:29"}
{"level":"info","message":"User testing joined room anjir","service":"chat-app","timestamp":"2026-02-16 13:31:29"}
{"level":"info","message":"Sending 0 previous messages to user in room anjir","service":"chat-app","timestamp":"2026-02-16 13:31:29"}
{"level":"info","message":"User testing attempting to join room anjir","service":"chat-app","timestamp":"2026-02-16 13:31:29"}
{"level":"info","message":"User testing joined room anjir","service":"chat-app","timestamp":"2026-02-16 13:31:29"}
{"level":"info","message":"Sending 0 previous messages to user in room anjir","service":"chat-app","timestamp":"2026-02-16 13:31:29"}
{"level":"info","message":"User testing attempting to join room anjir","service":"chat-app","timestamp":"2026-02-16 13:31:29"}
{"level":"info","message":"User testing joined room anjir","service":"chat-app","timestamp":"2026-02-16 13:31:29"}
{"level":"info","message":"Sending 0 previous messages to user in room anjir","service":"chat-app","timestamp":"2026-02-16 13:31:29"}
{"level":"info","message":"User testing attempting to join room anjir","service":"chat-app","timestamp":"2026-02-16 13:31:29"}
{"level":"info","message":"User testing joined room anjir","service":"chat-app","timestamp":"2026-02-16 13:31:29"}
{"level":"info","message":"Sending 0 previous messages to user in room anjir","service":"chat-app","timestamp":"2026-02-16 13:31:29"}
{"level":"info","message":"User testing attempting to join room anjir","service":"chat-app","timestamp":"2026-02-16 13:31:29"}
{"level":"info","message":"User testing joined room anjir","service":"chat-app","timestamp":"2026-02-16 13:31:29"}
{"level":"info","message":"Sending 0 previous messages to user in room anjir","service":"chat-app","timestamp":"2026-02-16 13:31:29"}
{"level":"info","message":"User testing attempting to join room anjir","service":"chat-app","timestamp":"2026-02-16 13:31:30"}
{"level":"info","message":"User testing joined room anjir","service":"chat-app","timestamp":"2026-02-16 13:31:30"}
{"level":"info","message":"Sending 0 previous messages to user in room anjir","service":"chat-app","timestamp":"2026-02-16 13:31:30"}
{"level":"info","message":"User testing attempting to join room anjir","service":"chat-app","timestamp":"2026-02-16 13:31:30"}
{"level":"info","message":"User testing joined room anjir","service":"chat-app","timestamp":"2026-02-16 13:31:30"}
{"level":"info","message":"Sending 0 previous messages to user in room anjir","service":"chat-app","timestamp":"2026-02-16 13:31:30"}
{"level":"info","message":"User testing attempting to join room anjir","service":"chat-app","timestamp":"2026-02-16 13:31:30"}
{"level":"info","message":"User testing joined room anjir","service":"chat-app","timestamp":"2026-02-16 13:31:30"}
{"level":"info","message":"Sending 0 previous messages to user in room anjir","service":"chat-app","timestamp":"2026-02-16 13:31:30"}
{"level":"info","message":"User testing attempting to join room anjir","service":"chat-app","timestamp":"2026-02-16 13:31:30"}
{"level":"info","message":"User testing joined room anjir","service":"chat-app","timestamp":"2026-02-16 13:31:30"}
{"level":"info","message":"Sending 0 previous messages to user in room anjir","service":"chat-app","timestamp":"2026-02-16 13:31:30"}
{"level":"info","message":"User testing attempting to join room anjir","service":"chat-app","timestamp":"2026-02-16 13:31:31"}
{"level":"info","message":"User testing joined room anjir","service":"chat-app","timestamp":"2026-02-16 13:31:31"}
{"level":"info","message":"Sending 0 previous messages to user in room anjir","service":"chat-app","timestamp":"2026-02-16 13:31:31"}
{"level":"info","message":"User testing attempting to join room anjir","service":"chat-app","timestamp":"2026-02-16 13:31:31"}
{"level":"info","message":"User testing joined room anjir","service":"chat-app","timestamp":"2026-02-16 13:31:31"}
{"level":"info","message":"Sending 0 previous messages to user in room anjir","service":"chat-app","timestamp":"2026-02-16 13:31:31"}
{"level":"info","message":"User testing attempting to join room anjir","service":"chat-app","timestamp":"2026-02-16 13:31:32"}
{"level":"info","message":"User testing joined room anjir","service":"chat-app","timestamp":"2026-02-16 13:31:32"}
{"level":"info","message":"Sending 0 previous messages to user in room anjir","service":"chat-app","timestamp":"2026-02-16 13:31:32"}
{"level":"info","message":"User testing attempting to join room anjir","service":"chat-app","timestamp":"2026-02-16 13:31:32"}
{"level":"info","message":"User testing joined room anjir","service":"chat-app","timestamp":"2026-02-16 13:31:32"}
{"level":"info","message":"Sending 0 previous messages to user in room anjir","service":"chat-app","timestamp":"2026-02-16 13:31:32"}
{"level":"info","message":"User testing attempting to join room evraldi","service":"chat-app","timestamp":"2026-02-16 13:31:33"}
{"level":"info","message":"User testing joined room evraldi","service":"chat-app","timestamp":"2026-02-16 13:31:33"}
{"level":"info","message":"Sending 2 previous messages to user in room evraldi","service":"chat-app","timestamp":"2026-02-16 13:31:33"}
{"level":"info","message":"User testing attempting to join room anjir","service":"chat-app","timestamp":"2026-02-16 13:31:33"}
{"level":"info","message":"User testing joined room anjir","service":"chat-app","timestamp":"2026-02-16 13:31:33"}
{"level":"info","message":"Sending 0 previous messages to user in room anjir","service":"chat-app","timestamp":"2026-02-16 13:31:33"}
{"level":"info","message":"User testing attempting to join room anjir","service":"chat-app","timestamp":"2026-02-16 13:31:34"}
{"level":"info","message":"User testing joined room anjir","service":"chat-app","timestamp":"2026-02-16 13:31:34"}
{"level":"info","message":"Sending 0 previous messages to user in room anjir","service":"chat-app","timestamp":"2026-02-16 13:31:34"}
{"level":"info","message":"User testing attempting to join room adadad","service":"chat-app","timestamp":"2026-02-16 13:31:35"}
{"level":"info","message":"User testing joined room adadad","service":"chat-app","timestamp":"2026-02-16 13:31:35"}
{"level":"info","message":"Sending 1 previous messages to user in room adadad","service":"chat-app","timestamp":"2026-02-16 13:31:35"}
{"level":"info","message":"User testing attempting to join room anjir","service":"chat-app","timestamp":"2026-02-16 13:31:35"}
{"level":"info","message":"User testing joined room anjir","service":"chat-app","timestamp":"2026-02-16 13:31:35"}
{"level":"info","message":"Sending 0 previous messages to user in room anjir","service":"chat-app","timestamp":"2026-02-16 13:31:35"}
{"level":"info","message":"User testing attempting to join room adadad","service":"chat-app","timestamp":"2026-02-16 13:31:36"}
{"level":"info","message":"User testing joined room adadad","service":"chat-app","timestamp":"2026-02-16 13:31:36"}
{"level":"info","message":"Sending 1 previous messages to user in room adadad","service":"chat-app","timestamp":"2026-02-16 13:31:36"}
{"level":"info","message":"User testing attempting to join room anjir","service":"chat-app","timestamp":"2026-02-16 13:31:37"}
{"level":"info","message":"User testing joined room anjir","service":"chat-app","timestamp":"2026-02-16 13:31:37"}
{"level":"info","message":"Sending 0 previous messages to user in room anjir","service":"chat-app","timestamp":"2026-02-16 13:31:37"}
{"level":"info","message":"User testing attempting to join room anjir","service":"chat-app","timestamp":"2026-02-16 13:31:37"}
{"level":"info","message":"User testing joined room anjir","service":"chat-app","timestamp":"2026-02-16 13:31:37"}
{"level":"info","message":"Sending 0 previous messages to user in room anjir","service":"chat-app","timestamp":"2026-02-16 13:31:37"}
{"level":"info","message":"User testing attempting to join room anjir","service":"chat-app","timestamp":"2026-02-16 13:31:37"}
{"level":"info","message":"User testing joined room anjir","service":"chat-app","timestamp":"2026-02-16 13:31:37"}
{"level":"info","message":"Sending 0 previous messages to user in room anjir","service":"chat-app","timestamp":"2026-02-16 13:31:37"}
{"level":"info","message":"User testing attempting to join room anjir","service":"chat-app","timestamp":"2026-02-16 13:31:37"}
{"level":"info","message":"User testing joined room anjir","service":"chat-app","timestamp":"2026-02-16 13:31:37"}
{"level":"info","message":"Sending 0 previous messages to user in room anjir","service":"chat-app","timestamp":"2026-02-16 13:31:37"}
{"level":"info","message":"User testing attempting to join room anjir","service":"chat-app","timestamp":"2026-02-16 13:31:37"}
{"level":"info","message":"User testing joined room anjir","service":"chat-app","timestamp":"2026-02-16 13:31:37"}
{"level":"info","message":"Sending 0 previous messages to user in room anjir","service":"chat-app","timestamp":"2026-02-16 13:31:37"}
{"level":"info","message":"User testing attempting to join room anjir","service":"chat-app","timestamp":"2026-02-16 13:31:38"}
{"level":"info","message":"User testing joined room anjir","service":"chat-app","timestamp":"2026-02-16 13:31:38"}
{"level":"info","message":"Sending 0 previous messages to user in room anjir","service":"chat-app","timestamp":"2026-02-16 13:31:38"}
{"level":"info","message":"User testing attempting to join room anjir","service":"chat-app","timestamp":"2026-02-16 13:31:38"}
{"level":"info","message":"User testing joined room anjir","service":"chat-app","timestamp":"2026-02-16 13:31:38"}
{"level":"info","message":"Sending 0 previous messages to user in room anjir","service":"chat-app","timestamp":"2026-02-16 13:31:38"}
{"level":"info","message":"User testing attempting to join room anjir","service":"chat-app","timestamp":"2026-02-16 13:31:38"}
{"level":"info","message":"User testing joined room anjir","service":"chat-app","timestamp":"2026-02-16 13:31:38"}
{"level":"info","message":"Sending 0 previous messages to user in room anjir","service":"chat-app","timestamp":"2026-02-16 13:31:38"}
{"level":"info","message":"User logged in: 6992b479e1124da002c838dd","service":"chat-app","timestamp":"2026-02-16 13:32:39","username":"evraldi"}
{"level":"info","message":"User connected","service":"chat-app","socketId":"JsAUrqJSwxmZ7g_bAAAo","timestamp":"2026-02-16 13:32:39"}
{"level":"info","message":"User evraldi attempting to join room anjir","service":"chat-app","timestamp":"2026-02-16 13:32:42"}
{"level":"info","message":"User evraldi joined room anjir","service":"chat-app","timestamp":"2026-02-16 13:32:42"}
{"level":"info","message":"Sending 0 previous messages to user in room anjir","service":"chat-app","timestamp":"2026-02-16 13:32:42"}
{"level":"info","message":"User evraldi attempting to join room adadad","service":"chat-app","timestamp":"2026-02-16 13:32:44"}
{"level":"info","message":"User evraldi joined room adadad","service":"chat-app","timestamp":"2026-02-16 13:32:44"}
{"level":"info","message":"Sending 1 previous messages to user in room adadad","service":"chat-app","timestamp":"2026-02-16 13:32:44"}
{"level":"info","message":"User evraldi attempting to join room lemes jirrr","service":"chat-app","timestamp":"2026-02-16 13:32:47"}
{"level":"info","message":"User evraldi joined room lemes jirrr","service":"chat-app","timestamp":"2026-02-16 13:32:47"}
{"level":"info","message":"Sending 1 previous messages to user in room lemes jirrr","service":"chat-app","timestamp":"2026-02-16 13:32:47"}
{"level":"info","message":"User evraldi attempting to join room anjir","service":"chat-app","timestamp":"2026-02-16 13:32:48"}
{"level":"info","message":"User evraldi joined room anjir","service":"chat-app","timestamp":"2026-02-16 13:32:48"}
{"level":"info","message":"Sending 0 previous messages to user in room anjir","service":"chat-app","timestamp":"2026-02-16 13:32:48"}
{"level":"info","message":"User evraldi attempting to join room evraldi","service":"chat-app","timestamp":"2026-02-16 13:32:48"}
{"level":"info","message":"User evraldi joined room evraldi","service":"chat-app","timestamp":"2026-02-16 13:32:48"}
{"level":"info","message":"Sending 2 previous messages to user in room evraldi","service":"chat-app","timestamp":"2026-02-16 13:32:48"}
{"level":"info","message":"User evraldi attempting to join room anjir","service":"chat-app","timestamp":"2026-02-16 13:33:41"}
{"level":"info","message":"User evraldi joined room anjir","service":"chat-app","timestamp":"2026-02-16 13:33:41"}
{"level":"info","message":"Sending 0 previous messages to user in room anjir","service":"chat-app","timestamp":"2026-02-16 13:33:41"}
{"level":"info","message":"User disconnected","reason":"transport close","service":"chat-app","socketId":"DN2Fb8lZYwxaSbXCAAAm","timestamp":"2026-02-16 13:33:43"}
{"level":"info","message":"User connected","service":"chat-app","socketId":"qkHCd_S11rhcVK4bAAAq","timestamp":"2026-02-16 13:33:43"}
{"level":"info","message":"User testing attempting to join room anjir","service":"chat-app","timestamp":"2026-02-16 13:33:47"}
{"level":"info","message":"User testing joined room anjir","service":"chat-app","timestamp":"2026-02-16 13:33:47"}
{"level":"info","message":"Sending 0 previous messages to user in room anjir","service":"chat-app","timestamp":"2026-02-16 13:33:47"}
{"level":"info","message":"User disconnected","reason":"transport close","service":"chat-app","socketId":"qkHCd_S11rhcVK4bAAAq","timestamp":"2026-02-16 13:33:52"}
{"level":"info","message":"User connected","service":"chat-app","socketId":"_CgbxESsrLX-28a-AAAs","timestamp":"2026-02-16 13:33:52"}
{"level":"info","message":"User testing attempting to join room anjir","service":"chat-app","timestamp":"2026-02-16 13:33:53"}
{"level":"info","message":"User testing joined room anjir","service":"chat-app","timestamp":"2026-02-16 13:33:53"}
{"level":"info","message":"Sending 0 previous messages to user in room anjir","service":"chat-app","timestamp":"2026-02-16 13:33:53"}
{"level":"info","message":"Received sendMessage event","room":"anjir","service":"chat-app","timestamp":"2026-02-16 13:33:59","username":"testing"}
{"id":"6992ba57e1124da002c83a00","level":"info","message":"Message saved","room":"anjir","service":"chat-app","timestamp":"2026-02-16 13:33:59"}
{"level":"info","message":"Received sendMessage event","room":"anjir","service":"chat-app","timestamp":"2026-02-16 13:34:03","username":"evraldi"}
{"id":"6992ba5be1124da002c83a02","level":"info","message":"Message saved","room":"anjir","service":"chat-app","timestamp":"2026-02-16 13:34:03"}
{"level":"info","message":"User disconnected","reason":"client namespace disconnect","service":"chat-app","socketId":"_CgbxESsrLX-28a-AAAs","timestamp":"2026-02-16 13:38:11"}
{"level":"info","message":"User disconnected","reason":"client namespace disconnect","service":"chat-app","socketId":"JsAUrqJSwxmZ7g_bAAAo","timestamp":"2026-02-16 13:38:11"}
{"level":"info","message":"User connected","service":"chat-app","socketId":"VWww37SBITpoGpRVAAAw","timestamp":"2026-02-16 13:38:11"}
{"level":"info","message":"User connected","service":"chat-app","socketId":"5tcbQ51nyGkExghFAAAy","timestamp":"2026-02-16 13:38:12"}
{"level":"info","message":"User disconnected","reason":"transport close","service":"chat-app","socketId":"5tcbQ51nyGkExghFAAAy","timestamp":"2026-02-16 13:40:27"}
{"level":"info","message":"User connected","service":"chat-app","socketId":"CiYY7PiVdl2fkXnrAAA0","timestamp":"2026-02-16 13:40:28"}
{"level":"info","message":"User disconnected","reason":"transport close","service":"chat-app","socketId":"CiYY7PiVdl2fkXnrAAA0","timestamp":"2026-02-16 13:41:39"}
{"level":"info","message":"User connected","service":"chat-app","socketId":"uVKKJmFLqH9GrT1nAAA3","timestamp":"2026-02-16 13:41:39"}
{"level":"info","message":"User disconnected","reason":"transport close","service":"chat-app","socketId":"uVKKJmFLqH9GrT1nAAA3","timestamp":"2026-02-16 13:41:39"}
{"level":"info","message":"User disconnected","reason":"client namespace disconnect","service":"chat-app","socketId":"VWww37SBITpoGpRVAAAw","timestamp":"2026-02-16 13:42:06"}
{"level":"info","message":"User connected","service":"chat-app","socketId":"ZEEfPw2QpqrfimS2AAA5","timestamp":"2026-02-16 13:42:06"}
{"level":"info","message":"User logged in: 6992b78de1124da002c838fa","service":"chat-app","timestamp":"2026-02-16 13:42:16","username":"anjay"}
{"level":"info","message":"User connected","service":"chat-app","socketId":"ryWZeeRn55nfkBuQAAA7","timestamp":"2026-02-16 13:42:16"}
{"level":"info","message":"User anjay attempting to join room anjir","service":"chat-app","timestamp":"2026-02-16 13:42:17"}
{"level":"info","message":"User anjay joined room anjir","service":"chat-app","timestamp":"2026-02-16 13:42:17"}
{"level":"info","message":"Sending 2 previous messages to user in room anjir","service":"chat-app","timestamp":"2026-02-16 13:42:17"}
{"level":"info","message":"User anjay attempting to join room evraldi","service":"chat-app","timestamp":"2026-02-16 13:42:18"}
{"level":"info","message":"User anjay joined room evraldi","service":"chat-app","timestamp":"2026-02-16 13:42:18"}
{"level":"info","message":"Sending 2 previous messages to user in room evraldi","service":"chat-app","timestamp":"2026-02-16 13:42:18"}
{"level":"info","message":"User anjay attempting to join room anjir","service":"chat-app","timestamp":"2026-02-16 13:42:19"}
{"level":"info","message":"User anjay joined room anjir","service":"chat-app","timestamp":"2026-02-16 13:42:19"}
{"level":"info","message":"Sending 2 previous messages to user in room anjir","service":"chat-app","timestamp":"2026-02-16 13:42:19"}
{"level":"info","message":"User anjay attempting to join room adadad","service":"chat-app","timestamp":"2026-02-16 13:42:19"}
{"level":"info","message":"User anjay joined room adadad","service":"chat-app","timestamp":"2026-02-16 13:42:19"}
{"level":"info","message":"Sending 1 previous messages to user in room adadad","service":"chat-app","timestamp":"2026-02-16 13:42:19"}
{"level":"info","message":"User anjay attempting to join room lemes jirrr","service":"chat-app","timestamp":"2026-02-16 13:42:20"}
{"level":"info","message":"User anjay joined room lemes jirrr","service":"chat-app","timestamp":"2026-02-16 13:42:20"}
{"level":"info","message":"Sending 1 previous messages to user in room lemes jirrr","service":"chat-app","timestamp":"2026-02-16 13:42:20"}
{"level":"info","message":"User anjay attempting to join room adadad","service":"chat-app","timestamp":"2026-02-16 13:42:21"}
{"level":"info","message":"User anjay joined room adadad","service":"chat-app","timestamp":"2026-02-16 13:42:21"}
{"level":"info","message":"Sending 1 previous messages to user in room adadad","service":"chat-app","timestamp":"2026-02-16 13:42:21"}
{"level":"info","message":"User anjay attempting to join room anjir","service":"chat-app","timestamp":"2026-02-16 13:42:21"}
{"level":"info","message":"User anjay joined room anjir","service":"chat-app","timestamp":"2026-02-16 13:42:21"}
{"level":"info","message":"Sending 2 previous messages to user in room anjir","service":"chat-app","timestamp":"2026-02-16 13:42:21"}
{"level":"info","message":"User anjay attempting to join room evraldi","service":"chat-app","timestamp":"2026-02-16 13:42:22"}
{"level":"info","message":"User anjay joined room evraldi","service":"chat-app","timestamp":"2026-02-16 13:42:22"}
{"level":"info","message":"Sending 2 previous messages to user in room evraldi","service":"chat-app","timestamp":"2026-02-16 13:42:22"}
{"level":"info","message":"User anjay attempting to join room anjir","service":"chat-app","timestamp":"2026-02-16 13:42:22"}
{"level":"info","message":"User anjay joined room anjir","service":"chat-app","timestamp":"2026-02-16 13:42:22"}
{"level":"info","message":"Sending 2 previous messages to user in room anjir","service":"chat-app","timestamp":"2026-02-16 13:42:22"}
{"level":"info","message":"User anjay attempting to join room adadad","service":"chat-app","timestamp":"2026-02-16 13:42:23"}
{"level":"info","message":"User anjay joined room adadad","service":"chat-app","timestamp":"2026-02-16 13:42:23"}
{"level":"info","message":"Sending 1 previous messages to user in room adadad","service":"chat-app","timestamp":"2026-02-16 13:42:23"}
{"level":"info","message":"User anjay attempting to join room lemes jirrr","service":"chat-app","timestamp":"2026-02-16 13:42:23"}
{"level":"info","message":"User anjay joined room lemes jirrr","service":"chat-app","timestamp":"2026-02-16 13:42:23"}
{"level":"info","message":"Sending 1 previous messages to user in room lemes jirrr","service":"chat-app","timestamp":"2026-02-16 13:42:23"}
{"level":"info","message":"User anjay attempting to join room adadad","service":"chat-app","timestamp":"2026-02-16 13:42:25"}
{"level":"info","message":"User anjay joined room adadad","service":"chat-app","timestamp":"2026-02-16 13:42:25"}
{"level":"info","message":"Sending 1 previous messages to user in room adadad","service":"chat-app","timestamp":"2026-02-16 13:42:25"}
{"level":"info","message":"User anjay attempting to join room anjir","service":"chat-app","timestamp":"2026-02-16 13:42:25"}
{"level":"info","message":"User anjay joined room anjir","service":"chat-app","timestamp":"2026-02-16 13:42:25"}
{"level":"info","message":"Sending 2 previous messages to user in room anjir","service":"chat-app","timestamp":"2026-02-16 13:42:25"}
{"level":"info","message":"User anjay attempting to join room evraldi","service":"chat-app","timestamp":"2026-02-16 13:42:25"}
{"level":"info","message":"User anjay joined room evraldi","service":"chat-app","timestamp":"2026-02-16 13:42:25"}
{"level":"info","message":"Sending 2 previous messages to user in room evraldi","service":"chat-app","timestamp":"2026-02-16 13:42:25"}
{"level":"info","message":"User anjay attempting to join room anjir","service":"chat-app","timestamp":"2026-02-16 13:42:27"}
{"level":"info","message":"User anjay joined room anjir","service":"chat-app","timestamp":"2026-02-16 13:42:27"}
{"level":"info","message":"Sending 2 previous messages to user in room anjir","service":"chat-app","timestamp":"2026-02-16 13:42:27"}
{"level":"info","message":"User anjay attempting to join room adadad","service":"chat-app","timestamp":"2026-02-16 13:42:27"}
{"level":"info","message":"User anjay joined room adadad","service":"chat-app","timestamp":"2026-02-16 13:42:27"}
{"level":"info","message":"Sending 1 previous messages to user in room adadad","service":"chat-app","timestamp":"2026-02-16 13:42:27"}
{"level":"info","message":"User anjay attempting to join room lemes jirrr","service":"chat-app","timestamp":"2026-02-16 13:42:28"}
{"level":"info","message":"User anjay joined room lemes jirrr","service":"chat-app","timestamp":"2026-02-16 13:42:28"}
{"level":"info","message":"Sending 1 previous messages to user in room lemes jirrr","service":"chat-app","timestamp":"2026-02-16 13:42:28"}
{"level":"info","message":"User disconnected","reason":"transport close","service":"chat-app","socketId":"ryWZeeRn55nfkBuQAAA7","timestamp":"2026-02-16 13:42:32"}
{"level":"info","message":"User connected","service":"chat-app","socketId":"5dbefRgc8BbzHVrVAAA9","timestamp":"2026-02-16 13:42:33"}
{"level":"info","message":"User disconnected","reason":"transport close","service":"chat-app","socketId":"5dbefRgc8BbzHVrVAAA9","timestamp":"2026-02-16 13:42:35"}
{"level":"info","message":"User connected","service":"chat-app","socketId":"udX3Mi5rDvXVFhgoAAA_","timestamp":"2026-02-16 13:42:36"}
{"level":"info","message":"User anjay attempting to join room adadad","service":"chat-app","timestamp":"2026-02-16 13:42:42"}
{"level":"info","message":"User anjay joined room adadad","service":"chat-app","timestamp":"2026-02-16 13:42:42"}
{"level":"info","message":"Sending 1 previous messages to user in room adadad","service":"chat-app","timestamp":"2026-02-16 13:42:42"}
{"level":"info","message":"User disconnected","reason":"transport close","service":"chat-app","socketId":"udX3Mi5rDvXVFhgoAAA_","timestamp":"2026-02-16 13:42:44"}
{"level":"info","message":"User connected","service":"chat-app","socketId":"jFie9JFL_56wD6EdAABB","timestamp":"2026-02-16 13:42:44"}
{"level":"info","message":"User disconnected","reason":"transport close","service":"chat-app","socketId":"jFie9JFL_56wD6EdAABB","timestamp":"2026-02-16 13:42:48"}
{"level":"info","message":"User connected","service":"chat-app","socketId":"OXO2uLeF4RxdOsIyAABD","timestamp":"2026-02-16 13:42:49"}
{"level":"info","message":"User disconnected","reason":"transport close","service":"chat-app","socketId":"OXO2uLeF4RxdOsIyAABD","timestamp":"2026-02-16 13:42:50"}
{"level":"info","message":"User connected","service":"chat-app","socketId":"f4khU-vN_LO2TR_dAABG","timestamp":"2026-02-16 13:42:51"}
{"level":"info","message":"User disconnected","reason":"transport close","service":"chat-app","socketId":"f4khU-vN_LO2TR_dAABG","timestamp":"2026-02-16 13:42:53"}
{"level":"info","message":"User connected","service":"chat-app","socketId":"YMK1omaZgWd7Og_jAABI","timestamp":"2026-02-16 13:42:54"}
{"level":"info","message":"User anjay attempting to join room evraldi","service":"chat-app","timestamp":"2026-02-16 13:42:55"}
{"level":"info","message":"User anjay joined room evraldi","service":"chat-app","timestamp":"2026-02-16 13:42:55"}
{"level":"info","message":"Sending 2 previous messages to user in room evraldi","service":"chat-app","timestamp":"2026-02-16 13:42:55"}
{"level":"info","message":"User disconnected","reason":"transport close","service":"chat-app","socketId":"ZEEfPw2QpqrfimS2AAA5","timestamp":"2026-02-16 13:43:00"}
{"level":"info","message":"User connected","service":"chat-app","socketId":"JZjLnJofLpsD4-usAABL","timestamp":"2026-02-16 13:43:01"}
{"level":"info","message":"User evraldi attempting to join room evraldi","service":"chat-app","timestamp":"2026-02-16 13:43:02"}
{"level":"info","message":"User evraldi joined room evraldi","service":"chat-app","timestamp":"2026-02-16 13:43:02"}
{"level":"info","message":"Sending 2 previous messages to user in room evraldi","service":"chat-app","timestamp":"2026-02-16 13:43:02"}
{"level":"info","message":"User evraldi attempting to join room adadad","service":"chat-app","timestamp":"2026-02-16 13:43:13"}
{"level":"info","message":"User evraldi joined room adadad","service":"chat-app","timestamp":"2026-02-16 13:43:13"}
{"level":"info","message":"Sending 1 previous messages to user in room adadad","service":"chat-app","timestamp":"2026-02-16 13:43:13"}
{"level":"info","message":"User evraldi attempting to join room anjir","service":"chat-app","timestamp":"2026-02-16 13:43:13"}
{"level":"info","message":"User evraldi joined room anjir","service":"chat-app","timestamp":"2026-02-16 13:43:13"}
{"level":"info","message":"Sending 2 previous messages to user in room anjir","service":"chat-app","timestamp":"2026-02-16 13:43:13"}
{"level":"info","message":"User evraldi attempting to join room evraldi","service":"chat-app","timestamp":"2026-02-16 13:43:14"}
{"level":"info","message":"User evraldi joined room evraldi","service":"chat-app","timestamp":"2026-02-16 13:43:14"}
{"level":"info","message":"Sending 2 previous messages to user in room evraldi","service":"chat-app","timestamp":"2026-02-16 13:43:14"}
{"level":"info","message":"User evraldi attempting to join room anjir","service":"chat-app","timestamp":"2026-02-16 13:43:15"}
{"level":"info","message":"User evraldi joined room anjir","service":"chat-app","timestamp":"2026-02-16 13:43:15"}
{"level":"info","message":"Sending 2 previous messages to user in room anjir","service":"chat-app","timestamp":"2026-02-16 13:43:15"}
{"level":"info","message":"User evraldi attempting to join room adadad","service":"chat-app","timestamp":"2026-02-16 13:43:16"}
{"level":"info","message":"User evraldi joined room adadad","service":"chat-app","timestamp":"2026-02-16 13:43:16"}
{"level":"info","message":"Sending 1 previous messages to user in room adadad","service":"chat-app","timestamp":"2026-02-16 13:43:16"}
{"level":"info","message":"User evraldi attempting to join room lemes jirrr","service":"chat-app","timestamp":"2026-02-16 13:43:16"}
{"level":"info","message":"User evraldi joined room lemes jirrr","service":"chat-app","timestamp":"2026-02-16 13:43:16"}
{"level":"info","message":"Sending 1 previous messages to user in room lemes jirrr","service":"chat-app","timestamp":"2026-02-16 13:43:16"}
{"level":"info","message":"User evraldi attempting to join room evraldi","service":"chat-app","timestamp":"2026-02-16 13:43:17"}
{"level":"info","message":"User evraldi joined room evraldi","service":"chat-app","timestamp":"2026-02-16 13:43:17"}
{"level":"info","message":"Sending 2 previous messages to user in room evraldi","service":"chat-app","timestamp":"2026-02-16 13:43:17"}
{"level":"info","message":"User evraldi attempting to join room anjir","service":"chat-app","timestamp":"2026-02-16 13:43:18"}
{"level":"info","message":"User evraldi joined room anjir","service":"chat-app","timestamp":"2026-02-16 13:43:18"}
{"level":"info","message":"Sending 2 previous messages to user in room anjir","service":"chat-app","timestamp":"2026-02-16 13:43:18"}
{"level":"info","message":"User evraldi attempting to join room evraldi","service":"chat-app","timestamp":"2026-02-16 13:43:18"}
{"level":"info","message":"User evraldi joined room evraldi","service":"chat-app","timestamp":"2026-02-16 13:43:18"}
{"level":"info","message":"Sending 2 previous messages to user in room evraldi","service":"chat-app","timestamp":"2026-02-16 13:43:18"}
{"level":"info","message":"User evraldi attempting to join room anjir","service":"chat-app","timestamp":"2026-02-16 13:43:19"}
{"level":"info","message":"User evraldi joined room anjir","service":"chat-app","timestamp":"2026-02-16 13:43:19"}
{"level":"info","message":"Sending 2 previous messages to user in room anjir","service":"chat-app","timestamp":"2026-02-16 13:43:19"}
{"level":"info","message":"User evraldi attempting to join room evraldi","service":"chat-app","timestamp":"2026-02-16 13:43:19"}
{"level":"info","message":"User evraldi joined room evraldi","service":"chat-app","timestamp":"2026-02-16 13:43:19"}
{"level":"info","message":"Sending 2 previous messages to user in room evraldi","service":"chat-app","timestamp":"2026-02-16 13:43:19"}
{"level":"info","message":"User evraldi attempting to join room anjir","service":"chat-app","timestamp":"2026-02-16 13:43:21"}
{"level":"info","message":"User evraldi joined room anjir","service":"chat-app","timestamp":"2026-02-16 13:43:21"}
{"level":"info","message":"Sending 2 previous messages to user in room anjir","service":"chat-app","timestamp":"2026-02-16 13:43:21"}
{"level":"info","message":"User evraldi attempting to join room evraldi","service":"chat-app","timestamp":"2026-02-16 13:43:22"}
{"level":"info","message":"User evraldi joined room evraldi","service":"chat-app","timestamp":"2026-02-16 13:43:22"}
{"level":"info","message":"Sending 2 previous messages to user in room evraldi","service":"chat-app","timestamp":"2026-02-16 13:43:22"}
{"level":"info","message":"User evraldi attempting to join room anjir","service":"chat-app","timestamp":"2026-02-16 13:43:22"}
{"level":"info","message":"User evraldi joined room anjir","service":"chat-app","timestamp":"2026-02-16 13:43:22"}
{"level":"info","message":"Sending 2 previous messages to user in room anjir","service":"chat-app","timestamp":"2026-02-16 13:43:22"}
{"level":"info","message":"User evraldi attempting to join room evraldi","service":"chat-app","timestamp":"2026-02-16 13:43:23"}
{"level":"info","message":"User evraldi joined room evraldi","service":"chat-app","timestamp":"2026-02-16 13:43:23"}
{"level":"info","message":"Sending 2 previous messages to user in room evraldi","service":"chat-app","timestamp":"2026-02-16 13:43:23"}
{"level":"info","message":"User anjay attempting to join room anjir","service":"chat-app","timestamp":"2026-02-16 13:44:30"}
{"level":"info","message":"User anjay joined room anjir","service":"chat-app","timestamp":"2026-02-16 13:44:30"}
{"level":"info","message":"Sending 2 previous messages to user in room anjir","service":"chat-app","timestamp":"2026-02-16 13:44:30"}
{"level":"info","message":"User anjay attempting to join room evraldi","service":"chat-app","timestamp":"2026-02-16 13:44:31"}
{"level":"info","message":"User anjay joined room evraldi","service":"chat-app","timestamp":"2026-02-16 13:44:31"}
{"level":"info","message":"Sending 2 previous messages to user in room evraldi","service":"chat-app","timestamp":"2026-02-16 13:44:31"}
{"level":"info","message":"User anjay attempting to join room anjir","service":"chat-app","timestamp":"2026-02-16 13:44:32"}
{"level":"info","message":"User anjay joined room anjir","service":"chat-app","timestamp":"2026-02-16 13:44:32"}
{"level":"info","message":"Sending 2 previous messages to user in room anjir","service":"chat-app","timestamp":"2026-02-16 13:44:32"}
{"level":"info","message":"User anjay attempting to join room evraldi","service":"chat-app","timestamp":"2026-02-16 13:44:32"}
{"level":"info","message":"User anjay joined room evraldi","service":"chat-app","timestamp":"2026-02-16 13:44:32"}
{"level":"info","message":"Sending 2 previous messages to user in room evraldi","service":"chat-app","timestamp":"2026-02-16 13:44:32"}
{"level":"info","message":"User anjay attempting to join room anjir","service":"chat-app","timestamp":"2026-02-16 13:44:34"}
{"level":"info","message":"User anjay joined room anjir","service":"chat-app","timestamp":"2026-02-16 13:44:34"}
{"level":"info","message":"Sending 2 previous messages to user in room anjir","service":"chat-app","timestamp":"2026-02-16 13:44:34"}
{"level":"info","message":"User anjay attempting to join room adadad","service":"chat-app","timestamp":"2026-02-16 13:44:34"}
{"level":"info","message":"User anjay joined room adadad","service":"chat-app","timestamp":"2026-02-16 13:44:34"}
{"level":"info","message":"Sending 1 previous messages to user in room adadad","service":"chat-app","timestamp":"2026-02-16 13:44:34"}
{"level":"info","message":"User anjay attempting to join room lemes jirrr","service":"chat-app","timestamp":"2026-02-16 13:44:35"}
{"level":"info","message":"User anjay joined room lemes jirrr","service":"chat-app","timestamp":"2026-02-16 13:44:35"}
{"level":"info","message":"Sending 1 previous messages to user in room lemes jirrr","service":"chat-app","timestamp":"2026-02-16 13:44:35"}
{"level":"info","message":"User anjay attempting to join room evraldi","service":"chat-app","timestamp":"2026-02-16 13:44:36"}
{"level":"info","message":"User anjay joined room evraldi","service":"chat-app","timestamp":"2026-02-16 13:44:36"}
{"level":"info","message":"Sending 2 previous messages to user in room evraldi","service":"chat-app","timestamp":"2026-02-16 13:44:36"}
{"level":"info","message":"User anjay attempting to join room anjir","service":"chat-app","timestamp":"2026-02-16 13:44:36"}
{"level":"info","message":"User anjay joined room anjir","service":"chat-app","timestamp":"2026-02-16 13:44:36"}
{"level":"info","message":"Sending 2 previous messages to user in room anjir","service":"chat-app","timestamp":"2026-02-16 13:44:36"}
{"level":"info","message":"User anjay attempting to join room adadad","service":"chat-app","timestamp":"2026-02-16 13:44:36"}
{"level":"info","message":"User anjay joined room adadad","service":"chat-app","timestamp":"2026-02-16 13:44:36"}
{"level":"info","message":"Sending 1 previous messages to user in room adadad","service":"chat-app","timestamp":"2026-02-16 13:44:36"}
{"level":"info","message":"User anjay attempting to join room lemes jirrr","service":"chat-app","timestamp":"2026-02-16 13:44:37"}
{"level":"info","message":"User anjay joined room lemes jirrr","service":"chat-app","timestamp":"2026-02-16 13:44:37"}
{"level":"info","message":"Sending 1 previous messages to user in room lemes jirrr","service":"chat-app","timestamp":"2026-02-16 13:44:37"}
{"level":"info","message":"User anjay attempting to join room evraldi","service":"chat-app","timestamp":"2026-02-16 13:44:37"}
{"level":"info","message":"User anjay joined room evraldi","service":"chat-app","timestamp":"2026-02-16 13:44:37"}
{"level":"info","message":"Sending 2 previous messages to user in room evraldi","service":"chat-app","timestamp":"2026-02-16 13:44:37"}
{"level":"info","message":"User disconnected","reason":"transport close","service":"chat-app","socketId":"YMK1omaZgWd7Og_jAABI","timestamp":"2026-02-16 13:47:11"}
{"level":"info","message":"User connected","service":"chat-app","socketId":"cdvJeancW87J89aTAABO","timestamp":"2026-02-16 13:47:11"}
{"level":"info","message":"User disconnected","reason":"transport close","service":"chat-app","socketId":"cdvJeancW87J89aTAABO","timestamp":"2026-02-16 13:48:12"}
{"level":"info","message":"User connected","service":"chat-app","socketId":"nlgAvAoRT4czVvdXAABQ","timestamp":"2026-02-16 13:48:13"}
{"level":"info","message":"User anjay attempting to join room evraldi","service":"chat-app","timestamp":"2026-02-16 13:49:17"}
{"level":"info","message":"User anjay joined room evraldi","service":"chat-app","timestamp":"2026-02-16 13:49:17"}
{"level":"info","message":"Sending 2 previous messages to user in room evraldi","service":"chat-app","timestamp":"2026-02-16 13:49:17"}
{"level":"info","message":"User anjay attempting to join room anjir","service":"chat-app","timestamp":"2026-02-16 13:49:44"}
{"level":"info","message":"User anjay joined room anjir","service":"chat-app","timestamp":"2026-02-16 13:49:44"}
{"level":"info","message":"Sending 2 previous messages to user in room anjir","service":"chat-app","timestamp":"2026-02-16 13:49:44"}
{"level":"info","message":"User anjay attempting to join room lemes jirrr","service":"chat-app","timestamp":"2026-02-16 13:49:44"}
{"level":"info","message":"User anjay joined room lemes jirrr","service":"chat-app","timestamp":"2026-02-16 13:49:44"}
{"level":"info","message":"Sending 1 previous messages to user in room lemes jirrr","service":"chat-app","timestamp":"2026-02-16 13:49:44"}
{"level":"info","message":"User anjay attempting to join room adadad","service":"chat-app","timestamp":"2026-02-16 13:49:45"}
{"level":"info","message":"User anjay joined room adadad","service":"chat-app","timestamp":"2026-02-16 13:49:45"}
{"level":"info","message":"Sending 1 previous messages to user in room adadad","service":"chat-app","timestamp":"2026-02-16 13:49:45"}
{"level":"info","message":"User anjay attempting to join room lemes jirrr","service":"chat-app","timestamp":"2026-02-16 13:49:45"}
{"level":"info","message":"User anjay joined room lemes jirrr","service":"chat-app","timestamp":"2026-02-16 13:49:45"}
{"level":"info","message":"Sending 1 previous messages to user in room lemes jirrr","service":"chat-app","timestamp":"2026-02-16 13:49:45"}
{"level":"info","message":"User anjay attempting to join room adadad","service":"chat-app","timestamp":"2026-02-16 13:49:46"}
{"level":"info","message":"User anjay joined room adadad","service":"chat-app","timestamp":"2026-02-16 13:49:46"}
{"level":"info","message":"Sending 1 previous messages to user in room adadad","service":"chat-app","timestamp":"2026-02-16 13:49:46"}
{"level":"info","message":"User anjay attempting to join room anjir","service":"chat-app","timestamp":"2026-02-16 13:49:46"}
{"level":"info","message":"User anjay joined room anjir","service":"chat-app","timestamp":"2026-02-16 13:49:46"}
{"level":"info","message":"Sending 2 previous messages to user in room anjir","service":"chat-app","timestamp":"2026-02-16 13:49:46"}
{"level":"info","message":"User anjay attempting to join room evraldi","service":"chat-app","timestamp":"2026-02-16 13:49:47"}
{"level":"info","message":"User anjay joined room evraldi","service":"chat-app","timestamp":"2026-02-16 13:49:47"}
{"level":"info","message":"Sending 2 previous messages to user in room evraldi","service":"chat-app","timestamp":"2026-02-16 13:49:47"}
{"level":"info","message":"User anjay attempting to join room lemes jirrr","service":"chat-app","timestamp":"2026-02-16 13:49:48"}
{"level":"info","message":"User anjay joined room lemes jirrr","service":"chat-app","timestamp":"2026-02-16 13:49:48"}
{"level":"info","message":"Sending 1 previous messages to user in room lemes jirrr","service":"chat-app","timestamp":"2026-02-16 13:49:48"}
{"level":"info","message":"User anjay attempting to join room adadad","service":"chat-app","timestamp":"2026-02-16 13:49:48"}
{"level":"info","message":"User anjay joined room adadad","service":"chat-app","timestamp":"2026-02-16 13:49:48"}
{"level":"info","message":"Sending 1 previous messages to user in room adadad","service":"chat-app","timestamp":"2026-02-16 13:49:48"}
{"level":"info","message":"User anjay attempting to join room anjir","service":"chat-app","timestamp":"2026-02-16 13:49:48"}
{"level":"info","message":"User anjay joined room anjir","service":"chat-app","timestamp":"2026-02-16 13:49:48"}
{"level":"info","message":"Sending 2 previous messages to user in room anjir","service":"chat-app","timestamp":"2026-02-16 13:49:48"}
{"level":"info","message":"User anjay attempting to join room evraldi","service":"chat-app","timestamp":"2026-02-16 13:49:50"}
{"level":"info","message":"User anjay joined room evraldi","service":"chat-app","timestamp":"2026-02-16 13:49:50"}
{"level":"info","message":"Sending 2 previous messages to user in room evraldi","service":"chat-app","timestamp":"2026-02-16 13:49:50"}
{"level":"info","message":"User anjay attempting to join room anjir","service":"chat-app","timestamp":"2026-02-16 13:49:50"}
{"level":"info","message":"User anjay joined room anjir","service":"chat-app","timestamp":"2026-02-16 13:49:50"}
{"level":"info","message":"Sending 2 previous messages to user in room anjir","service":"chat-app","timestamp":"2026-02-16 13:49:50"}
{"level":"info","message":"User anjay attempting to join room evraldi","service":"chat-app","timestamp":"2026-02-16 13:49:50"}
{"level":"info","message":"User anjay joined room evraldi","service":"chat-app","timestamp":"2026-02-16 13:49:50"}
{"level":"info","message":"Sending 2 previous messages to user in room evraldi","service":"chat-app","timestamp":"2026-02-16 13:49:50"}
{"level":"info","message":"User anjay attempting to join room anjir","service":"chat-app","timestamp":"2026-02-16 13:49:50"}
{"level":"info","message":"User anjay joined room anjir","service":"chat-app","timestamp":"2026-02-16 13:49:50"}
{"level":"info","message":"Sending 2 previous messages to user in room anjir","service":"chat-app","timestamp":"2026-02-16 13:49:50"}
{"level":"info","message":"User disconnected","reason":"transport close","service":"chat-app","socketId":"JZjLnJofLpsD4-usAABL","timestamp":"2026-02-16 13:49:54"}
{"level":"info","message":"User connected","service":"chat-app","socketId":"wR4vfrWly6xzP_XOAABT","timestamp":"2026-02-16 13:49:54"}
{"level":"info","message":"User evraldi attempting to join room evraldi","service":"chat-app","timestamp":"2026-02-16 13:49:55"}
{"level":"info","message":"User evraldi joined room evraldi","service":"chat-app","timestamp":"2026-02-16 13:49:55"}
{"level":"info","message":"Sending 2 previous messages to user in room evraldi","service":"chat-app","timestamp":"2026-02-16 13:49:55"}
{"level":"info","message":"User evraldi attempting to join room anjir","service":"chat-app","timestamp":"2026-02-16 13:49:55"}
{"level":"info","message":"User evraldi joined room anjir","service":"chat-app","timestamp":"2026-02-16 13:49:55"}
{"level":"info","message":"Sending 2 previous messages to user in room anjir","service":"chat-app","timestamp":"2026-02-16 13:49:55"}
{"level":"info","message":"User evraldi attempting to join room adadad","service":"chat-app","timestamp":"2026-02-16 13:49:56"}
{"level":"info","message":"User evraldi joined room adadad","service":"chat-app","timestamp":"2026-02-16 13:49:56"}
{"level":"info","message":"Sending 1 previous messages to user in room adadad","service":"chat-app","timestamp":"2026-02-16 13:49:56"}
{"level":"info","message":"User evraldi attempting to join room lemes jirrr","service":"chat-app","timestamp":"2026-02-16 13:49:57"}
{"level":"info","message":"User evraldi joined room lemes jirrr","service":"chat-app","timestamp":"2026-02-16 13:49:57"}
{"level":"info","message":"Sending 1 previous messages to user in room lemes jirrr","service":"chat-app","timestamp":"2026-02-16 13:49:57"}
{"level":"info","message":"User evraldi attempting to join room anjir","service":"chat-app","timestamp":"2026-02-16 13:49:58"}
{"level":"info","message":"User evraldi joined room anjir","service":"chat-app","timestamp":"2026-02-16 13:49:58"}
{"level":"info","message":"Sending 2 previous messages to user in room anjir","service":"chat-app","timestamp":"2026-02-16 13:49:58"}
{"level":"info","message":"User evraldi attempting to join room evraldi","service":"chat-app","timestamp":"2026-02-16 13:49:58"}
{"level":"info","message":"User evraldi joined room evraldi","service":"chat-app","timestamp":"2026-02-16 13:49:58"}
{"level":"info","message":"Sending 2 previous messages to user in room evraldi","service":"chat-app","timestamp":"2026-02-16 13:49:58"}
{"level":"info","message":"User disconnected","reason":"client namespace disconnect","service":"chat-app","socketId":"wR4vfrWly6xzP_XOAABT","timestamp":"2026-02-16 13:54:26"}
{"level":"info","message":"User connected","service":"chat-app","socketId":"r9ZmnUsg5U7ufqYtAABW","timestamp":"2026-02-16 13:54:26"}
{"level":"info","message":"User disconnected","reason":"transport close","service":"chat-app","socketId":"r9ZmnUsg5U7ufqYtAABW","timestamp":"2026-02-16 13:54:26"}
{"level":"info","message":"User connected","service":"chat-app","socketId":"n_NjWx6L7yhs2OKrAABY","timestamp":"2026-02-16 13:54:26"}
{"level":"info","message":"User disconnected","reason":"client namespace disconnect","service":"chat-app","socketId":"nlgAvAoRT4czVvdXAABQ","timestamp":"2026-02-16 13:54:27"}
{"level":"info","message":"User connected","service":"chat-app","socketId":"CYki537v6NJek5ViAABb","timestamp":"2026-02-16 13:54:27"}
{"level":"info","message":"User anjay attempting to join room evraldi","service":"chat-app","timestamp":"2026-02-16 14:07:45"}
{"level":"info","message":"User anjay joined room evraldi","service":"chat-app","timestamp":"2026-02-16 14:07:45"}
{"level":"info","message":"Sending 2 previous messages to user in room evraldi","service":"chat-app","timestamp":"2026-02-16 14:07:45"}
{"level":"info","message":"User disconnected","reason":"transport close","service":"chat-app","socketId":"CYki537v6NJek5ViAABb","timestamp":"2026-02-16 14:07:47"}
{"level":"info","message":"User connected","service":"chat-app","socketId":"WazuTtrUv0Hz0gtMAABe","timestamp":"2026-02-16 14:07:47"}
{"level":"info","message":"User anjay attempting to join room anjir","service":"chat-app","timestamp":"2026-02-16 14:07:48"}
{"level":"info","message":"User anjay joined room anjir","service":"chat-app","timestamp":"2026-02-16 14:07:48"}
{"level":"info","message":"Sending 2 previous messages to user in room anjir","service":"chat-app","timestamp":"2026-02-16 14:07:48"}
{"level":"info","message":"User anjay attempting to join room evraldi","service":"chat-app","timestamp":"2026-02-16 14:07:48"}
{"level":"info","message":"User anjay joined room evraldi","service":"chat-app","timestamp":"2026-02-16 14:07:48"}
{"level":"info","message":"Sending 2 previous messages to user in room evraldi","service":"chat-app","timestamp":"2026-02-16 14:07:48"}
{"level":"info","message":"User anjay attempting to join room anjir","service":"chat-app","timestamp":"2026-02-16 14:07:49"}
{"level":"info","message":"User anjay joined room anjir","service":"chat-app","timestamp":"2026-02-16 14:07:49"}
{"level":"info","message":"Sending 2 previous messages to user in room anjir","service":"chat-app","timestamp":"2026-02-16 14:07:49"}
{"level":"info","message":"User anjay attempting to join room evraldi","service":"chat-app","timestamp":"2026-02-16 14:07:49"}
{"level":"info","message":"User anjay joined room evraldi","service":"chat-app","timestamp":"2026-02-16 14:07:49"}
{"level":"info","message":"Sending 2 previous messages to user in room evraldi","service":"chat-app","timestamp":"2026-02-16 14:07:49"}
{"level":"info","message":"User anjay attempting to join room adadad","service":"chat-app","timestamp":"2026-02-16 14:07:49"}
{"level":"info","message":"User anjay joined room adadad","service":"chat-app","timestamp":"2026-02-16 14:07:49"}
{"level":"info","message":"Sending 1 previous messages to user in room adadad","service":"chat-app","timestamp":"2026-02-16 14:07:49"}
{"level":"info","message":"User anjay attempting to join room lemes jirrr","service":"chat-app","timestamp":"2026-02-16 14:07:50"}
{"level":"info","message":"User anjay joined room lemes jirrr","service":"chat-app","timestamp":"2026-02-16 14:07:50"}
{"level":"info","message":"Sending 1 previous messages to user in room lemes jirrr","service":"chat-app","timestamp":"2026-02-16 14:07:50"}
{"level":"info","message":"User anjay attempting to join room anjir","service":"chat-app","timestamp":"2026-02-16 14:07:50"}
{"level":"info","message":"User anjay joined room anjir","service":"chat-app","timestamp":"2026-02-16 14:07:50"}
{"level":"info","message":"Sending 2 previous messages to user in room anjir","service":"chat-app","timestamp":"2026-02-16 14:07:50"}
{"level":"info","message":"User anjay attempting to join room evraldi","service":"chat-app","timestamp":"2026-02-16 14:07:50"}
{"level":"info","message":"User anjay joined room evraldi","service":"chat-app","timestamp":"2026-02-16 14:07:50"}
{"level":"info","message":"Sending 2 previous messages to user in room evraldi","service":"chat-app","timestamp":"2026-02-16 14:07:50"}
{"level":"info","message":"User anjay attempting to join room adadad","service":"chat-app","timestamp":"2026-02-16 14:07:51"}
{"level":"info","message":"User anjay joined room adadad","service":"chat-app","timestamp":"2026-02-16 14:07:51"}
{"level":"info","message":"Sending 1 previous messages to user in room adadad","service":"chat-app","timestamp":"2026-02-16 14:07:51"}
{"level":"info","message":"User anjay attempting to join room lemes jirrr","service":"chat-app","timestamp":"2026-02-16 14:07:51"}
{"level":"info","message":"User anjay joined room lemes jirrr","service":"chat-app","timestamp":"2026-02-16 14:07:51"}
{"level":"info","message":"Sending 1 previous messages to user in room lemes jirrr","service":"chat-app","timestamp":"2026-02-16 14:07:51"}
{"level":"info","message":"User anjay attempting to join room anjir","service":"chat-app","timestamp":"2026-02-16 14:07:51"}
{"level":"info","message":"User anjay joined room anjir","service":"chat-app","timestamp":"2026-02-16 14:07:51"}
{"level":"info","message":"Sending 2 previous messages to user in room anjir","service":"chat-app","timestamp":"2026-02-16 14:07:51"}
{"level":"info","message":"User anjay attempting to join room evraldi","service":"chat-app","timestamp":"2026-02-16 14:07:52"}
{"level":"info","message":"User anjay joined room evraldi","service":"chat-app","timestamp":"2026-02-16 14:07:52"}
{"level":"info","message":"Sending 2 previous messages to user in room evraldi","service":"chat-app","timestamp":"2026-02-16 14:07:52"}
{"level":"info","message":"User disconnected","reason":"ping timeout","service":"chat-app","socketId":"n_NjWx6L7yhs2OKrAABY","timestamp":"2026-02-16 14:50:38"}
{"level":"info","message":"User disconnected","reason":"transport close","service":"chat-app","socketId":"WazuTtrUv0Hz0gtMAABe","timestamp":"2026-02-16 16:22:21"}
{"level":"info","message":"User logged in: 6992b479e1124da002c838dd","service":"chat-app","timestamp":"2026-02-16 16:22:24","username":"evraldi"}
{"level":"info","message":"User connected","service":"chat-app","socketId":"sgcnYV9nlpLurkNOAABg","timestamp":"2026-02-16 16:22:24"}
{"level":"info","message":"User connected","service":"chat-app","socketId":"sG8I_uwTeT6FigscAABi","timestamp":"2026-02-16 16:22:32"}
{"level":"info","message":"User disconnected","reason":"transport close","service":"chat-app","socketId":"sgcnYV9nlpLurkNOAABg","timestamp":"2026-02-16 16:34:38"}
{"level":"info","message":"User connected","service":"chat-app","socketId":"roP5inmpRpnw896-AABk","timestamp":"2026-02-16 16:34:38"}
{"level":"info","message":"User disconnected","reason":"ping timeout","service":"chat-app","socketId":"sG8I_uwTeT6FigscAABi","timestamp":"2026-02-16 17:24:34"}
{"level":"info","message":"User disconnected","reason":"transport close","service":"chat-app","socketId":"roP5inmpRpnw896-AABk","timestamp":"2026-02-16 18:42:58"}
{"level":"info","message":"User logged in: 6992b78de1124da002c838fa","service":"chat-app","timestamp":"2026-02-16 18:43:01","username":"anjay"}
{"level":"info","message":"User connected","service":"chat-app","socketId":"rQrewFQRZRiTUGmxAABm","timestamp":"2026-02-16 18:43:01"}
{"level":"info","message":"User anjay attempting to join room evraldi","service":"chat-app","timestamp":"2026-02-16 18:43:35"}
{"level":"info","message":"User anjay joined room evraldi","service":"chat-app","timestamp":"2026-02-16 18:43:35"}
{"level":"info","message":"Sending 2 previous messages to user in room evraldi","service":"chat-app","timestamp":"2026-02-16 18:43:35"}
{"level":"info","message":"User anjay attempting to join room anjir","service":"chat-app","timestamp":"2026-02-16 18:43:36"}
{"level":"info","message":"User anjay joined room anjir","service":"chat-app","timestamp":"2026-02-16 18:43:36"}
{"level":"info","message":"Sending 2 previous messages to user in room anjir","service":"chat-app","timestamp":"2026-02-16 18:43:36"}
{"level":"info","message":"User anjay attempting to join room adadad","service":"chat-app","timestamp":"2026-02-16 18:43:39"}
{"level":"info","message":"User anjay joined room adadad","service":"chat-app","timestamp":"2026-02-16 18:43:39"}
{"level":"info","message":"Sending 1 previous messages to user in room adadad","service":"chat-app","timestamp":"2026-02-16 18:43:39"}
{"level":"info","message":"User anjay attempting to join room lemes jirrr","service":"chat-app","timestamp":"2026-02-16 18:43:39"}
{"level":"info","message":"User anjay joined room lemes jirrr","service":"chat-app","timestamp":"2026-02-16 18:43:39"}
{"level":"info","message":"Sending 1 previous messages to user in room lemes jirrr","service":"chat-app","timestamp":"2026-02-16 18:43:39"}
{"level":"info","message":"User anjay attempting to join room adadad","service":"chat-app","timestamp":"2026-02-16 18:43:39"}
{"level":"info","message":"User anjay joined room adadad","service":"chat-app","timestamp":"2026-02-16 18:43:39"}
{"level":"info","message":"Sending 1 previous messages to user in room adadad","service":"chat-app","timestamp":"2026-02-16 18:43:39"}
{"level":"info","message":"User anjay attempting to join room evraldi","service":"chat-app","timestamp":"2026-02-16 18:43:40"}
{"level":"info","message":"User anjay joined room evraldi","service":"chat-app","timestamp":"2026-02-16 18:43:40"}
{"level":"info","message":"Sending 2 previous messages to user in room evraldi","service":"chat-app","timestamp":"2026-02-16 18:43:40"}
{"level":"info","message":"User anjay attempting to join room anjir","service":"chat-app","timestamp":"2026-02-16 18:44:23"}
{"level":"info","message":"User anjay joined room anjir","service":"chat-app","timestamp":"2026-02-16 18:44:23"}
{"level":"info","message":"Sending 2 previous messages to user in room anjir","service":"chat-app","timestamp":"2026-02-16 18:44:23"}
{"level":"info","message":"User anjay attempting to join room evraldi","service":"chat-app","timestamp":"2026-02-16 18:44:24"}
{"level":"info","message":"User anjay joined room evraldi","service":"chat-app","timestamp":"2026-02-16 18:44:24"}
{"level":"info","message":"Sending 2 previous messages to user in room evraldi","service":"chat-app","timestamp":"2026-02-16 18:44:24"}
{"level":"info","message":"User anjay attempting to join room anjir","service":"chat-app","timestamp":"2026-02-16 18:44:24"}
{"level":"info","message":"User anjay joined room anjir","service":"chat-app","timestamp":"2026-02-16 18:44:24"}
{"level":"info","message":"Sending 2 previous messages to user in room anjir","service":"chat-app","timestamp":"2026-02-16 18:44:24"}
{"level":"info","message":"User anjay attempting to join room evraldi","service":"chat-app","timestamp":"2026-02-16 18:44:24"}
{"level":"info","message":"User anjay joined room evraldi","service":"chat-app","timestamp":"2026-02-16 18:44:24"}
{"level":"info","message":"Sending 2 previous messages to user in room evraldi","service":"chat-app","timestamp":"2026-02-16 18:44:24"}
{"level":"info","message":"User anjay attempting to join room anjir","service":"chat-app","timestamp":"2026-02-16 18:44:25"}
{"level":"info","message":"User anjay joined room anjir","service":"chat-app","timestamp":"2026-02-16 18:44:25"}
{"level":"info","message":"Sending 2 previous messages to user in room anjir","service":"chat-app","timestamp":"2026-02-16 18:44:25"}
{"level":"info","message":"User anjay attempting to join room evraldi","service":"chat-app","timestamp":"2026-02-16 18:44:25"}
{"level":"info","message":"User anjay joined room evraldi","service":"chat-app","timestamp":"2026-02-16 18:44:25"}
{"level":"info","message":"Sending 2 previous messages to user in room evraldi","service":"chat-app","timestamp":"2026-02-16 18:44:25"}
{"level":"info","message":"User anjay attempting to join room anjir","service":"chat-app","timestamp":"2026-02-16 18:44:26"}
{"level":"info","message":"User anjay joined room anjir","service":"chat-app","timestamp":"2026-02-16 18:44:26"}
{"level":"info","message":"Sending 2 previous messages to user in room anjir","service":"chat-app","timestamp":"2026-02-16 18:44:26"}
{"level":"info","message":"User anjay attempting to join room evraldi","service":"chat-app","timestamp":"2026-02-16 18:44:26"}
{"level":"info","message":"User anjay joined room evraldi","service":"chat-app","timestamp":"2026-02-16 18:44:26"}
{"level":"info","message":"Sending 2 previous messages to user in room evraldi","service":"chat-app","timestamp":"2026-02-16 18:44:26"}
{"level":"info","message":"User anjay attempting to join room anjir","service":"chat-app","timestamp":"2026-02-16 18:44:27"}
{"level":"info","message":"User anjay joined room anjir","service":"chat-app","timestamp":"2026-02-16 18:44:27"}
{"level":"info","message":"Sending 2 previous messages to user in room anjir","service":"chat-app","timestamp":"2026-02-16 18:44:27"}
{"level":"info","message":"User anjay attempting to join room evraldi","service":"chat-app","timestamp":"2026-02-16 18:44:27"}
{"level":"info","message":"User anjay joined room evraldi","service":"chat-app","timestamp":"2026-02-16 18:44:27"}
{"level":"info","message":"Sending 2 previous messages to user in room evraldi","service":"chat-app","timestamp":"2026-02-16 18:44:27"}
{"level":"info","message":"User anjay attempting to join room anjir","service":"chat-app","timestamp":"2026-02-16 18:44:27"}
{"level":"info","message":"User anjay joined room anjir","service":"chat-app","timestamp":"2026-02-16 18:44:27"}
{"level":"info","message":"Sending 2 previous messages to user in room anjir","service":"chat-app","timestamp":"2026-02-16 18:44:27"}
{"level":"info","message":"User anjay attempting to join room evraldi","service":"chat-app","timestamp":"2026-02-16 18:44:28"}
{"level":"info","message":"User anjay joined room evraldi","service":"chat-app","timestamp":"2026-02-16 18:44:28"}
{"level":"info","message":"Sending 2 previous messages to user in room evraldi","service":"chat-app","timestamp":"2026-02-16 18:44:28"}
{"level":"info","message":"User anjay attempting to join room anjir","service":"chat-app","timestamp":"2026-02-16 18:44:28"}
{"level":"info","message":"User anjay joined room anjir","service":"chat-app","timestamp":"2026-02-16 18:44:28"}
{"level":"info","message":"Sending 2 previous messages to user in room anjir","service":"chat-app","timestamp":"2026-02-16 18:44:28"}
{"level":"info","message":"User anjay attempting to join room evraldi","service":"chat-app","timestamp":"2026-02-16 18:44:29"}
{"level":"info","message":"User anjay joined room evraldi","service":"chat-app","timestamp":"2026-02-16 18:44:29"}
{"level":"info","message":"Sending 2 previous messages to user in room evraldi","service":"chat-app","timestamp":"2026-02-16 18:44:29"}
{"level":"info","message":"User anjay attempting to join room anjir","service":"chat-app","timestamp":"2026-02-16 18:44:29"}
{"level":"info","message":"User anjay joined room anjir","service":"chat-app","timestamp":"2026-02-16 18:44:29"}
{"level":"info","message":"Sending 2 previous messages to user in room anjir","service":"chat-app","timestamp":"2026-02-16 18:44:29"}
{"level":"info","message":"User anjay attempting to join room adadad","service":"chat-app","timestamp":"2026-02-16 18:44:44"}
{"level":"info","message":"User anjay joined room adadad","service":"chat-app","timestamp":"2026-02-16 18:44:44"}
{"level":"info","message":"Sending 1 previous messages to user in room adadad","service":"chat-app","timestamp":"2026-02-16 18:44:44"}
{"level":"info","message":"User anjay attempting to join room lemes jirrr","service":"chat-app","timestamp":"2026-02-16 18:44:44"}
{"level":"info","message":"User anjay joined room lemes jirrr","service":"chat-app","timestamp":"2026-02-16 18:44:44"}
{"level":"info","message":"Sending 1 previous messages to user in room lemes jirrr","service":"chat-app","timestamp":"2026-02-16 18:44:44"}
{"level":"info","message":"User anjay attempting to join room adadad","service":"chat-app","timestamp":"2026-02-16 18:44:45"}
{"level":"info","message":"User anjay joined room adadad","service":"chat-app","timestamp":"2026-02-16 18:44:45"}
{"level":"info","message":"Sending 1 previous messages to user in room adadad","service":"chat-app","timestamp":"2026-02-16 18:44:45"}
{"level":"info","message":"User anjay attempting to join room anjir","service":"chat-app","timestamp":"2026-02-16 18:44:45"}
{"level":"info","message":"User anjay joined room anjir","service":"chat-app","timestamp":"2026-02-16 18:44:45"}
{"level":"info","message":"Sending 2 previous messages to user in room anjir","service":"chat-app","timestamp":"2026-02-16 18:44:45"}
{"level":"info","message":"User anjay attempting to join room evraldi","service":"chat-app","timestamp":"2026-02-16 18:45:10"}
{"level":"info","message":"User anjay joined room evraldi","service":"chat-app","timestamp":"2026-02-16 18:45:10"}
{"level":"info","message":"Sending 2 previous messages to user in room evraldi","service":"chat-app","timestamp":"2026-02-16 18:45:10"}
{"level":"info","message":"User anjay attempting to join room anjir","service":"chat-app","timestamp":"2026-02-16 18:45:10"}
{"level":"info","message":"User anjay joined room anjir","service":"chat-app","timestamp":"2026-02-16 18:45:10"}
{"level":"info","message":"Sending 2 previous messages to user in room anjir","service":"chat-app","timestamp":"2026-02-16 18:45:10"}
{"level":"info","message":"User anjay attempting to join room evraldi","service":"chat-app","timestamp":"2026-02-16 18:45:11"}
{"level":"info","message":"User anjay joined room evraldi","service":"chat-app","timestamp":"2026-02-16 18:45:11"}
{"level":"info","message":"Sending 2 previous messages to user in room evraldi","service":"chat-app","timestamp":"2026-02-16 18:45:11"}
{"level":"info","message":"User anjay attempting to join room anjir","service":"chat-app","timestamp":"2026-02-16 18:45:11"}
{"level":"info","message":"User anjay joined room anjir","service":"chat-app","timestamp":"2026-02-16 18:45:11"}
{"level":"info","message":"Sending 2 previous messages to user in room anjir","service":"chat-app","timestamp":"2026-02-16 18:45:11"}
{"level":"info","message":"User anjay attempting to join room evraldi","service":"chat-app","timestamp":"2026-02-16 18:45:11"}
{"level":"info","message":"User anjay joined room evraldi","service":"chat-app","timestamp":"2026-02-16 18:45:11"}
{"level":"info","message":"Sending 2 previous messages to user in room evraldi","service":"chat-app","timestamp":"2026-02-16 18:45:11"}
{"level":"info","message":"User anjay attempting to join room anjir","service":"chat-app","timestamp":"2026-02-16 18:45:12"}
{"level":"info","message":"User anjay joined room anjir","service":"chat-app","timestamp":"2026-02-16 18:45:12"}
{"level":"info","message":"Sending 2 previous messages to user in room anjir","service":"chat-app","timestamp":"2026-02-16 18:45:12"}
{"level":"info","message":"User anjay attempting to join room evraldi","service":"chat-app","timestamp":"2026-02-16 18:46:17"}
{"level":"info","message":"User anjay joined room evraldi","service":"chat-app","timestamp":"2026-02-16 18:46:17"}
{"level":"info","message":"Sending 2 previous messages to user in room evraldi","service":"chat-app","timestamp":"2026-02-16 18:46:17"}
{"level":"info","message":"User anjay attempting to join room anjir","service":"chat-app","timestamp":"2026-02-16 18:46:18"}
{"level":"info","message":"User anjay joined room anjir","service":"chat-app","timestamp":"2026-02-16 18:46:18"}
{"level":"info","message":"Sending 2 previous messages to user in room anjir","service":"chat-app","timestamp":"2026-02-16 18:46:18"}
{"level":"info","message":"User anjay attempting to join room evraldi","service":"chat-app","timestamp":"2026-02-16 18:46:18"}
{"level":"info","message":"User anjay joined room evraldi","service":"chat-app","timestamp":"2026-02-16 18:46:18"}
{"level":"info","message":"Sending 2 previous messages to user in room evraldi","service":"chat-app","timestamp":"2026-02-16 18:46:18"}
{"level":"info","message":"User anjay attempting to join room anjir","service":"chat-app","timestamp":"2026-02-16 18:46:19"}
{"level":"info","message":"User anjay joined room anjir","service":"chat-app","timestamp":"2026-02-16 18:46:19"}
{"level":"info","message":"Sending 2 previous messages to user in room anjir","service":"chat-app","timestamp":"2026-02-16 18:46:19"}
{"level":"info","message":"User anjay attempting to join room evraldi","service":"chat-app","timestamp":"2026-02-16 18:46:19"}
{"level":"info","message":"User anjay joined room evraldi","service":"chat-app","timestamp":"2026-02-16 18:46:19"}
{"level":"info","message":"Sending 2 previous messages to user in room evraldi","service":"chat-app","timestamp":"2026-02-16 18:46:19"}
{"level":"info","message":"User anjay attempting to join room anjir","service":"chat-app","timestamp":"2026-02-16 18:46:19"}
{"level":"info","message":"User anjay joined room anjir","service":"chat-app","timestamp":"2026-02-16 18:46:19"}
{"level":"info","message":"Sending 2 previous messages to user in room anjir","service":"chat-app","timestamp":"2026-02-16 18:46:19"}
{"level":"info","message":"User anjay attempting to join room evraldi","service":"chat-app","timestamp":"2026-02-16 18:46:20"}
{"level":"info","message":"User anjay joined room evraldi","service":"chat-app","timestamp":"2026-02-16 18:46:20"}
{"level":"info","message":"Sending 2 previous messages to user in room evraldi","service":"chat-app","timestamp":"2026-02-16 18:46:20"}
{"level":"info","message":"User anjay attempting to join room anjir","service":"chat-app","timestamp":"2026-02-16 18:46:20"}
{"level":"info","message":"User anjay joined room anjir","service":"chat-app","timestamp":"2026-02-16 18:46:20"}
{"level":"info","message":"Sending 2 previous messages to user in room anjir","service":"chat-app","timestamp":"2026-02-16 18:46:20"}
{"level":"info","message":"User anjay attempting to join room adadad","service":"chat-app","timestamp":"2026-02-16 18:46:21"}
{"level":"info","message":"User anjay joined room adadad","service":"chat-app","timestamp":"2026-02-16 18:46:21"}
{"level":"info","message":"Sending 1 previous messages to user in room adadad","service":"chat-app","timestamp":"2026-02-16 18:46:21"}
{"level":"info","message":"User anjay attempting to join room lemes jirrr","service":"chat-app","timestamp":"2026-02-16 18:46:21"}
{"level":"info","message":"User anjay joined room lemes jirrr","service":"chat-app","timestamp":"2026-02-16 18:46:21"}
{"level":"info","message":"Sending 1 previous messages to user in room lemes jirrr","service":"chat-app","timestamp":"2026-02-16 18:46:21"}
{"level":"info","message":"User anjay attempting to join room anjir","service":"chat-app","timestamp":"2026-02-16 18:46:22"}
{"level":"info","message":"User anjay joined room anjir","service":"chat-app","timestamp":"2026-02-16 18:46:22"}
{"level":"info","message":"Sending 2 previous messages to user in room anjir","service":"chat-app","timestamp":"2026-02-16 18:46:22"}
{"level":"info","message":"User anjay attempting to join room evraldi","service":"chat-app","timestamp":"2026-02-16 18:46:36"}
{"level":"info","message":"User anjay joined room evraldi","service":"chat-app","timestamp":"2026-02-16 18:46:36"}
{"level":"info","message":"Sending 2 previous messages to user in room evraldi","service":"chat-app","timestamp":"2026-02-16 18:46:36"}
{"level":"info","message":"User disconnected","reason":"transport close","service":"chat-app","socketId":"rQrewFQRZRiTUGmxAABm","timestamp":"2026-02-16 18:46:37"}
{"level":"info","message":"User connected","service":"chat-app","socketId":"JlXRZaJfMh6_24CpAABp","timestamp":"2026-02-16 18:46:37"}
{"level":"info","message":"User anjay attempting to join room evraldi","service":"chat-app","timestamp":"2026-02-16 18:46:38"}
{"level":"info","message":"User anjay joined room evraldi","service":"chat-app","timestamp":"2026-02-16 18:46:38"}
{"level":"info","message":"Sending 2 previous messages to user in room evraldi","service":"chat-app","timestamp":"2026-02-16 18:46:38"}
{"level":"info","message":"User anjay attempting to join room anjir","service":"chat-app","timestamp":"2026-02-16 18:46:39"}
{"level":"info","message":"User anjay joined room anjir","service":"chat-app","timestamp":"2026-02-16 18:46:39"}
{"level":"info","message":"Sending 2 previous messages to user in room anjir","service":"chat-app","timestamp":"2026-02-16 18:46:39"}
{"level":"info","message":"User anjay attempting to join room adadad","service":"chat-app","timestamp":"2026-02-16 18:46:39"}
{"level":"info","message":"User anjay joined room adadad","service":"chat-app","timestamp":"2026-02-16 18:46:39"}
{"level":"info","message":"Sending 1 previous messages to user in room adadad","service":"chat-app","timestamp":"2026-02-16 18:46:39"}
{"level":"info","message":"User anjay attempting to join room lemes jirrr","service":"chat-app","timestamp":"2026-02-16 18:46:40"}
{"level":"info","message":"User anjay joined room lemes jirrr","service":"chat-app","timestamp":"2026-02-16 18:46:40"}
{"level":"info","message":"Sending 1 previous messages to user in room lemes jirrr","service":"chat-app","timestamp":"2026-02-16 18:46:40"}
{"level":"info","message":"User anjay attempting to join room anjir","service":"chat-app","timestamp":"2026-02-16 18:46:40"}
{"level":"info","message":"User anjay joined room anjir","service":"chat-app","timestamp":"2026-02-16 18:46:40"}
{"level":"info","message":"Sending 2 previous messages to user in room anjir","service":"chat-app","timestamp":"2026-02-16 18:46:40"}
{"level":"info","message":"User anjay attempting to join room evraldi","service":"chat-app","timestamp":"2026-02-16 18:46:40"}
{"level":"info","message":"User anjay joined room evraldi","service":"chat-app","timestamp":"2026-02-16 18:46:40"}
{"level":"info","message":"Sending 2 previous messages to user in room evraldi","service":"chat-app","timestamp":"2026-02-16 18:46:40"}
{"level":"info","message":"User anjay attempting to join room anjir","service":"chat-app","timestamp":"2026-02-16 18:46:41"}
{"level":"info","message":"User anjay joined room anjir","service":"chat-app","timestamp":"2026-02-16 18:46:41"}
{"level":"info","message":"Sending 2 previous messages to user in room anjir","service":"chat-app","timestamp":"2026-02-16 18:46:41"}
{"level":"info","message":"User anjay attempting to join room evraldi","service":"chat-app","timestamp":"2026-02-16 18:46:41"}
{"level":"info","message":"User anjay joined room evraldi","service":"chat-app","timestamp":"2026-02-16 18:46:41"}
{"level":"info","message":"Sending 2 previous messages to user in room evraldi","service":"chat-app","timestamp":"2026-02-16 18:46:41"}
{"level":"info","message":"User anjay attempting to join room anjir","service":"chat-app","timestamp":"2026-02-16 18:46:42"}
{"level":"info","message":"User anjay joined room anjir","service":"chat-app","timestamp":"2026-02-16 18:46:42"}
{"level":"info","message":"Sending 2 previous messages to user in room anjir","service":"chat-app","timestamp":"2026-02-16 18:46:42"}
{"level":"info","message":"User anjay attempting to join room evraldi","service":"chat-app","timestamp":"2026-02-16 18:46:42"}
{"level":"info","message":"User anjay joined room evraldi","service":"chat-app","timestamp":"2026-02-16 18:46:42"}
{"level":"info","message":"Sending 2 previous messages to user in room evraldi","service":"chat-app","timestamp":"2026-02-16 18:46:42"}
{"level":"info","message":"User anjay attempting to join room anjir","service":"chat-app","timestamp":"2026-02-16 18:48:03"}
{"level":"info","message":"User anjay joined room anjir","service":"chat-app","timestamp":"2026-02-16 18:48:03"}
{"level":"info","message":"Sending 2 previous messages to user in room anjir","service":"chat-app","timestamp":"2026-02-16 18:48:03"}
{"level":"info","message":"User anjay attempting to join room adadad","service":"chat-app","timestamp":"2026-02-16 18:48:03"}
{"level":"info","message":"User anjay joined room adadad","service":"chat-app","timestamp":"2026-02-16 18:48:03"}
{"level":"info","message":"Sending 1 previous messages to user in room adadad","service":"chat-app","timestamp":"2026-02-16 18:48:03"}
{"level":"info","message":"User anjay attempting to join room lemes jirrr","service":"chat-app","timestamp":"2026-02-16 18:48:04"}
{"level":"info","message":"User anjay joined room lemes jirrr","service":"chat-app","timestamp":"2026-02-16 18:48:04"}
{"level":"info","message":"Sending 1 previous messages to user in room lemes jirrr","service":"chat-app","timestamp":"2026-02-16 18:48:04"}
{"level":"info","message":"User anjay attempting to join room adadad","service":"chat-app","timestamp":"2026-02-16 18:48:05"}
{"level":"info","message":"User anjay joined room adadad","service":"chat-app","timestamp":"2026-02-16 18:48:05"}
{"level":"info","message":"Sending 1 previous messages to user in room adadad","service":"chat-app","timestamp":"2026-02-16 18:48:05"}
{"level":"info","message":"User anjay attempting to join room anjir","service":"chat-app","timestamp":"2026-02-16 18:48:05"}
{"level":"info","message":"User anjay joined room anjir","service":"chat-app","timestamp":"2026-02-16 18:48:05"}
{"level":"info","message":"Sending 2 previous messages to user in room anjir","service":"chat-app","timestamp":"2026-02-16 18:48:05"}
{"level":"info","message":"User anjay attempting to join room evraldi","service":"chat-app","timestamp":"2026-02-16 18:48:05"}
{"level":"info","message":"User anjay joined room evraldi","service":"chat-app","timestamp":"2026-02-16 18:48:05"}
{"level":"info","message":"Sending 2 previous messages to user in room evraldi","service":"chat-app","timestamp":"2026-02-16 18:48:05"}
{"level":"info","message":"User anjay attempting to join room anjir","service":"chat-app","timestamp":"2026-02-16 18:48:06"}
{"level":"info","message":"User anjay joined room anjir","service":"chat-app","timestamp":"2026-02-16 18:48:06"}
{"level":"info","message":"Sending 2 previous messages to user in room anjir","service":"chat-app","timestamp":"2026-02-16 18:48:06"}
{"level":"info","message":"User anjay attempting to join room adadad","service":"chat-app","timestamp":"2026-02-16 18:48:06"}
{"level":"info","message":"User anjay joined room adadad","service":"chat-app","timestamp":"2026-02-16 18:48:06"}
{"level":"info","message":"Sending 1 previous messages to user in room adadad","service":"chat-app","timestamp":"2026-02-16 18:48:06"}
{"level":"info","message":"User anjay attempting to join room lemes jirrr","service":"chat-app","timestamp":"2026-02-16 18:48:07"}
{"level":"info","message":"User anjay joined room lemes jirrr","service":"chat-app","timestamp":"2026-02-16 18:48:07"}
{"level":"info","message":"Sending 1 previous messages to user in room lemes jirrr","service":"chat-app","timestamp":"2026-02-16 18:48:07"}
{"level":"info","message":"User anjay attempting to join room evraldi","service":"chat-app","timestamp":"2026-02-16 18:48:08"}
{"level":"info","message":"User anjay joined room evraldi","service":"chat-app","timestamp":"2026-02-16 18:48:08"}
{"level":"info","message":"Sending 2 previous messages to user in room evraldi","service":"chat-app","timestamp":"2026-02-16 18:48:08"}
{"level":"info","message":"User anjay attempting to join room anjir","service":"chat-app","timestamp":"2026-02-16 18:48:10"}
{"level":"info","message":"User anjay joined room anjir","service":"chat-app","timestamp":"2026-02-16 18:48:10"}
{"level":"info","message":"Sending 2 previous messages to user in room anjir","service":"chat-app","timestamp":"2026-02-16 18:48:10"}
{"level":"info","message":"User anjay attempting to join room evraldi","service":"chat-app","timestamp":"2026-02-16 18:48:11"}
{"level":"info","message":"User anjay joined room evraldi","service":"chat-app","timestamp":"2026-02-16 18:48:11"}
{"level":"info","message":"Sending 2 previous messages to user in room evraldi","service":"chat-app","timestamp":"2026-02-16 18:48:11"}
{"level":"info","message":"User anjay attempting to join room adadad","service":"chat-app","timestamp":"2026-02-16 18:48:11"}
{"level":"info","message":"User anjay joined room adadad","service":"chat-app","timestamp":"2026-02-16 18:48:11"}
{"level":"info","message":"Sending 1 previous messages to user in room adadad","service":"chat-app","timestamp":"2026-02-16 18:48:11"}
{"level":"info","message":"User anjay attempting to join room lemes jirrr","service":"chat-app","timestamp":"2026-02-16 18:48:11"}
{"level":"info","message":"User anjay joined room lemes jirrr","service":"chat-app","timestamp":"2026-02-16 18:48:11"}
{"level":"info","message":"Sending 1 previous messages to user in room lemes jirrr","service":"chat-app","timestamp":"2026-02-16 18:48:11"}
{"level":"info","message":"User disconnected","reason":"transport close","service":"chat-app","socketId":"JlXRZaJfMh6_24CpAABp","timestamp":"2026-02-16 18:48:23"}
{"level":"info","message":"User connected","service":"chat-app","socketId":"NOafkDGECdMKXpJLAABr","timestamp":"2026-02-16 18:48:23"}
{"level":"info","message":"User disconnected","reason":"transport close","service":"chat-app","socketId":"NOafkDGECdMKXpJLAABr","timestamp":"2026-02-16 18:48:23"}
{"level":"info","message":"User logged in: 6992b479e1124da002c838dd","service":"chat-app","timestamp":"2026-02-16 18:48:25","username":"evraldi"}
{"level":"info","message":"User connected","service":"chat-app","socketId":"wAQy0_nXX3bEZMBAAABt","timestamp":"2026-02-16 18:48:25"}
{"level":"info","message":"User evraldi attempting to join room evraldi","service":"chat-app","timestamp":"2026-02-16 18:48:27"}
{"level":"info","message":"User evraldi joined room evraldi","service":"chat-app","timestamp":"2026-02-16 18:48:27"}
{"level":"info","message":"Sending 2 previous messages to user in room evraldi","service":"chat-app","timestamp":"2026-02-16 18:48:27"}
{"level":"info","message":"User evraldi attempting to join room anjir","service":"chat-app","timestamp":"2026-02-16 18:48:28"}
{"level":"info","message":"User evraldi joined room anjir","service":"chat-app","timestamp":"2026-02-16 18:48:28"}
{"level":"info","message":"Sending 2 previous messages to user in room anjir","service":"chat-app","timestamp":"2026-02-16 18:48:28"}
{"level":"info","message":"User evraldi attempting to join room evraldi","service":"chat-app","timestamp":"2026-02-16 18:48:29"}
{"level":"info","message":"User evraldi joined room evraldi","service":"chat-app","timestamp":"2026-02-16 18:48:29"}
{"level":"info","message":"Sending 2 previous messages to user in room evraldi","service":"chat-app","timestamp":"2026-02-16 18:48:29"}
{"level":"info","message":"User evraldi attempting to join room anjir","service":"chat-app","timestamp":"2026-02-16 18:48:29"}
{"level":"info","message":"User evraldi joined room anjir","service":"chat-app","timestamp":"2026-02-16 18:48:29"}
{"level":"info","message":"Sending 2 previous messages to user in room anjir","service":"chat-app","timestamp":"2026-02-16 18:48:29"}
{"level":"info","message":"User evraldi attempting to join room adadad","service":"chat-app","timestamp":"2026-02-16 18:48:30"}
{"level":"info","message":"User evraldi joined room adadad","service":"chat-app","timestamp":"2026-02-16 18:48:30"}
{"level":"info","message":"Sending 1 previous messages to user in room adadad","service":"chat-app","timestamp":"2026-02-16 18:48:30"}
{"level":"info","message":"User evraldi attempting to join room anjir","service":"chat-app","timestamp":"2026-02-16 18:48:31"}
{"level":"info","message":"User evraldi joined room anjir","service":"chat-app","timestamp":"2026-02-16 18:48:31"}
{"level":"info","message":"Sending 2 previous messages to user in room anjir","service":"chat-app","timestamp":"2026-02-16 18:48:31"}
{"level":"info","message":"User evraldi attempting to join room adadad","service":"chat-app","timestamp":"2026-02-16 18:48:31"}
{"level":"info","message":"User evraldi joined room adadad","service":"chat-app","timestamp":"2026-02-16 18:48:31"}
{"level":"info","message":"Sending 1 previous messages to user in room adadad","service":"chat-app","timestamp":"2026-02-16 18:48:31"}
{"level":"info","message":"User evraldi attempting to join room anjir","service":"chat-app","timestamp":"2026-02-16 18:48:32"}
{"level":"info","message":"User evraldi joined room anjir","service":"chat-app","timestamp":"2026-02-16 18:48:32"}
{"level":"info","message":"Sending 2 previous messages to user in room anjir","service":"chat-app","timestamp":"2026-02-16 18:48:32"}
{"level":"info","message":"User evraldi attempting to join room evraldi","service":"chat-app","timestamp":"2026-02-16 18:48:33"}
{"level":"info","message":"User evraldi joined room evraldi","service":"chat-app","timestamp":"2026-02-16 18:48:33"}
{"level":"info","message":"Sending 2 previous messages to user in room evraldi","service":"chat-app","timestamp":"2026-02-16 18:48:33"}
{"level":"info","message":"User evraldi attempting to join room anjir","service":"chat-app","timestamp":"2026-02-16 18:48:33"}
{"level":"info","message":"User evraldi joined room anjir","service":"chat-app","timestamp":"2026-02-16 18:48:33"}
{"level":"info","message":"Sending 2 previous messages to user in room anjir","service":"chat-app","timestamp":"2026-02-16 18:48:33"}
{"level":"info","message":"User evraldi attempting to join room adadad","service":"chat-app","timestamp":"2026-02-16 18:48:33"}
{"level":"info","message":"User evraldi joined room adadad","service":"chat-app","timestamp":"2026-02-16 18:48:33"}
{"level":"info","message":"Sending 1 previous messages to user in room adadad","service":"chat-app","timestamp":"2026-02-16 18:48:33"}
{"level":"info","message":"User evraldi attempting to join room lemes jirrr","service":"chat-app","timestamp":"2026-02-16 18:48:34"}
{"level":"info","message":"User evraldi joined room lemes jirrr","service":"chat-app","timestamp":"2026-02-16 18:48:34"}
{"level":"info","message":"Sending 1 previous messages to user in room lemes jirrr","service":"chat-app","timestamp":"2026-02-16 18:48:34"}
{"level":"info","message":"User evraldi attempting to join room adadad","service":"chat-app","timestamp":"2026-02-16 18:48:39"}
{"level":"info","message":"User evraldi joined room adadad","service":"chat-app","timestamp":"2026-02-16 18:48:39"}
{"level":"info","message":"Sending 1 previous messages to user in room adadad","service":"chat-app","timestamp":"2026-02-16 18:48:39"}
{"level":"info","message":"User evraldi attempting to join room anjir","service":"chat-app","timestamp":"2026-02-16 18:48:40"}
{"level":"info","message":"User evraldi joined room anjir","service":"chat-app","timestamp":"2026-02-16 18:48:40"}
{"level":"info","message":"Sending 2 previous messages to user in room anjir","service":"chat-app","timestamp":"2026-02-16 18:48:40"}
{"level":"info","message":"User evraldi attempting to join room evraldi","service":"chat-app","timestamp":"2026-02-16 18:48:40"}
{"level":"info","message":"User evraldi joined room evraldi","service":"chat-app","timestamp":"2026-02-16 18:48:40"}
{"level":"info","message":"Sending 2 previous messages to user in room evraldi","service":"chat-app","timestamp":"2026-02-16 18:48:40"}
{"level":"info","message":"Received sendMessage event","room":"evraldi","service":"chat-app","timestamp":"2026-02-16 18:48:43","username":"evraldi"}
{"id":"6993041be1124da002c83b7a","level":"info","message":"Message saved","room":"evraldi","service":"chat-app","timestamp":"2026-02-16 18:48:43"}
{"level":"info","message":"Received sendMessage event","room":"evraldi","service":"chat-app","timestamp":"2026-02-16 18:48:44","username":"evraldi"}
{"id":"6993041ce1124da002c83b7c","level":"info","message":"Message saved","room":"evraldi","service":"chat-app","timestamp":"2026-02-16 18:48:44"}
{"level":"info","message":"Received sendMessage event","room":"evraldi","service":"chat-app","timestamp":"2026-02-16 18:48:46","username":"evraldi"}
{"id":"6993041ee1124da002c83b7e","level":"info","message":"Message saved","room":"evraldi","service":"chat-app","timestamp":"2026-02-16 18:48:46"}
{"level":"info","message":"Received sendMessage event","room":"evraldi","service":"chat-app","timestamp":"2026-02-16 18:48:47","username":"evraldi"}
{"id":"6993041fe1124da002c83b80","level":"info","message":"Message saved","room":"evraldi","service":"chat-app","timestamp":"2026-02-16 18:48:47"}
{"level":"info","message":"Received sendMessage event","room":"evraldi","service":"chat-app","timestamp":"2026-02-16 18:48:48","username":"evraldi"}
{"id":"69930420e1124da002c83b82","level":"info","message":"Message saved","room":"evraldi","service":"chat-app","timestamp":"2026-02-16 18:48:48"}
{"level":"info","message":"User evraldi attempting to join room anjir","service":"chat-app","timestamp":"2026-02-16 18:48:52"}
{"level":"info","message":"User evraldi joined room anjir","service":"chat-app","timestamp":"2026-02-16 18:48:52"}
{"level":"info","message":"Sending 2 previous messages to user in room anjir","service":"chat-app","timestamp":"2026-02-16 18:48:52"}
{"level":"info","message":"User evraldi attempting to join room evraldi","service":"chat-app","timestamp":"2026-02-16 18:48:52"}
{"level":"info","message":"User evraldi joined room evraldi","service":"chat-app","timestamp":"2026-02-16 18:48:52"}
{"level":"info","message":"Sending 7 previous messages to user in room evraldi","service":"chat-app","timestamp":"2026-02-16 18:48:52"}
{"level":"info","message":"User evraldi attempting to join room anjir","service":"chat-app","timestamp":"2026-02-16 18:50:08"}
{"level":"info","message":"User evraldi joined room anjir","service":"chat-app","timestamp":"2026-02-16 18:50:08"}
{"level":"info","message":"Sending 2 previous messages to user in room anjir","service":"chat-app","timestamp":"2026-02-16 18:50:08"}
{"level":"info","message":"User evraldi attempting to join room evraldi","service":"chat-app","timestamp":"2026-02-16 18:50:13"}
{"level":"info","message":"User evraldi joined room evraldi","service":"chat-app","timestamp":"2026-02-16 18:50:13"}
{"level":"info","message":"Sending 7 previous messages to user in room evraldi","service":"chat-app","timestamp":"2026-02-16 18:50:13"}
{"level":"info","message":"User evraldi attempting to join room anjir","service":"chat-app","timestamp":"2026-02-16 18:51:04"}
{"level":"info","message":"User evraldi joined room anjir","service":"chat-app","timestamp":"2026-02-16 18:51:04"}
{"level":"info","message":"Sending 2 previous messages to user in room anjir","service":"chat-app","timestamp":"2026-02-16 18:51:04"}
{"level":"info","message":"User evraldi attempting to join room evraldi","service":"chat-app","timestamp":"2026-02-16 18:51:05"}
{"level":"info","message":"User evraldi joined room evraldi","service":"chat-app","timestamp":"2026-02-16 18:51:05"}
{"level":"info","message":"Sending 7 previous messages to user in room evraldi","service":"chat-app","timestamp":"2026-02-16 18:51:05"}
{"level":"info","message":"User disconnected","reason":"transport close","service":"chat-app","socketId":"wAQy0_nXX3bEZMBAAABt","timestamp":"2026-02-16 18:51:33"}
{"level":"info","message":"User connected","service":"chat-app","socketId":"dWC_Qcrvs5hcC-LKAABw","timestamp":"2026-02-16 18:51:33"}
{"level":"info","message":"User evraldi attempting to join room evraldi","service":"chat-app","timestamp":"2026-02-16 18:51:34"}
{"level":"info","message":"User evraldi joined room evraldi","service":"chat-app","timestamp":"2026-02-16 18:51:34"}
{"level":"info","message":"Sending 7 previous messages to user in room evraldi","service":"chat-app","timestamp":"2026-02-16 18:51:34"}
{"level":"info","message":"User disconnected","reason":"transport close","service":"chat-app","socketId":"dWC_Qcrvs5hcC-LKAABw","timestamp":"2026-02-16 18:53:46"}
{"level":"info","message":"User connected","service":"chat-app","socketId":"9tUeIEMVnBQy4yBTAABy","timestamp":"2026-02-16 18:53:47"}
{"level":"info","message":"User evraldi attempting to join room evraldi","service":"chat-app","timestamp":"2026-02-16 18:53:48"}
{"level":"info","message":"User evraldi joined room evraldi","service":"chat-app","timestamp":"2026-02-16 18:53:48"}
{"level":"info","message":"Sending 7 previous messages to user in room evraldi","service":"chat-app","timestamp":"2026-02-16 18:53:48"}
{"level":"info","message":"User evraldi attempting to join room adadad","service":"chat-app","timestamp":"2026-02-16 18:54:18"}
{"level":"info","message":"User evraldi joined room adadad","service":"chat-app","timestamp":"2026-02-16 18:54:18"}
{"level":"info","message":"Sending 1 previous messages to user in room adadad","service":"chat-app","timestamp":"2026-02-16 18:54:18"}
{"level":"info","message":"User evraldi attempting to join room anjir","service":"chat-app","timestamp":"2026-02-16 18:54:18"}
{"level":"info","message":"User evraldi joined room anjir","service":"chat-app","timestamp":"2026-02-16 18:54:18"}
{"level":"info","message":"Sending 2 previous messages to user in room anjir","service":"chat-app","timestamp":"2026-02-16 18:54:18"}
{"level":"info","message":"User disconnected","reason":"transport close","service":"chat-app","socketId":"9tUeIEMVnBQy4yBTAABy","timestamp":"2026-02-16 18:54:19"}
{"level":"info","message":"User connected","service":"chat-app","socketId":"76uQ233wDrw1x_4xAAB0","timestamp":"2026-02-16 18:54:19"}
{"level":"info","message":"User evraldi attempting to join room evraldi","service":"chat-app","timestamp":"2026-02-16 18:54:20"}
{"level":"info","message":"User evraldi joined room evraldi","service":"chat-app","timestamp":"2026-02-16 18:54:20"}
{"level":"info","message":"Sending 7 previous messages to user in room evraldi","service":"chat-app","timestamp":"2026-02-16 18:54:20"}
{"level":"info","message":"User evraldi attempting to join room anjir","service":"chat-app","timestamp":"2026-02-16 18:54:20"}
{"level":"info","message":"User evraldi joined room anjir","service":"chat-app","timestamp":"2026-02-16 18:54:20"}
{"level":"info","message":"Sending 2 previous messages to user in room anjir","service":"chat-app","timestamp":"2026-02-16 18:54:20"}
{"level":"info","message":"User evraldi attempting to join room adadad","service":"chat-app","timestamp":"2026-02-16 18:54:20"}
{"level":"info","message":"User evraldi joined room adadad","service":"chat-app","timestamp":"2026-02-16 18:54:20"}
{"level":"info","message":"Sending 1 previous messages to user in room adadad","service":"chat-app","timestamp":"2026-02-16 18:54:20"}
{"level":"info","message":"User evraldi attempting to join room lemes jirrr","service":"chat-app","timestamp":"2026-02-16 18:54:21"}
{"level":"info","message":"User evraldi joined room lemes jirrr","service":"chat-app","timestamp":"2026-02-16 18:54:21"}
{"level":"info","message":"Sending 1 previous messages to user in room lemes jirrr","service":"chat-app","timestamp":"2026-02-16 18:54:21"}
{"level":"info","message":"User evraldi attempting to join room adadad","service":"chat-app","timestamp":"2026-02-16 18:54:21"}
{"level":"info","message":"User evraldi joined room adadad","service":"chat-app","timestamp":"2026-02-16 18:54:21"}
{"level":"info","message":"Sending 1 previous messages to user in room adadad","service":"chat-app","timestamp":"2026-02-16 18:54:21"}
{"level":"info","message":"User evraldi attempting to join room anjir","service":"chat-app","timestamp":"2026-02-16 18:54:22"}
{"level":"info","message":"User evraldi joined room anjir","service":"chat-app","timestamp":"2026-02-16 18:54:22"}
{"level":"info","message":"Sending 2 previous messages to user in room anjir","service":"chat-app","timestamp":"2026-02-16 18:54:22"}
{"level":"info","message":"User evraldi attempting to join room evraldi","service":"chat-app","timestamp":"2026-02-16 18:54:22"}
{"level":"info","message":"User evraldi joined room evraldi","service":"chat-app","timestamp":"2026-02-16 18:54:22"}
{"level":"info","message":"Sending 7 previous messages to user in room evraldi","service":"chat-app","timestamp":"2026-02-16 18:54:22"}
{"level":"info","message":"User evraldi attempting to join room anjir","service":"chat-app","timestamp":"2026-02-16 18:54:23"}
{"level":"info","message":"User evraldi joined room anjir","service":"chat-app","timestamp":"2026-02-16 18:54:23"}
{"level":"info","message":"Sending 2 previous messages to user in room anjir","service":"chat-app","timestamp":"2026-02-16 18:54:23"}
{"level":"info","message":"User evraldi attempting to join room adadad","service":"chat-app","timestamp":"2026-02-16 18:54:24"}
{"level":"info","message":"User evraldi joined room adadad","service":"chat-app","timestamp":"2026-02-16 18:54:24"}
{"level":"info","message":"Sending 1 previous messages to user in room adadad","service":"chat-app","timestamp":"2026-02-16 18:54:24"}
{"level":"info","message":"User evraldi attempting to join room lemes jirrr","service":"chat-app","timestamp":"2026-02-16 18:54:24"}
{"level":"info","message":"User evraldi joined room lemes jirrr","service":"chat-app","timestamp":"2026-02-16 18:54:24"}
{"level":"info","message":"Sending 1 previous messages to user in room lemes jirrr","service":"chat-app","timestamp":"2026-02-16 18:54:24"}
{"level":"info","message":"User evraldi attempting to join room adadad","service":"chat-app","timestamp":"2026-02-16 18:54:25"}
{"level":"info","message":"User evraldi joined room adadad","service":"chat-app","timestamp":"2026-02-16 18:54:25"}
{"level":"info","message":"Sending 1 previous messages to user in room adadad","service":"chat-app","timestamp":"2026-02-16 18:54:25"}
{"level":"info","message":"User evraldi attempting to join room anjir","service":"chat-app","timestamp":"2026-02-16 18:54:26"}
{"level":"info","message":"User evraldi joined room anjir","service":"chat-app","timestamp":"2026-02-16 18:54:26"}
{"level":"info","message":"Sending 2 previous messages to user in room anjir","service":"chat-app","timestamp":"2026-02-16 18:54:26"}
{"level":"info","message":"User evraldi attempting to join room evraldi","service":"chat-app","timestamp":"2026-02-16 18:54:26"}
{"level":"info","message":"User evraldi joined room evraldi","service":"chat-app","timestamp":"2026-02-16 18:54:26"}
{"level":"info","message":"Sending 7 previous messages to user in room evraldi","service":"chat-app","timestamp":"2026-02-16 18:54:26"}
{"level":"info","message":"User evraldi attempting to join room adadad","service":"chat-app","timestamp":"2026-02-16 18:54:27"}
{"level":"info","message":"User evraldi joined room adadad","service":"chat-app","timestamp":"2026-02-16 18:54:27"}
{"level":"info","message":"Sending 1 previous messages to user in room adadad","service":"chat-app","timestamp":"2026-02-16 18:54:27"}
{"level":"info","message":"User evraldi attempting to join room anjir","service":"chat-app","timestamp":"2026-02-16 18:54:28"}
{"level":"info","message":"User evraldi joined room anjir","service":"chat-app","timestamp":"2026-02-16 18:54:28"}
{"level":"info","message":"Sending 2 previous messages to user in room anjir","service":"chat-app","timestamp":"2026-02-16 18:54:28"}
{"level":"info","message":"User evraldi attempting to join room lemes jirrr","service":"chat-app","timestamp":"2026-02-16 18:54:29"}
{"level":"info","message":"User evraldi joined room lemes jirrr","service":"chat-app","timestamp":"2026-02-16 18:54:29"}
{"level":"info","message":"Sending 1 previous messages to user in room lemes jirrr","service":"chat-app","timestamp":"2026-02-16 18:54:29"}
{"level":"info","message":"User evraldi attempting to join room adadad","service":"chat-app","timestamp":"2026-02-16 18:54:29"}
{"level":"info","message":"User evraldi joined room adadad","service":"chat-app","timestamp":"2026-02-16 18:54:29"}
{"level":"info","message":"Sending 1 previous messages to user in room adadad","service":"chat-app","timestamp":"2026-02-16 18:54:29"}
{"level":"info","message":"User evraldi attempting to join room anjir","service":"chat-app","timestamp":"2026-02-16 18:54:30"}
{"level":"info","message":"User evraldi joined room anjir","service":"chat-app","timestamp":"2026-02-16 18:54:30"}
{"level":"info","message":"Sending 2 previous messages to user in room anjir","service":"chat-app","timestamp":"2026-02-16 18:54:30"}
{"level":"info","message":"User evraldi attempting to join room evraldi","service":"chat-app","timestamp":"2026-02-16 18:54:30"}
{"level":"info","message":"User evraldi joined room evraldi","service":"chat-app","timestamp":"2026-02-16 18:54:30"}
{"level":"info","message":"Sending 7 previous messages to user in room evraldi","service":"chat-app","timestamp":"2026-02-16 18:54:30"}
{"level":"info","message":"User evraldi attempting to join room anjir","service":"chat-app","timestamp":"2026-02-16 18:54:31"}
{"level":"info","message":"User evraldi joined room anjir","service":"chat-app","timestamp":"2026-02-16 18:54:31"}
{"level":"info","message":"Sending 2 previous messages to user in room anjir","service":"chat-app","timestamp":"2026-02-16 18:54:31"}
{"level":"info","message":"User evraldi attempting to join room adadad","service":"chat-app","timestamp":"2026-02-16 18:54:31"}
{"level":"info","message":"User evraldi joined room adadad","service":"chat-app","timestamp":"2026-02-16 18:54:31"}
{"level":"info","message":"Sending 1 previous messages to user in room adadad","service":"chat-app","timestamp":"2026-02-16 18:54:31"}
{"level":"info","message":"User evraldi attempting to join room lemes jirrr","service":"chat-app","timestamp":"2026-02-16 18:54:32"}
{"level":"info","message":"User evraldi joined room lemes jirrr","service":"chat-app","timestamp":"2026-02-16 18:54:32"}
{"level":"info","message":"Sending 1 previous messages to user in room lemes jirrr","service":"chat-app","timestamp":"2026-02-16 18:54:32"}
{"level":"info","message":"User evraldi attempting to join room evraldi","service":"chat-app","timestamp":"2026-02-16 18:54:42"}
{"level":"info","message":"User evraldi joined room evraldi","service":"chat-app","timestamp":"2026-02-16 18:54:42"}
{"level":"info","message":"Sending 7 previous messages to user in room evraldi","service":"chat-app","timestamp":"2026-02-16 18:54:42"}
{"level":"info","message":"User evraldi attempting to join room anjir","service":"chat-app","timestamp":"2026-02-16 18:54:42"}
{"level":"info","message":"User evraldi joined room anjir","service":"chat-app","timestamp":"2026-02-16 18:54:42"}
{"level":"info","message":"Sending 2 previous messages to user in room anjir","service":"chat-app","timestamp":"2026-02-16 18:54:42"}
{"level":"info","message":"User evraldi attempting to join room adadad","service":"chat-app","timestamp":"2026-02-16 18:54:43"}
{"level":"info","message":"User evraldi joined room adadad","service":"chat-app","timestamp":"2026-02-16 18:54:43"}
{"level":"info","message":"Sending 1 previous messages to user in room adadad","service":"chat-app","timestamp":"2026-02-16 18:54:43"}
{"level":"info","message":"User evraldi attempting to join room lemes jirrr","service":"chat-app","timestamp":"2026-02-16 18:54:44"}
{"level":"info","message":"User evraldi joined room lemes jirrr","service":"chat-app","timestamp":"2026-02-16 18:54:44"}
{"level":"info","message":"Sending 1 previous messages to user in room lemes jirrr","service":"chat-app","timestamp":"2026-02-16 18:54:44"}
{"level":"info","message":"User evraldi attempting to join room adadad","service":"chat-app","timestamp":"2026-02-16 18:54:44"}
{"level":"info","message":"User evraldi joined room adadad","service":"chat-app","timestamp":"2026-02-16 18:54:44"}
{"level":"info","message":"Sending 1 previous messages to user in room adadad","service":"chat-app","timestamp":"2026-02-16 18:54:44"}
{"level":"info","message":"User evraldi attempting to join room anjir","service":"chat-app","timestamp":"2026-02-16 18:54:45"}
{"level":"info","message":"User evraldi joined room anjir","service":"chat-app","timestamp":"2026-02-16 18:54:45"}
{"level":"info","message":"Sending 2 previous messages to user in room anjir","service":"chat-app","timestamp":"2026-02-16 18:54:45"}
{"level":"info","message":"User evraldi attempting to join room adadad","service":"chat-app","timestamp":"2026-02-16 18:54:46"}
{"level":"info","message":"User evraldi joined room adadad","service":"chat-app","timestamp":"2026-02-16 18:54:46"}
{"level":"info","message":"Sending 1 previous messages to user in room adadad","service":"chat-app","timestamp":"2026-02-16 18:54:46"}
{"level":"info","message":"User evraldi attempting to join room lemes jirrr","service":"chat-app","timestamp":"2026-02-16 18:54:46"}
{"level":"info","message":"User evraldi joined room lemes jirrr","service":"chat-app","timestamp":"2026-02-16 18:54:46"}
{"level":"info","message":"Sending 1 previous messages to user in room lemes jirrr","service":"chat-app","timestamp":"2026-02-16 18:54:46"}
{"level":"info","message":"User evraldi attempting to join room adadad","service":"chat-app","timestamp":"2026-02-16 18:54:47"}
{"level":"info","message":"User evraldi joined room adadad","service":"chat-app","timestamp":"2026-02-16 18:54:47"}
{"level":"info","message":"Sending 1 previous messages to user in room adadad","service":"chat-app","timestamp":"2026-02-16 18:54:47"}
{"level":"info","message":"User evraldi attempting to join room anjir","service":"chat-app","timestamp":"2026-02-16 18:54:47"}
{"level":"info","message":"User evraldi joined room anjir","service":"chat-app","timestamp":"2026-02-16 18:54:47"}
{"level":"info","message":"Sending 2 previous messages to user in room anjir","service":"chat-app","timestamp":"2026-02-16 18:54:47"}
{"level":"info","message":"User evraldi attempting to join room evraldi","service":"chat-app","timestamp":"2026-02-16 18:54:47"}
{"level":"info","message":"User evraldi joined room evraldi","service":"chat-app","timestamp":"2026-02-16 18:54:47"}
{"level":"info","message":"Sending 7 previous messages to user in room evraldi","service":"chat-app","timestamp":"2026-02-16 18:54:47"}
{"level":"info","message":"User disconnected","reason":"transport close","service":"chat-app","socketId":"76uQ233wDrw1x_4xAAB0","timestamp":"2026-02-16 18:54:49"}
{"level":"info","message":"User connected","service":"chat-app","socketId":"05_TXcGCm_J0X6dOAAB3","timestamp":"2026-02-16 18:54:49"}
{"level":"info","message":"User evraldi attempting to join room anjir","service":"chat-app","timestamp":"2026-02-16 18:54:50"}
{"level":"info","message":"User evraldi joined room anjir","service":"chat-app","timestamp":"2026-02-16 18:54:50"}
{"level":"info","message":"Sending 2 previous messages to user in room anjir","service":"chat-app","timestamp":"2026-02-16 18:54:50"}
{"level":"info","message":"User connected","service":"chat-app","socketId":"V3f6Or0uozrR0p8BAAB5","timestamp":"2026-02-16 18:56:49"}
{"level":"info","message":"User disconnected","reason":"transport close","service":"chat-app","socketId":"V3f6Or0uozrR0p8BAAB5","timestamp":"2026-02-16 18:57:06"}
{"level":"info","message":"User disconnected","reason":"transport close","service":"chat-app","socketId":"05_TXcGCm_J0X6dOAAB3","timestamp":"2026-02-16 18:57:07"}
{"level":"info","message":"User connected","service":"chat-app","socketId":"un5wo2x0LqNdxhNCAAB7","timestamp":"2026-02-16 18:57:07"}
{"level":"info","message":"User disconnected","reason":"transport close","service":"chat-app","socketId":"un5wo2x0LqNdxhNCAAB7","timestamp":"2026-02-16 18:57:32"}
{"level":"info","message":"User connected","service":"chat-app","socketId":"CSlyDZIE9ucvX1BtAAB-","timestamp":"2026-02-16 18:57:32"}
{"level":"info","message":"User disconnected","reason":"transport close","service":"chat-app","socketId":"CSlyDZIE9ucvX1BtAAB-","timestamp":"2026-02-16 18:57:51"}
{"level":"info","message":"User connected","service":"chat-app","socketId":"rWxF7RbvHRo2aUBPAACA","timestamp":"2026-02-16 18:57:52"}
{"level":"info","message":"User disconnected","reason":"transport close","service":"chat-app","socketId":"rWxF7RbvHRo2aUBPAACA","timestamp":"2026-02-16 18:58:44"}
{"level":"info","message":"User connected","service":"chat-app","socketId":"Gu8pm-zHcMlzkbdgAACC","timestamp":"2026-02-16 18:58:44"}
{"level":"info","message":"User disconnected","reason":"transport close","service":"chat-app","socketId":"Gu8pm-zHcMlzkbdgAACC","timestamp":"2026-02-16 18:59:58"}
{"level":"info","message":"User connected","service":"chat-app","socketId":"peGNxYN9K-61aGJbAACF","timestamp":"2026-02-16 18:59:58"}
{"level":"info","message":"User evraldi attempting to join room evraldi","service":"chat-app","timestamp":"2026-02-16 19:00:02"}
{"level":"info","message":"User evraldi joined room evraldi","service":"chat-app","timestamp":"2026-02-16 19:00:02"}
{"level":"info","message":"Sending 7 previous messages to user in room evraldi","service":"chat-app","timestamp":"2026-02-16 19:00:02"}
{"level":"info","message":"User disconnected","reason":"transport close","service":"chat-app","socketId":"peGNxYN9K-61aGJbAACF","timestamp":"2026-02-16 19:00:04"}
{"level":"info","message":"User connected","service":"chat-app","socketId":"qtyMIBc4rgezwtY_AACH","timestamp":"2026-02-16 19:00:04"}
{"level":"info","message":"User evraldi attempting to join room anjir","service":"chat-app","timestamp":"2026-02-16 19:02:49"}
{"level":"info","message":"User evraldi joined room anjir","service":"chat-app","timestamp":"2026-02-16 19:02:49"}
{"level":"info","message":"Sending 2 previous messages to user in room anjir","service":"chat-app","timestamp":"2026-02-16 19:02:49"}
{"level":"info","message":"User evraldi attempting to join room evraldi","service":"chat-app","timestamp":"2026-02-16 19:02:50"}
{"level":"info","message":"User evraldi joined room evraldi","service":"chat-app","timestamp":"2026-02-16 19:02:50"}
{"level":"info","message":"Sending 7 previous messages to user in room evraldi","service":"chat-app","timestamp":"2026-02-16 19:02:50"}
{"level":"info","message":"User disconnected","reason":"transport close","service":"chat-app","socketId":"qtyMIBc4rgezwtY_AACH","timestamp":"2026-02-16 19:02:59"}
{"level":"info","message":"User connected","service":"chat-app","socketId":"AaJ1L6i3269JOiYpAACK","timestamp":"2026-02-16 19:02:59"}
{"level":"info","message":"User disconnected","reason":"transport close","service":"chat-app","socketId":"AaJ1L6i3269JOiYpAACK","timestamp":"2026-02-16 19:03:10"}
{"level":"info","message":"User connected","service":"chat-app","socketId":"fjUk3NNaqwnnSQlCAACM","timestamp":"2026-02-16 19:03:10"}
{"level":"error","message":"Global error handler: request entity too large","service":"chat-app","stack":"PayloadTooLargeError: request entity too large\n    at readStream (D:\\projek\\chat-app\\backend\\node_modules\\raw-body\\index.js:163:17)\n    at getRawBody (D:\\projek\\chat-app\\backend\\node_modules\\raw-body\\index.js:116:12)\n    at read (D:\\projek\\chat-app\\backend\\node_modules\\body-parser\\lib\\read.js:79:3)\n    at jsonParser (D:\\projek\\chat-app\\backend\\node_modules\\body-parser\\lib\\types\\json.js:138:5)\n    at Layer.handle [as handle_request] (D:\\projek\\chat-app\\backend\\node_modules\\express\\lib\\router\\layer.js:95:5)\n    at trim_prefix (D:\\projek\\chat-app\\backend\\node_modules\\express\\lib\\router\\index.js:328:13)\n    at D:\\projek\\chat-app\\backend\\node_modules\\express\\lib\\router\\index.js:286:9\n    at router.process_params (D:\\projek\\chat-app\\backend\\node_modules\\express\\lib\\router\\index.js:346:12)\n    at next (D:\\projek\\chat-app\\backend\\node_modules\\express\\lib\\router\\index.js:280:10)\n    at cors (D:\\projek\\chat-app\\backend\\node_modules\\cors\\lib\\index.js:188:7)","timestamp":"2026-02-16 19:05:08"}
{"level":"info","message":"User disconnected","reason":"transport close","service":"chat-app","socketId":"fjUk3NNaqwnnSQlCAACM","timestamp":"2026-02-16 19:05:28"}
{"level":"info","message":"User connected","service":"chat-app","socketId":"8LHaUzAwws_zjbheAACO","timestamp":"2026-02-16 19:05:29"}
{"level":"error","message":"Global error handler: request entity too large","service":"chat-app","stack":"PayloadTooLargeError: request entity too large\n    at readStream (D:\\projek\\chat-app\\backend\\node_modules\\raw-body\\index.js:163:17)\n    at getRawBody (D:\\projek\\chat-app\\backend\\node_modules\\raw-body\\index.js:116:12)\n    at read (D:\\projek\\chat-app\\backend\\node_modules\\body-parser\\lib\\read.js:79:3)\n    at jsonParser (D:\\projek\\chat-app\\backend\\node_modules\\body-parser\\lib\\types\\json.js:138:5)\n    at Layer.handle [as handle_request] (D:\\projek\\chat-app\\backend\\node_modules\\express\\lib\\router\\layer.js:95:5)\n    at trim_prefix (D:\\projek\\chat-app\\backend\\node_modules\\express\\lib\\router\\index.js:328:13)\n    at D:\\projek\\chat-app\\backend\\node_modules\\express\\lib\\router\\index.js:286:9\n    at router.process_params (D:\\projek\\chat-app\\backend\\node_modules\\express\\lib\\router\\index.js:346:12)\n    at next (D:\\projek\\chat-app\\backend\\node_modules\\express\\lib\\router\\index.js:280:10)\n    at cors (D:\\projek\\chat-app\\backend\\node_modules\\cors\\lib\\index.js:188:7)","timestamp":"2026-02-16 19:05:41"}
{"level":"info","message":"Server running on port 5000","service":"chat-app","timestamp":"2026-02-16 19:07:31"}
{"level":"info","message":"Environment: development","service":"chat-app","timestamp":"2026-02-16 19:07:31"}
{"level":"info","message":"MongoDB connected successfully","service":"chat-app","timestamp":"2026-02-16 19:07:31"}
{"level":"info","message":"User connected","service":"chat-app","socketId":"80bzauxq8GafDslOAAAB","timestamp":"2026-02-16 19:07:31"}
{"level":"info","message":"User disconnected","reason":"transport close","service":"chat-app","socketId":"80bzauxq8GafDslOAAAB","timestamp":"2026-02-16 19:07:36"}
{"level":"info","message":"User connected","service":"chat-app","socketId":"FCYt653JwgI82v72AAAD","timestamp":"2026-02-16 19:07:36"}
{"avatarLength":34799,"bio":"dadada","displayName":"adadada","level":"info","message":"Profile update request for user 6992b479e1124da002c838dd","service":"chat-app","timestamp":"2026-02-16 19:07:46"}
{"level":"info","message":"Profile updated successfully for user 6992b479e1124da002c838dd","service":"chat-app","timestamp":"2026-02-16 19:07:46"}
{"level":"info","message":"User disconnected","reason":"transport close","service":"chat-app","socketId":"FCYt653JwgI82v72AAAD","timestamp":"2026-02-16 19:07:47"}
{"level":"info","message":"User connected","service":"chat-app","socketId":"YH1Py3YDSoVm4oB-AAAG","timestamp":"2026-02-16 19:07:47"}
{"level":"info","message":"User disconnected","reason":"transport close","service":"chat-app","socketId":"YH1Py3YDSoVm4oB-AAAG","timestamp":"2026-02-16 19:07:49"}
{"level":"info","message":"User connected","service":"chat-app","socketId":"BJ3u89qlWESBlLqUAAAJ","timestamp":"2026-02-16 19:07:49"}
{"level":"info","message":"User evraldi attempting to join room lemes jirrr","service":"chat-app","timestamp":"2026-02-16 19:07:52"}
{"level":"info","message":"User evraldi joined room lemes jirrr","service":"chat-app","timestamp":"2026-02-16 19:07:52"}
{"level":"info","message":"Sending 1 previous messages to user in room lemes jirrr","service":"chat-app","timestamp":"2026-02-16 19:07:52"}
{"level":"info","message":"Received sendMessage event","room":"lemes jirrr","service":"chat-app","timestamp":"2026-02-16 19:07:54","username":"evraldi"}
{"id":"6993089aac5135c9d239c5fc","level":"info","message":"Message saved","room":"lemes jirrr","service":"chat-app","timestamp":"2026-02-16 19:07:54"}
{"level":"info","message":"User evraldi leaving room lemes jirrr","service":"chat-app","timestamp":"2026-02-16 19:07:56"}
{"level":"info","message":"User evraldi attempting to join room adadad","service":"chat-app","timestamp":"2026-02-16 19:07:56"}
{"level":"info","message":"User evraldi joined room adadad","service":"chat-app","timestamp":"2026-02-16 19:07:56"}
{"level":"info","message":"Sending 1 previous messages to user in room adadad","service":"chat-app","timestamp":"2026-02-16 19:07:56"}
{"level":"info","message":"User evraldi leaving room adadad","service":"chat-app","timestamp":"2026-02-16 19:07:56"}
{"level":"info","message":"User evraldi attempting to join room anjir","service":"chat-app","timestamp":"2026-02-16 19:07:56"}
{"level":"info","message":"User evraldi joined room anjir","service":"chat-app","timestamp":"2026-02-16 19:07:56"}
{"level":"info","message":"Sending 2 previous messages to user in room anjir","service":"chat-app","timestamp":"2026-02-16 19:07:56"}
{"level":"info","message":"User evraldi leaving room anjir","service":"chat-app","timestamp":"2026-02-16 19:07:57"}
{"level":"info","message":"User evraldi attempting to join room evraldi","service":"chat-app","timestamp":"2026-02-16 19:07:57"}
{"level":"info","message":"User evraldi joined room evraldi","service":"chat-app","timestamp":"2026-02-16 19:07:57"}
{"level":"info","message":"Sending 7 previous messages to user in room evraldi","service":"chat-app","timestamp":"2026-02-16 19:07:57"}
{"level":"info","message":"User evraldi leaving room evraldi","service":"chat-app","timestamp":"2026-02-16 19:07:57"}
{"level":"info","message":"User evraldi attempting to join room anjir","service":"chat-app","timestamp":"2026-02-16 19:07:57"}
{"level":"info","message":"User evraldi joined room anjir","service":"chat-app","timestamp":"2026-02-16 19:07:57"}
{"level":"info","message":"Sending 2 previous messages to user in room anjir","service":"chat-app","timestamp":"2026-02-16 19:07:57"}
{"level":"info","message":"User evraldi leaving room anjir","service":"chat-app","timestamp":"2026-02-16 19:07:57"}
{"level":"info","message":"User evraldi attempting to join room lemes jirrr","service":"chat-app","timestamp":"2026-02-16 19:07:57"}
{"level":"info","message":"User evraldi joined room lemes jirrr","service":"chat-app","timestamp":"2026-02-16 19:07:57"}
{"level":"info","message":"Sending 2 previous messages to user in room lemes jirrr","service":"chat-app","timestamp":"2026-02-16 19:07:57"}
{"level":"info","message":"User evraldi leaving room lemes jirrr","service":"chat-app","timestamp":"2026-02-16 19:07:58"}
{"level":"info","message":"User evraldi attempting to join room anjir","service":"chat-app","timestamp":"2026-02-16 19:07:58"}
{"level":"info","message":"User evraldi joined room anjir","service":"chat-app","timestamp":"2026-02-16 19:07:58"}
{"level":"info","message":"Sending 2 previous messages to user in room anjir","service":"chat-app","timestamp":"2026-02-16 19:07:58"}
{"level":"info","message":"User evraldi leaving room anjir","service":"chat-app","timestamp":"2026-02-16 19:07:58"}
{"level":"info","message":"User evraldi attempting to join room evraldi","service":"chat-app","timestamp":"2026-02-16 19:07:58"}
{"level":"info","message":"User evraldi joined room evraldi","service":"chat-app","timestamp":"2026-02-16 19:07:58"}
{"level":"info","message":"Sending 7 previous messages to user in room evraldi","service":"chat-app","timestamp":"2026-02-16 19:07:58"}
{"level":"info","message":"User disconnected","reason":"transport close","service":"chat-app","socketId":"BJ3u89qlWESBlLqUAAAJ","timestamp":"2026-02-16 19:08:12"}
{"level":"info","message":"User connected","service":"chat-app","socketId":"nGfhpWDZ9H_YZc17AAAL","timestamp":"2026-02-16 19:08:12"}
{"level":"info","message":"User evraldi attempting to join room anjir","service":"chat-app","timestamp":"2026-02-16 19:08:13"}
{"level":"info","message":"User evraldi joined room anjir","service":"chat-app","timestamp":"2026-02-16 19:08:13"}
{"level":"info","message":"Sending 2 previous messages to user in room anjir","service":"chat-app","timestamp":"2026-02-16 19:08:13"}
{"level":"info","message":"User evraldi leaving room anjir","service":"chat-app","timestamp":"2026-02-16 19:08:13"}
{"level":"info","message":"User evraldi attempting to join room evraldi","service":"chat-app","timestamp":"2026-02-16 19:08:13"}
{"level":"info","message":"User evraldi joined room evraldi","service":"chat-app","timestamp":"2026-02-16 19:08:13"}
{"level":"info","message":"Sending 7 previous messages to user in room evraldi","service":"chat-app","timestamp":"2026-02-16 19:08:13"}
{"level":"info","message":"User evraldi leaving room evraldi","service":"chat-app","timestamp":"2026-02-16 19:08:14"}
{"level":"info","message":"User evraldi attempting to join room adadad","service":"chat-app","timestamp":"2026-02-16 19:08:14"}
{"level":"info","message":"User evraldi joined room adadad","service":"chat-app","timestamp":"2026-02-16 19:08:14"}
{"level":"info","message":"Sending 1 previous messages to user in room adadad","service":"chat-app","timestamp":"2026-02-16 19:08:14"}
{"level":"info","message":"User evraldi leaving room adadad","service":"chat-app","timestamp":"2026-02-16 19:08:14"}
{"level":"info","message":"User evraldi attempting to join room lemes jirrr","service":"chat-app","timestamp":"2026-02-16 19:08:14"}
{"level":"info","message":"User evraldi joined room lemes jirrr","service":"chat-app","timestamp":"2026-02-16 19:08:14"}
{"level":"info","message":"Sending 2 previous messages to user in room lemes jirrr","service":"chat-app","timestamp":"2026-02-16 19:08:14"}
{"level":"info","message":"Room created: 699308b0ac5135c9d239c616","name":"dadada","service":"chat-app","timestamp":"2026-02-16 19:08:16"}
{"level":"info","message":"User evraldi leaving room lemes jirrr","service":"chat-app","timestamp":"2026-02-16 19:08:16"}
{"level":"info","message":"User evraldi attempting to join room dadada","service":"chat-app","timestamp":"2026-02-16 19:08:16"}
{"level":"info","message":"User evraldi joined room dadada","service":"chat-app","timestamp":"2026-02-16 19:08:16"}
{"level":"info","message":"Sending 0 previous messages to user in room dadada","service":"chat-app","timestamp":"2026-02-16 19:08:16"}
{"level":"info","message":"Received sendMessage event","room":"dadada","service":"chat-app","timestamp":"2026-02-16 19:08:20","username":"evraldi"}
{"id":"699308b4ac5135c9d239c61a","level":"info","message":"Message saved","room":"dadada","service":"chat-app","timestamp":"2026-02-16 19:08:20"}
{"avatarLength":34799,"bio":"adadadada","displayName":"evraldi cuy","level":"info","message":"Profile update request for user 6992b479e1124da002c838dd","service":"chat-app","timestamp":"2026-02-16 19:08:40"}
{"level":"info","message":"Profile updated successfully for user 6992b479e1124da002c838dd","service":"chat-app","timestamp":"2026-02-16 19:08:40"}
{"level":"info","message":"User disconnected","reason":"transport close","service":"chat-app","socketId":"nGfhpWDZ9H_YZc17AAAL","timestamp":"2026-02-16 19:08:41"}
{"level":"info","message":"User connected","service":"chat-app","socketId":"fYmOjrjzoyeamyTdAAAO","timestamp":"2026-02-16 19:08:42"}
{"level":"info","message":"User evraldi attempting to join room evraldi","service":"chat-app","timestamp":"2026-02-16 19:08:53"}
{"level":"info","message":"User evraldi joined room evraldi","service":"chat-app","timestamp":"2026-02-16 19:08:53"}
{"level":"info","message":"Sending 7 previous messages to user in room evraldi","service":"chat-app","timestamp":"2026-02-16 19:08:53"}
{"level":"info","message":"User disconnected","reason":"client namespace disconnect","service":"chat-app","socketId":"fYmOjrjzoyeamyTdAAAO","timestamp":"2026-02-16 19:09:22"}
{"level":"info","message":"User logged in: 6992b78de1124da002c838fa","service":"chat-app","timestamp":"2026-02-16 19:09:25","username":"anjay"}
{"level":"info","message":"User connected","service":"chat-app","socketId":"o1b_HWdOvPYli_pbAAAQ","timestamp":"2026-02-16 19:09:25"}
{"level":"info","message":"User logged in: 6992b479e1124da002c838dd","service":"chat-app","timestamp":"2026-02-16 19:09:33","username":"evraldi"}
{"level":"info","message":"User connected","service":"chat-app","socketId":"yFEQ79yocNYRSnQtAAAS","timestamp":"2026-02-16 19:09:33"}
{"level":"info","message":"User evraldi attempting to join room evraldi","service":"chat-app","timestamp":"2026-02-16 19:09:34"}
{"level":"info","message":"User evraldi joined room evraldi","service":"chat-app","timestamp":"2026-02-16 19:09:34"}
{"level":"info","message":"Sending 7 previous messages to user in room evraldi","service":"chat-app","timestamp":"2026-02-16 19:09:34"}
{"level":"info","message":"Room created: 69930904ac5135c9d239c629","name":"testing","service":"chat-app","timestamp":"2026-02-16 19:09:40"}
{"level":"info","message":"User evraldi leaving room evraldi","service":"chat-app","timestamp":"2026-02-16 19:09:40"}
{"level":"info","message":"User evraldi attempting to join room testing","service":"chat-app","timestamp":"2026-02-16 19:09:40"}
{"level":"info","message":"User evraldi joined room testing","service":"chat-app","timestamp":"2026-02-16 19:09:40"}
{"level":"info","message":"Sending 0 previous messages to user in room testing","service":"chat-app","timestamp":"2026-02-16 19:09:40"}
{"level":"info","message":"Received sendMessage event","room":"testing","service":"chat-app","timestamp":"2026-02-16 19:09:43","username":"evraldi"}
{"id":"69930907ac5135c9d239c62d","level":"info","message":"Message saved","room":"testing","service":"chat-app","timestamp":"2026-02-16 19:09:43"}
{"level":"info","message":"User disconnected","reason":"transport close","service":"chat-app","socketId":"o1b_HWdOvPYli_pbAAAQ","timestamp":"2026-02-16 19:09:47"}
{"level":"info","message":"User connected","service":"chat-app","socketId":"0qqOaRdKT9kyimy_AAAV","timestamp":"2026-02-16 19:09:47"}
{"level":"info","message":"User anjay attempting to join room testing","service":"chat-app","timestamp":"2026-02-16 19:09:47"}
{"level":"info","message":"User anjay joined room testing","service":"chat-app","timestamp":"2026-02-16 19:09:47"}
{"level":"info","message":"Sending 1 previous messages to user in room testing","service":"chat-app","timestamp":"2026-02-16 19:09:47"}
{"level":"info","message":"Received sendMessage event","room":"testing","service":"chat-app","timestamp":"2026-02-16 19:09:51","username":"anjay"}
{"id":"6993090fac5135c9d239c633","level":"info","message":"Message saved","room":"testing","service":"chat-app","timestamp":"2026-02-16 19:09:51"}
{"avatarLength":0,"bio":"","displayName":"pemai slur","level":"info","message":"Profile update request for user 6992b78de1124da002c838fa","service":"chat-app","timestamp":"2026-02-16 19:10:01"}
{"level":"info","message":"Profile updated successfully for user 6992b78de1124da002c838fa","service":"chat-app","timestamp":"2026-02-16 19:10:01"}
{"level":"info","message":"User disconnected","reason":"transport close","service":"chat-app","socketId":"0qqOaRdKT9kyimy_AAAV","timestamp":"2026-02-16 19:10:02"}
{"level":"info","message":"User connected","service":"chat-app","socketId":"zYCo7LxqoUYo-pt_AAAY","timestamp":"2026-02-16 19:10:03"}
{"level":"info","message":"User anjay attempting to join room testing","service":"chat-app","timestamp":"2026-02-16 19:10:03"}
{"level":"info","message":"User anjay joined room testing","service":"chat-app","timestamp":"2026-02-16 19:10:03"}
{"level":"info","message":"Sending 2 previous messages to user in room testing","service":"chat-app","timestamp":"2026-02-16 19:10:03"}
{"level":"info","message":"User disconnected","reason":"transport close","service":"chat-app","socketId":"yFEQ79yocNYRSnQtAAAS","timestamp":"2026-02-16 19:10:07"}
{"level":"info","message":"User connected","service":"chat-app","socketId":"xB-7uD4f6SJ_bqXGAAAa","timestamp":"2026-02-16 19:10:07"}
{"level":"info","message":"User evraldi attempting to join room testing","service":"chat-app","timestamp":"2026-02-16 19:10:08"}
{"level":"info","message":"User evraldi joined room testing","service":"chat-app","timestamp":"2026-02-16 19:10:08"}
{"level":"info","message":"Sending 2 previous messages to user in room testing","service":"chat-app","timestamp":"2026-02-16 19:10:08"}
{"level":"info","message":"User disconnected","reason":"transport close","service":"chat-app","socketId":"zYCo7LxqoUYo-pt_AAAY","timestamp":"2026-02-16 19:11:34"}
{"level":"info","message":"User connected","service":"chat-app","socketId":"vL2Rx-6krRpxy_MlAAAd","timestamp":"2026-02-16 19:11:34"}
{"level":"error","message":"Global error handler: request entity too large","method":"PUT","service":"chat-app","stack":"PayloadTooLargeError: request entity too large\n    at readStream (D:\\projek\\chat-app\\backend\\node_modules\\raw-body\\index.js:163:17)\n    at getRawBody (D:\\projek\\chat-app\\backend\\node_modules\\raw-body\\index.js:116:12)\n    at read (D:\\projek\\chat-app\\backend\\node_modules\\body-parser\\lib\\read.js:79:3)\n    at jsonParser (D:\\projek\\chat-app\\backend\\node_modules\\body-parser\\lib\\types\\json.js:138:5)\n    at Layer.handle [as handle_request] (D:\\projek\\chat-app\\backend\\node_modules\\express\\lib\\router\\layer.js:95:5)\n    at trim_prefix (D:\\projek\\chat-app\\backend\\node_modules\\express\\lib\\router\\index.js:328:13)\n    at D:\\projek\\chat-app\\backend\\node_modules\\express\\lib\\router\\index.js:286:9\n    at router.process_params (D:\\projek\\chat-app\\backend\\node_modules\\express\\lib\\router\\index.js:346:12)\n    at next (D:\\projek\\chat-app\\backend\\node_modules\\express\\lib\\router\\index.js:280:10)\n    at cors (D:\\projek\\chat-app\\backend\\node_modules\\cors\\lib\\index.js:188:7)","timestamp":"2026-02-16 19:11:39","url":"/profile"}
{"avatarLength":34799,"bio":"","displayName":"","level":"info","message":"Profile update request for user 6992b78de1124da002c838fa","service":"chat-app","timestamp":"2026-02-16 19:11:45"}
{"level":"info","message":"Profile updated successfully for user 6992b78de1124da002c838fa","service":"chat-app","timestamp":"2026-02-16 19:11:45"}
{"level":"info","message":"User disconnected","reason":"transport close","service":"chat-app","socketId":"vL2Rx-6krRpxy_MlAAAd","timestamp":"2026-02-16 19:11:46"}
{"level":"info","message":"User connected","service":"chat-app","socketId":"YI3NC8XeqvianktoAAAf","timestamp":"2026-02-16 19:11:47"}
{"level":"info","message":"User disconnected","reason":"transport close","service":"chat-app","socketId":"YI3NC8XeqvianktoAAAf","timestamp":"2026-02-16 19:11:54"}
{"level":"info","message":"User connected","service":"chat-app","socketId":"ihSNuMnhsb7wInn7AAAh","timestamp":"2026-02-16 19:11:54"}
{"level":"info","message":"User anjay attempting to join room adadad","service":"chat-app","timestamp":"2026-02-16 19:11:55"}
{"level":"info","message":"User anjay joined room adadad","service":"chat-app","timestamp":"2026-02-16 19:11:55"}
{"level":"info","message":"Sending 1 previous messages to user in room adadad","service":"chat-app","timestamp":"2026-02-16 19:11:55"}
{"level":"info","message":"User anjay leaving room adadad","service":"chat-app","timestamp":"2026-02-16 19:11:56"}
{"level":"info","message":"User anjay attempting to join room dadada","service":"chat-app","timestamp":"2026-02-16 19:11:56"}
{"level":"info","message":"User anjay joined room dadada","service":"chat-app","timestamp":"2026-02-16 19:11:56"}
{"level":"info","message":"Sending 1 previous messages to user in room dadada","service":"chat-app","timestamp":"2026-02-16 19:11:56"}
{"level":"info","message":"User anjay leaving room dadada","service":"chat-app","timestamp":"2026-02-16 19:12:00"}
{"level":"info","message":"User anjay attempting to join room testing","service":"chat-app","timestamp":"2026-02-16 19:12:00"}
{"level":"info","message":"User anjay joined room testing","service":"chat-app","timestamp":"2026-02-16 19:12:00"}
{"level":"info","message":"Sending 2 previous messages to user in room testing","service":"chat-app","timestamp":"2026-02-16 19:12:00"}
{"level":"info","message":"Server running on port 5000","service":"chat-app","timestamp":"2026-02-16 19:12:44"}
{"level":"info","message":"Environment: development","service":"chat-app","timestamp":"2026-02-16 19:12:44"}
{"level":"info","message":"MongoDB connected successfully","service":"chat-app","timestamp":"2026-02-16 19:12:44"}
{"level":"info","message":"User connected","service":"chat-app","socketId":"Fgxb6Yj0Q026z8LMAAAB","timestamp":"2026-02-16 19:12:44"}
{"level":"info","message":"User connected","service":"chat-app","socketId":"JFEWJYyiokoGF05AAAAD","timestamp":"2026-02-16 19:12:45"}
{"level":"info","message":"User disconnected","reason":"transport close","service":"chat-app","socketId":"JFEWJYyiokoGF05AAAAD","timestamp":"2026-02-16 19:12:47"}
{"level":"info","message":"User connected","service":"chat-app","socketId":"bnBhCuQwg9NS_0M7AAAG","timestamp":"2026-02-16 19:12:48"}
{"avatarLength":34799,"bio":"","displayName":"","level":"info","message":"Profile update request for user 6992b78de1124da002c838fa","service":"chat-app","timestamp":"2026-02-16 19:12:52"}
{"level":"info","message":"Profile updated successfully for user 6992b78de1124da002c838fa","service":"chat-app","timestamp":"2026-02-16 19:12:52"}
{"level":"info","message":"User disconnected","reason":"transport close","service":"chat-app","socketId":"bnBhCuQwg9NS_0M7AAAG","timestamp":"2026-02-16 19:12:53"}
{"level":"info","message":"User connected","service":"chat-app","socketId":"Ycp8NphDBb3mU4OZAAAJ","timestamp":"2026-02-16 19:12:53"}
{"level":"info","message":"User anjay attempting to join room testing","service":"chat-app","timestamp":"2026-02-16 19:12:56"}
{"level":"info","message":"User anjay joined room testing","service":"chat-app","timestamp":"2026-02-16 19:12:56"}
{"level":"info","message":"Sending 2 previous messages to user in room testing","service":"chat-app","timestamp":"2026-02-16 19:12:56"}
{"level":"info","message":"User disconnected","reason":"transport close","service":"chat-app","socketId":"Fgxb6Yj0Q026z8LMAAAB","timestamp":"2026-02-16 19:13:00"}
{"level":"info","message":"User connected","service":"chat-app","socketId":"u-7iCGkDkon0c4QaAAAM","timestamp":"2026-02-16 19:13:00"}
{"level":"info","message":"User evraldi attempting to join room testing","service":"chat-app","timestamp":"2026-02-16 19:13:01"}
{"level":"info","message":"User evraldi joined room testing","service":"chat-app","timestamp":"2026-02-16 19:13:01"}
{"level":"info","message":"Sending 2 previous messages to user in room testing","service":"chat-app","timestamp":"2026-02-16 19:13:01"}
{"level":"info","message":"Received sendMessage event","room":"testing","service":"chat-app","timestamp":"2026-02-16 19:13:04","username":"evraldi"}
{"id":"699309d00e0e31cdeb66b0a1","level":"info","message":"Message saved","room":"testing","service":"chat-app","timestamp":"2026-02-16 19:13:04"}
{"level":"info","message":"Received sendMessage event","room":"testing","service":"chat-app","timestamp":"2026-02-16 19:13:07","username":"anjay"}
{"id":"699309d30e0e31cdeb66b0a3","level":"info","message":"Message saved","room":"testing","service":"chat-app","timestamp":"2026-02-16 19:13:07"}
{"level":"info","message":"Server running on port 5000","service":"chat-app","timestamp":"2026-02-16 19:14:43"}
{"level":"info","message":"Environment: development","service":"chat-app","timestamp":"2026-02-16 19:14:43"}
{"level":"info","message":"MongoDB connected successfully","service":"chat-app","timestamp":"2026-02-16 19:14:43"}
{"level":"info","message":"User connected","service":"chat-app","socketId":"PGkkghDZwfjVPz0lAAAB","timestamp":"2026-02-16 19:14:43"}
{"level":"info","message":"User connected","service":"chat-app","socketId":"PjqjdYobWN9yqR1GAAAD","timestamp":"2026-02-16 19:14:43"}
{"level":"info","message":"User disconnected","reason":"transport close","service":"chat-app","socketId":"PGkkghDZwfjVPz0lAAAB","timestamp":"2026-02-16 19:14:46"}
{"level":"info","message":"User connected","service":"chat-app","socketId":"s3TE8gu4QxitVnmjAAAG","timestamp":"2026-02-16 19:14:46"}
{"avatarLength":0,"bio":"","displayName":"adadadada","level":"info","message":"Profile update request for user 6992b78de1124da002c838fa","service":"chat-app","timestamp":"2026-02-16 19:14:49"}
{"level":"info","message":"Profile updated successfully for user 6992b78de1124da002c838fa","service":"chat-app","timestamp":"2026-02-16 19:14:49"}
{"level":"info","message":"User disconnected","reason":"transport close","service":"chat-app","socketId":"s3TE8gu4QxitVnmjAAAG","timestamp":"2026-02-16 19:14:51"}
{"level":"info","message":"User connected","service":"chat-app","socketId":"bM1afjEBI2u4EZ6tAAAJ","timestamp":"2026-02-16 19:14:51"}
{"level":"info","message":"User anjay attempting to join room testing","service":"chat-app","timestamp":"2026-02-16 19:14:52"}
{"level":"info","message":"User anjay joined room testing","service":"chat-app","timestamp":"2026-02-16 19:14:52"}
{"level":"info","message":"Sending 4 previous messages to user in room testing","service":"chat-app","timestamp":"2026-02-16 19:14:52"}
{"level":"info","message":"User disconnected","reason":"transport close","service":"chat-app","socketId":"PjqjdYobWN9yqR1GAAAD","timestamp":"2026-02-16 19:14:55"}
{"level":"info","message":"User connected","service":"chat-app","socketId":"j80P1T-4UH90UzY6AAAM","timestamp":"2026-02-16 19:14:55"}
{"level":"info","message":"User disconnected","reason":"transport close","service":"chat-app","socketId":"j80P1T-4UH90UzY6AAAM","timestamp":"2026-02-16 19:14:55"}
{"level":"info","message":"User connected","service":"chat-app","socketId":"-sbJWSDbp8nIlowIAAAO","timestamp":"2026-02-16 19:14:55"}
{"level":"info","message":"User evraldi attempting to join room testing","service":"chat-app","timestamp":"2026-02-16 19:14:56"}
{"level":"info","message":"User evraldi joined room testing","service":"chat-app","timestamp":"2026-02-16 19:14:56"}
{"level":"info","message":"Sending 4 previous messages to user in room testing","service":"chat-app","timestamp":"2026-02-16 19:14:56"}
{"avatarLength":34799,"bio":"","displayName":"anjing capek","level":"info","message":"Profile update request for user 6992b78de1124da002c838fa","service":"chat-app","timestamp":"2026-02-16 19:15:19"}
{"level":"info","message":"Profile updated successfully for user 6992b78de1124da002c838fa","service":"chat-app","timestamp":"2026-02-16 19:15:19"}
{"level":"info","message":"User disconnected","reason":"transport close","service":"chat-app","socketId":"bM1afjEBI2u4EZ6tAAAJ","timestamp":"2026-02-16 19:15:20"}
{"level":"info","message":"User connected","service":"chat-app","socketId":"au1TRugAhmpGE4xXAAAQ","timestamp":"2026-02-16 19:15:20"}
{"level":"info","message":"User anjay attempting to join room testing","service":"chat-app","timestamp":"2026-02-16 19:15:26"}
{"level":"info","message":"User anjay joined room testing","service":"chat-app","timestamp":"2026-02-16 19:15:26"}
{"level":"info","message":"Sending 4 previous messages to user in room testing","service":"chat-app","timestamp":"2026-02-16 19:15:26"}
{"level":"info","message":"User disconnected","reason":"transport close","service":"chat-app","socketId":"au1TRugAhmpGE4xXAAAQ","timestamp":"2026-02-16 19:15:44"}
{"level":"info","message":"User connected","service":"chat-app","socketId":"137EEgI5F1G8Me0dAAAS","timestamp":"2026-02-16 19:15:44"}
{"level":"info","message":"User disconnected","reason":"transport close","service":"chat-app","socketId":"137EEgI5F1G8Me0dAAAS","timestamp":"2026-02-16 19:15:50"}
{"level":"info","message":"User connected","service":"chat-app","socketId":"8t68TIKODfHjiTUYAAAV","timestamp":"2026-02-16 19:15:50"}
{"avatarLength":0,"bio":"dadada","displayName":"capek ngab","level":"info","message":"Profile update request for user 6992b78de1124da002c838fa","service":"chat-app","timestamp":"2026-02-16 19:16:03"}
{"level":"info","message":"Profile updated successfully for user 6992b78de1124da002c838fa","service":"chat-app","timestamp":"2026-02-16 19:16:03"}
{"avatarLength":34799,"bio":"dadada","displayName":"capek ngab","level":"info","message":"Profile update request for user 6992b78de1124da002c838fa","service":"chat-app","timestamp":"2026-02-16 19:17:06"}
{"level":"info","message":"Profile updated successfully for user 6992b78de1124da002c838fa","service":"chat-app","timestamp":"2026-02-16 19:17:06"}
{"level":"info","message":"User disconnected","reason":"transport close","service":"chat-app","socketId":"8t68TIKODfHjiTUYAAAV","timestamp":"2026-02-16 19:19:46"}
{"level":"info","message":"User connected","service":"chat-app","socketId":"BljUiJll4XpCBA84AAAY","timestamp":"2026-02-16 19:19:47"}
{"level":"info","message":"User disconnected","reason":"transport close","service":"chat-app","socketId":"-sbJWSDbp8nIlowIAAAO","timestamp":"2026-02-16 19:19:51"}
{"level":"info","message":"User connected","service":"chat-app","socketId":"zs_5ibhQ7tm9C5yrAAAa","timestamp":"2026-02-16 19:19:51"}
{"level":"info","message":"User disconnected","reason":"transport close","service":"chat-app","socketId":"zs_5ibhQ7tm9C5yrAAAa","timestamp":"2026-02-16 19:19:52"}
{"level":"info","message":"User connected","service":"chat-app","socketId":"-hPsbyhu2iRGb-IMAAAd","timestamp":"2026-02-16 19:19:52"}
{"level":"info","message":"User disconnected","reason":"client namespace disconnect","service":"chat-app","socketId":"-hPsbyhu2iRGb-IMAAAd","timestamp":"2026-02-16 19:19:53"}
{"level":"info","message":"User disconnected","reason":"client namespace disconnect","service":"chat-app","socketId":"BljUiJll4XpCBA84AAAY","timestamp":"2026-02-16 19:19:58"}
{"level":"info","message":"User logged in: 6992b479e1124da002c838dd","service":"chat-app","timestamp":"2026-02-16 19:20:04","username":"evraldi"}
{"level":"info","message":"User connected","service":"chat-app","socketId":"XjUT-lnomcRb7aAfAAAf","timestamp":"2026-02-16 19:20:04"}
{"avatarLength":34799,"bio":"dadada","displayName":"dadadada","level":"info","message":"Profile update request for user 6992b479e1124da002c838dd","service":"chat-app","timestamp":"2026-02-16 19:20:13"}
{"level":"info","message":"Profile updated successfully for user 6992b479e1124da002c838dd","service":"chat-app","timestamp":"2026-02-16 19:20:13"}
{"level":"info","message":"User disconnected","reason":"transport close","service":"chat-app","socketId":"XjUT-lnomcRb7aAfAAAf","timestamp":"2026-02-16 19:20:14"}
{"level":"info","message":"User connected","service":"chat-app","socketId":"x21cY5_ztwT52J2LAAAh","timestamp":"2026-02-16 19:20:15"}
{"level":"info","message":"User evraldi attempting to join room testing","service":"chat-app","timestamp":"2026-02-16 19:20:17"}
{"level":"info","message":"User evraldi joined room testing","service":"chat-app","timestamp":"2026-02-16 19:20:17"}
{"level":"info","message":"Sending 4 previous messages to user in room testing","service":"chat-app","timestamp":"2026-02-16 19:20:17"}
{"level":"info","message":"User logged in: 6992b893e1124da002c8395f","service":"chat-app","timestamp":"2026-02-16 19:20:27","username":"testing"}
{"level":"info","message":"User connected","service":"chat-app","socketId":"ukhsquLpqmjtsB5sAAAj","timestamp":"2026-02-16 19:20:27"}
{"level":"info","message":"User testing attempting to join room testing","service":"chat-app","timestamp":"2026-02-16 19:20:29"}
{"level":"info","message":"User testing joined room testing","service":"chat-app","timestamp":"2026-02-16 19:20:29"}
{"level":"info","message":"Sending 4 previous messages to user in room testing","service":"chat-app","timestamp":"2026-02-16 19:20:29"}
{"level":"info","message":"Received sendMessage event","room":"testing","service":"chat-app","timestamp":"2026-02-16 19:20:32","username":"testing"}
{"id":"69930b90f7953de4171d5155","level":"info","message":"Message saved","room":"testing","service":"chat-app","timestamp":"2026-02-16 19:20:32"}
{"level":"info","message":"Received sendMessage event","room":"testing","service":"chat-app","timestamp":"2026-02-16 19:20:40","username":"evraldi"}
{"id":"69930b98f7953de4171d5157","level":"info","message":"Message saved","room":"testing","service":"chat-app","timestamp":"2026-02-16 19:20:40"}
{"level":"info","message":"User disconnected","reason":"client namespace disconnect","service":"chat-app","socketId":"x21cY5_ztwT52J2LAAAh","timestamp":"2026-02-16 19:20:56"}
{"level":"info","message":"User logged in: 6992b479e1124da002c838dd","service":"chat-app","timestamp":"2026-02-16 19:20:59","username":"evraldi"}
{"level":"info","message":"User connected","service":"chat-app","socketId":"8OAtNjRGz65vyVzQAAAl","timestamp":"2026-02-16 19:20:59"}
{"level":"info","message":"Server running on port 5000","service":"chat-app","timestamp":"2026-02-16 19:21:47"}
{"level":"info","message":"Environment: development","service":"chat-app","timestamp":"2026-02-16 19:21:47"}
{"level":"info","message":"MongoDB connected successfully","service":"chat-app","timestamp":"2026-02-16 19:21:47"}
{"level":"info","message":"User connected","service":"chat-app","socketId":"HeNwBjxNNgSs-uiEAAAB","timestamp":"2026-02-16 19:21:47"}
{"level":"info","message":"User connected","service":"chat-app","socketId":"j2xp73yV14_l_pf_AAAD","timestamp":"2026-02-16 19:21:47"}
{"level":"info","message":"User disconnected","reason":"transport close","service":"chat-app","socketId":"j2xp73yV14_l_pf_AAAD","timestamp":"2026-02-16 19:21:48"}
{"level":"info","message":"User connected","service":"chat-app","socketId":"NwkyEzmZw5xee1s2AAAF","timestamp":"2026-02-16 19:21:48"}
{"level":"info","message":"User disconnected","reason":"client namespace disconnect","service":"chat-app","socketId":"NwkyEzmZw5xee1s2AAAF","timestamp":"2026-02-16 19:21:50"}
{"level":"info","message":"User logged in: 6992b479e1124da002c838dd","service":"chat-app","timestamp":"2026-02-16 19:21:53","username":"evraldi"}
{"level":"info","message":"User connected","service":"chat-app","socketId":"JIT75O5qT3w6tC--AAAH","timestamp":"2026-02-16 19:21:53"}
{"level":"info","message":"Server running on port 5000","service":"chat-app","timestamp":"2026-02-20 20:24:13"}
{"level":"info","message":"Environment: development","service":"chat-app","timestamp":"2026-02-20 20:24:13"}
{"level":"info","message":"MongoDB connected successfully","service":"chat-app","timestamp":"2026-02-20 20:24:13"}
{"level":"info","message":"User logged in: 6992b479e1124da002c838dd","service":"chat-app","timestamp":"2026-02-20 20:25:30","username":"evraldi"}
{"level":"info","message":"User connected","service":"chat-app","socketId":"vZq4vP7Bxfj9rji1AAAB","timestamp":"2026-02-20 20:25:30"}
{"level":"info","message":"User evraldi attempting to join room evraldi","service":"chat-app","timestamp":"2026-02-20 20:25:31"}
{"level":"info","message":"User evraldi joined room evraldi","service":"chat-app","timestamp":"2026-02-20 20:25:31"}
{"level":"info","message":"Sending 7 previous messages to user in room evraldi","service":"chat-app","timestamp":"2026-02-20 20:25:31"}
{"level":"info","message":"User evraldi leaving room evraldi","service":"chat-app","timestamp":"2026-02-20 20:25:32"}
{"level":"info","message":"User evraldi attempting to join room anjir","service":"chat-app","timestamp":"2026-02-20 20:25:32"}
{"level":"info","message":"User evraldi joined room anjir","service":"chat-app","timestamp":"2026-02-20 20:25:32"}
{"level":"info","message":"Sending 2 previous messages to user in room anjir","service":"chat-app","timestamp":"2026-02-20 20:25:32"}
{"level":"info","message":"User evraldi leaving room anjir","service":"chat-app","timestamp":"2026-02-20 20:25:32"}
{"level":"info","message":"User evraldi attempting to join room adadad","service":"chat-app","timestamp":"2026-02-20 20:25:32"}
{"level":"info","message":"User evraldi joined room adadad","service":"chat-app","timestamp":"2026-02-20 20:25:32"}
{"level":"info","message":"Sending 1 previous messages to user in room adadad","service":"chat-app","timestamp":"2026-02-20 20:25:32"}
{"level":"info","message":"User evraldi leaving room adadad","service":"chat-app","timestamp":"2026-02-20 20:25:33"}
{"level":"info","message":"User evraldi attempting to join room lemes jirrr","service":"chat-app","timestamp":"2026-02-20 20:25:33"}
{"level":"info","message":"User evraldi joined room lemes jirrr","service":"chat-app","timestamp":"2026-02-20 20:25:33"}
{"level":"info","message":"Sending 2 previous messages to user in room lemes jirrr","service":"chat-app","timestamp":"2026-02-20 20:25:33"}
{"level":"info","message":"User evraldi leaving room lemes jirrr","service":"chat-app","timestamp":"2026-02-20 20:25:33"}
{"level":"info","message":"User evraldi attempting to join room dadada","service":"chat-app","timestamp":"2026-02-20 20:25:33"}
{"level":"info","message":"User evraldi joined room dadada","service":"chat-app","timestamp":"2026-02-20 20:25:33"}
{"level":"info","message":"Sending 1 previous messages to user in room dadada","service":"chat-app","timestamp":"2026-02-20 20:25:33"}
{"level":"info","message":"User evraldi leaving room dadada","service":"chat-app","timestamp":"2026-02-20 20:25:34"}
{"level":"info","message":"User evraldi attempting to join room adadad","service":"chat-app","timestamp":"2026-02-20 20:25:34"}
{"level":"info","message":"User evraldi joined room adadad","service":"chat-app","timestamp":"2026-02-20 20:25:34"}
{"level":"info","message":"Sending 1 previous messages to user in room adadad","service":"chat-app","timestamp":"2026-02-20 20:25:34"}
{"level":"info","message":"User evraldi leaving room adadad","service":"chat-app","timestamp":"2026-02-20 20:25:34"}
{"level":"info","message":"User evraldi attempting to join room anjir","service":"chat-app","timestamp":"2026-02-20 20:25:34"}
{"level":"info","message":"User evraldi joined room anjir","service":"chat-app","timestamp":"2026-02-20 20:25:34"}
{"level":"info","message":"Sending 2 previous messages to user in room anjir","service":"chat-app","timestamp":"2026-02-20 20:25:34"}
{"level":"info","message":"User evraldi leaving room anjir","service":"chat-app","timestamp":"2026-02-20 20:25:35"}
{"level":"info","message":"User evraldi attempting to join room adadad","service":"chat-app","timestamp":"2026-02-20 20:25:35"}
{"level":"info","message":"User evraldi joined room adadad","service":"chat-app","timestamp":"2026-02-20 20:25:35"}
{"level":"info","message":"Sending 1 previous messages to user in room adadad","service":"chat-app","timestamp":"2026-02-20 20:25:35"}
{"level":"info","message":"User evraldi leaving room adadad","service":"chat-app","timestamp":"2026-02-20 20:25:35"}
{"level":"info","message":"User evraldi attempting to join room lemes jirrr","service":"chat-app","timestamp":"2026-02-20 20:25:35"}
{"level":"info","message":"User evraldi joined room lemes jirrr","service":"chat-app","timestamp":"2026-02-20 20:25:35"}
{"level":"info","message":"Sending 2 previous messages to user in room lemes jirrr","service":"chat-app","timestamp":"2026-02-20 20:25:35"}
{"level":"info","message":"User evraldi leaving room lemes jirrr","service":"chat-app","timestamp":"2026-02-20 20:25:35"}
{"level":"info","message":"User evraldi attempting to join room dadada","service":"chat-app","timestamp":"2026-02-20 20:25:35"}
{"level":"info","message":"User evraldi joined room dadada","service":"chat-app","timestamp":"2026-02-20 20:25:35"}
{"level":"info","message":"Sending 1 previous messages to user in room dadada","service":"chat-app","timestamp":"2026-02-20 20:25:35"}
{"level":"info","message":"User evraldi leaving room dadada","service":"chat-app","timestamp":"2026-02-20 20:25:36"}
{"level":"info","message":"User evraldi attempting to join room testing","service":"chat-app","timestamp":"2026-02-20 20:25:36"}
{"level":"info","message":"User evraldi joined room testing","service":"chat-app","timestamp":"2026-02-20 20:25:36"}
{"level":"info","message":"Sending 6 previous messages to user in room testing","service":"chat-app","timestamp":"2026-02-20 20:25:36"}
{"level":"info","message":"User evraldi leaving room testing","service":"chat-app","timestamp":"2026-02-20 20:25:37"}
{"level":"info","message":"User evraldi attempting to join room dadada","service":"chat-app","timestamp":"2026-02-20 20:25:37"}
{"level":"info","message":"User evraldi joined room dadada","service":"chat-app","timestamp":"2026-02-20 20:25:37"}
{"level":"info","message":"Sending 1 previous messages to user in room dadada","service":"chat-app","timestamp":"2026-02-20 20:25:37"}
{"level":"info","message":"User evraldi leaving room dadada","service":"chat-app","timestamp":"2026-02-20 20:25:37"}
{"level":"info","message":"User evraldi attempting to join room lemes jirrr","service":"chat-app","timestamp":"2026-02-20 20:25:37"}
{"level":"info","message":"User evraldi joined room lemes jirrr","service":"chat-app","timestamp":"2026-02-20 20:25:37"}
{"level":"info","message":"Sending 2 previous messages to user in room lemes jirrr","service":"chat-app","timestamp":"2026-02-20 20:25:37"}
{"level":"info","message":"User evraldi leaving room lemes jirrr","service":"chat-app","timestamp":"2026-02-20 20:25:37"}
{"level":"info","message":"User evraldi attempting to join room adadad","service":"chat-app","timestamp":"2026-02-20 20:25:37"}
{"level":"info","message":"User evraldi joined room adadad","service":"chat-app","timestamp":"2026-02-20 20:25:37"}
{"level":"info","message":"Sending 1 previous messages to user in room adadad","service":"chat-app","timestamp":"2026-02-20 20:25:37"}
{"level":"info","message":"User evraldi leaving room adadad","service":"chat-app","timestamp":"2026-02-20 20:25:38"}
{"level":"info","message":"User evraldi attempting to join room anjir","service":"chat-app","timestamp":"2026-02-20 20:25:38"}
{"level":"info","message":"User evraldi joined room anjir","service":"chat-app","timestamp":"2026-02-20 20:25:38"}
{"level":"info","message":"Sending 2 previous messages to user in room anjir","service":"chat-app","timestamp":"2026-02-20 20:25:38"}
{"level":"info","message":"User evraldi leaving room anjir","service":"chat-app","timestamp":"2026-02-20 20:25:38"}
{"level":"info","message":"User evraldi attempting to join room evraldi","service":"chat-app","timestamp":"2026-02-20 20:25:38"}
{"level":"info","message":"User evraldi joined room evraldi","service":"chat-app","timestamp":"2026-02-20 20:25:38"}
{"level":"info","message":"Sending 7 previous messages to user in room evraldi","service":"chat-app","timestamp":"2026-02-20 20:25:38"}
{"level":"info","message":"User evraldi leaving room evraldi","service":"chat-app","timestamp":"2026-02-20 20:25:39"}
{"level":"info","message":"User evraldi attempting to join room anjir","service":"chat-app","timestamp":"2026-02-20 20:25:39"}
{"level":"info","message":"User evraldi joined room anjir","service":"chat-app","timestamp":"2026-02-20 20:25:39"}
{"level":"info","message":"Sending 2 previous messages to user in room anjir","service":"chat-app","timestamp":"2026-02-20 20:25:39"}
{"level":"info","message":"User evraldi leaving room anjir","service":"chat-app","timestamp":"2026-02-20 20:25:39"}
{"level":"info","message":"User evraldi attempting to join room adadad","service":"chat-app","timestamp":"2026-02-20 20:25:39"}
{"level":"info","message":"User evraldi joined room adadad","service":"chat-app","timestamp":"2026-02-20 20:25:39"}
{"level":"info","message":"Sending 1 previous messages to user in room adadad","service":"chat-app","timestamp":"2026-02-20 20:25:39"}
{"level":"info","message":"User evraldi leaving room adadad","service":"chat-app","timestamp":"2026-02-20 20:25:40"}
{"level":"info","message":"User evraldi attempting to join room lemes jirrr","service":"chat-app","timestamp":"2026-02-20 20:25:40"}
{"level":"info","message":"User evraldi joined room lemes jirrr","service":"chat-app","timestamp":"2026-02-20 20:25:40"}
{"level":"info","message":"Sending 2 previous messages to user in room lemes jirrr","service":"chat-app","timestamp":"2026-02-20 20:25:40"}
{"level":"info","message":"User evraldi leaving room lemes jirrr","service":"chat-app","timestamp":"2026-02-20 20:25:40"}
{"level":"info","message":"User evraldi attempting to join room dadada","service":"chat-app","timestamp":"2026-02-20 20:25:40"}
{"level":"info","message":"User evraldi joined room dadada","service":"chat-app","timestamp":"2026-02-20 20:25:40"}
{"level":"info","message":"Sending 1 previous messages to user in room dadada","service":"chat-app","timestamp":"2026-02-20 20:25:40"}
{"level":"info","message":"User evraldi leaving room dadada","service":"chat-app","timestamp":"2026-02-20 20:25:41"}
{"level":"info","message":"User evraldi attempting to join room testing","service":"chat-app","timestamp":"2026-02-20 20:25:41"}
{"level":"info","message":"User evraldi joined room testing","service":"chat-app","timestamp":"2026-02-20 20:25:41"}
{"level":"info","message":"Sending 6 previous messages to user in room testing","service":"chat-app","timestamp":"2026-02-20 20:25:41"}
{"level":"info","message":"User evraldi leaving room testing","service":"chat-app","timestamp":"2026-02-20 20:25:42"}
{"level":"info","message":"User evraldi attempting to join room dadada","service":"chat-app","timestamp":"2026-02-20 20:25:42"}
{"level":"info","message":"User evraldi joined room dadada","service":"chat-app","timestamp":"2026-02-20 20:25:42"}
{"level":"info","message":"Sending 1 previous messages to user in room dadada","service":"chat-app","timestamp":"2026-02-20 20:25:42"}
{"level":"info","message":"User evraldi leaving room dadada","service":"chat-app","timestamp":"2026-02-20 20:25:43"}
{"level":"info","message":"User evraldi attempting to join room lemes jirrr","service":"chat-app","timestamp":"2026-02-20 20:25:43"}
{"level":"info","message":"User evraldi joined room lemes jirrr","service":"chat-app","timestamp":"2026-02-20 20:25:43"}
{"level":"info","message":"Sending 2 previous messages to user in room lemes jirrr","service":"chat-app","timestamp":"2026-02-20 20:25:43"}
{"level":"info","message":"User evraldi leaving room lemes jirrr","service":"chat-app","timestamp":"2026-02-20 20:25:43"}
{"level":"info","message":"User evraldi attempting to join room adadad","service":"chat-app","timestamp":"2026-02-20 20:25:43"}
{"level":"info","message":"User evraldi joined room adadad","service":"chat-app","timestamp":"2026-02-20 20:25:43"}
{"level":"info","message":"Sending 1 previous messages to user in room adadad","service":"chat-app","timestamp":"2026-02-20 20:25:43"}
{"level":"info","message":"User evraldi leaving room adadad","service":"chat-app","timestamp":"2026-02-20 20:25:43"}
{"level":"info","message":"User evraldi attempting to join room anjir","service":"chat-app","timestamp":"2026-02-20 20:25:43"}
{"level":"info","message":"User evraldi joined room anjir","service":"chat-app","timestamp":"2026-02-20 20:25:43"}
{"level":"info","message":"Sending 2 previous messages to user in room anjir","service":"chat-app","timestamp":"2026-02-20 20:25:43"}
{"level":"info","message":"User evraldi leaving room anjir","service":"chat-app","timestamp":"2026-02-20 20:25:44"}
{"level":"info","message":"User evraldi attempting to join room evraldi","service":"chat-app","timestamp":"2026-02-20 20:25:44"}
{"level":"info","message":"User evraldi joined room evraldi","service":"chat-app","timestamp":"2026-02-20 20:25:44"}
{"level":"info","message":"Sending 7 previous messages to user in room evraldi","service":"chat-app","timestamp":"2026-02-20 20:25:44"}
{"level":"info","message":"User evraldi leaving room evraldi","service":"chat-app","timestamp":"2026-02-20 20:25:44"}
{"level":"info","message":"User evraldi attempting to join room anjir","service":"chat-app","timestamp":"2026-02-20 20:25:44"}
{"level":"info","message":"User evraldi joined room anjir","service":"chat-app","timestamp":"2026-02-20 20:25:44"}
{"level":"info","message":"Sending 2 previous messages to user in room anjir","service":"chat-app","timestamp":"2026-02-20 20:25:44"}
{"level":"info","message":"User evraldi leaving room anjir","service":"chat-app","timestamp":"2026-02-20 20:25:45"}
{"level":"info","message":"User evraldi attempting to join room evraldi","service":"chat-app","timestamp":"2026-02-20 20:25:45"}
{"level":"info","message":"User evraldi joined room evraldi","service":"chat-app","timestamp":"2026-02-20 20:25:45"}
{"level":"info","message":"Sending 7 previous messages to user in room evraldi","service":"chat-app","timestamp":"2026-02-20 20:25:45"}
{"level":"info","message":"User evraldi leaving room evraldi","service":"chat-app","timestamp":"2026-02-20 20:25:46"}
{"level":"info","message":"User evraldi attempting to join room anjir","service":"chat-app","timestamp":"2026-02-20 20:25:46"}
{"level":"info","message":"User evraldi joined room anjir","service":"chat-app","timestamp":"2026-02-20 20:25:46"}
{"level":"info","message":"Sending 2 previous messages to user in room anjir","service":"chat-app","timestamp":"2026-02-20 20:25:46"}
{"level":"info","message":"User evraldi leaving room anjir","service":"chat-app","timestamp":"2026-02-20 20:25:47"}
{"level":"info","message":"User evraldi attempting to join room adadad","service":"chat-app","timestamp":"2026-02-20 20:25:47"}
{"level":"info","message":"User evraldi joined room adadad","service":"chat-app","timestamp":"2026-02-20 20:25:47"}
{"level":"info","message":"Sending 1 previous messages to user in room adadad","service":"chat-app","timestamp":"2026-02-20 20:25:47"}
{"level":"info","message":"User evraldi leaving room adadad","service":"chat-app","timestamp":"2026-02-20 20:25:47"}
{"level":"info","message":"User evraldi attempting to join room lemes jirrr","service":"chat-app","timestamp":"2026-02-20 20:25:47"}
{"level":"info","message":"User evraldi joined room lemes jirrr","service":"chat-app","timestamp":"2026-02-20 20:25:47"}
{"level":"info","message":"Sending 2 previous messages to user in room lemes jirrr","service":"chat-app","timestamp":"2026-02-20 20:25:47"}
{"level":"info","message":"User evraldi leaving room lemes jirrr","service":"chat-app","timestamp":"2026-02-20 20:25:47"}
{"level":"info","message":"User evraldi attempting to join room dadada","service":"chat-app","timestamp":"2026-02-20 20:25:47"}
{"level":"info","message":"User evraldi joined room dadada","service":"chat-app","timestamp":"2026-02-20 20:25:47"}
{"level":"info","message":"Sending 1 previous messages to user in room dadada","service":"chat-app","timestamp":"2026-02-20 20:25:47"}
{"level":"info","message":"User evraldi leaving room dadada","service":"chat-app","timestamp":"2026-02-20 20:25:48"}
{"level":"info","message":"User evraldi attempting to join room testing","service":"chat-app","timestamp":"2026-02-20 20:25:48"}
{"level":"info","message":"User evraldi joined room testing","service":"chat-app","timestamp":"2026-02-20 20:25:48"}
{"level":"info","message":"Sending 6 previous messages to user in room testing","service":"chat-app","timestamp":"2026-02-20 20:25:48"}
{"level":"info","message":"User evraldi leaving room testing","service":"chat-app","timestamp":"2026-02-20 20:25:51"}
{"level":"info","message":"User evraldi attempting to join room lemes jirrr","service":"chat-app","timestamp":"2026-02-20 20:25:51"}
{"level":"info","message":"User evraldi joined room lemes jirrr","service":"chat-app","timestamp":"2026-02-20 20:25:51"}
{"level":"info","message":"Sending 2 previous messages to user in room lemes jirrr","service":"chat-app","timestamp":"2026-02-20 20:25:51"}
{"level":"info","message":"User evraldi leaving room lemes jirrr","service":"chat-app","timestamp":"2026-02-20 20:25:52"}
{"level":"info","message":"User evraldi attempting to join room adadad","service":"chat-app","timestamp":"2026-02-20 20:25:52"}
{"level":"info","message":"User evraldi joined room adadad","service":"chat-app","timestamp":"2026-02-20 20:25:52"}
{"level":"info","message":"Sending 1 previous messages to user in room adadad","service":"chat-app","timestamp":"2026-02-20 20:25:52"}
{"level":"info","message":"User evraldi leaving room adadad","service":"chat-app","timestamp":"2026-02-20 20:25:52"}
{"level":"info","message":"User evraldi attempting to join room anjir","service":"chat-app","timestamp":"2026-02-20 20:25:52"}
{"level":"info","message":"User evraldi joined room anjir","service":"chat-app","timestamp":"2026-02-20 20:25:52"}
{"level":"info","message":"Sending 2 previous messages to user in room anjir","service":"chat-app","timestamp":"2026-02-20 20:25:52"}
{"level":"info","message":"User evraldi leaving room anjir","service":"chat-app","timestamp":"2026-02-20 20:25:52"}
{"level":"info","message":"User evraldi attempting to join room evraldi","service":"chat-app","timestamp":"2026-02-20 20:25:52"}
{"level":"info","message":"User evraldi joined room evraldi","service":"chat-app","timestamp":"2026-02-20 20:25:52"}
{"level":"info","message":"Sending 7 previous messages to user in room evraldi","service":"chat-app","timestamp":"2026-02-20 20:25:52"}
{"level":"info","message":"User evraldi leaving room evraldi","service":"chat-app","timestamp":"2026-02-20 20:25:53"}
{"level":"info","message":"User evraldi attempting to join room testing","service":"chat-app","timestamp":"2026-02-20 20:25:53"}
{"level":"info","message":"User evraldi joined room testing","service":"chat-app","timestamp":"2026-02-20 20:25:53"}
{"level":"info","message":"Sending 6 previous messages to user in room testing","service":"chat-app","timestamp":"2026-02-20 20:25:53"}
{"level":"info","message":"User evraldi leaving room testing","service":"chat-app","timestamp":"2026-02-20 20:25:53"}
{"level":"info","message":"User evraldi attempting to join room dadada","service":"chat-app","timestamp":"2026-02-20 20:25:53"}
{"level":"info","message":"User evraldi joined room dadada","service":"chat-app","timestamp":"2026-02-20 20:25:53"}
{"level":"info","message":"Sending 1 previous messages to user in room dadada","service":"chat-app","timestamp":"2026-02-20 20:25:53"}
{"level":"info","message":"User evraldi leaving room dadada","service":"chat-app","timestamp":"2026-02-20 20:25:54"}
{"level":"info","message":"User evraldi attempting to join room lemes jirrr","service":"chat-app","timestamp":"2026-02-20 20:25:54"}
{"level":"info","message":"User evraldi joined room lemes jirrr","service":"chat-app","timestamp":"2026-02-20 20:25:54"}
{"level":"info","message":"Sending 2 previous messages to user in room lemes jirrr","service":"chat-app","timestamp":"2026-02-20 20:25:54"}
{"avatarLength":103590,"bio":"","displayName":"","level":"info","message":"Profile update request for user 6992b479e1124da002c838dd","service":"chat-app","timestamp":"2026-02-20 20:26:07"}
{"level":"info","message":"Profile updated successfully for user 6992b479e1124da002c838dd","service":"chat-app","timestamp":"2026-02-20 20:26:07"}
{"level":"info","message":"User disconnected","reason":"transport close","service":"chat-app","socketId":"vZq4vP7Bxfj9rji1AAAB","timestamp":"2026-02-20 20:26:08"}
{"level":"info","message":"User connected","service":"chat-app","socketId":"pKf7Nc1XYLSwvLYlAAAD","timestamp":"2026-02-20 20:26:08"}
{"level":"info","message":"User disconnected","reason":"transport close","service":"chat-app","socketId":"pKf7Nc1XYLSwvLYlAAAD","timestamp":"2026-02-20 20:26:12"}
{"level":"info","message":"User connected","service":"chat-app","socketId":"mgOt5dGwp4DJWm3DAAAG","timestamp":"2026-02-20 20:26:13"}
{"level":"info","message":"User disconnected","reason":"transport close","service":"chat-app","socketId":"mgOt5dGwp4DJWm3DAAAG","timestamp":"2026-02-20 20:26:23"}
{"level":"info","message":"User connected","service":"chat-app","socketId":"rUA189AEPjhfpa-7AAAJ","timestamp":"2026-02-20 20:26:24"}
{"level":"info","message":"User evraldi attempting to join room evraldi","service":"chat-app","timestamp":"2026-02-20 20:28:01"}
{"level":"info","message":"User evraldi joined room evraldi","service":"chat-app","timestamp":"2026-02-20 20:28:01"}
{"level":"info","message":"Sending 7 previous messages to user in room evraldi","service":"chat-app","timestamp":"2026-02-20 20:28:01"}
{"level":"info","message":"User evraldi leaving room evraldi","service":"chat-app","timestamp":"2026-02-20 20:28:02"}
{"level":"info","message":"User evraldi attempting to join room testing","service":"chat-app","timestamp":"2026-02-20 20:28:02"}
{"level":"info","message":"User evraldi joined room testing","service":"chat-app","timestamp":"2026-02-20 20:28:02"}
{"level":"info","message":"Sending 6 previous messages to user in room testing","service":"chat-app","timestamp":"2026-02-20 20:28:02"}
{"level":"info","message":"User disconnected","reason":"transport close","service":"chat-app","socketId":"rUA189AEPjhfpa-7AAAJ","timestamp":"2026-02-20 20:28:04"}
{"level":"info","message":"User connected","service":"chat-app","socketId":"JJk5C_pr0N-jFSHCAAAM","timestamp":"2026-02-20 20:28:04"}
{"level":"info","message":"User evraldi attempting to join room evraldi","service":"chat-app","timestamp":"2026-02-20 20:28:08"}
{"level":"info","message":"User evraldi joined room evraldi","service":"chat-app","timestamp":"2026-02-20 20:28:08"}
{"level":"info","message":"Sending 7 previous messages to user in room evraldi","service":"chat-app","timestamp":"2026-02-20 20:28:08"}
{"level":"info","message":"User disconnected","reason":"transport close","service":"chat-app","socketId":"JJk5C_pr0N-jFSHCAAAM","timestamp":"2026-02-20 20:30:04"}
{"level":"info","message":"User connected","service":"chat-app","socketId":"J0jsdsnG7oTyKDRFAAAO","timestamp":"2026-02-20 20:30:05"}
{"level":"info","message":"User disconnected","reason":"transport close","service":"chat-app","socketId":"J0jsdsnG7oTyKDRFAAAO","timestamp":"2026-02-20 20:31:13"}
{"level":"info","message":"User connected","service":"chat-app","socketId":"b101TQyGNfeLQu4eAAAQ","timestamp":"2026-02-20 20:31:22"}
{"level":"info","message":"User evraldi attempting to join room evraldi","service":"chat-app","timestamp":"2026-02-20 20:32:04"}
{"level":"info","message":"User evraldi joined room evraldi","service":"chat-app","timestamp":"2026-02-20 20:32:04"}
{"level":"info","message":"Sending 7 previous messages to user in room evraldi","service":"chat-app","timestamp":"2026-02-20 20:32:04"}
{"level":"info","message":"User evraldi leaving room evraldi","service":"chat-app","timestamp":"2026-02-20 20:32:04"}
{"level":"info","message":"User evraldi attempting to join room anjir","service":"chat-app","timestamp":"2026-02-20 20:32:04"}
{"level":"info","message":"User evraldi joined room anjir","service":"chat-app","timestamp":"2026-02-20 20:32:04"}
{"level":"info","message":"Sending 2 previous messages to user in room anjir","service":"chat-app","timestamp":"2026-02-20 20:32:04"}
{"level":"info","message":"User evraldi leaving room anjir","service":"chat-app","timestamp":"2026-02-20 20:32:05"}
{"level":"info","message":"User evraldi attempting to join room adadad","service":"chat-app","timestamp":"2026-02-20 20:32:05"}
{"level":"info","message":"User evraldi joined room adadad","service":"chat-app","timestamp":"2026-02-20 20:32:05"}
{"level":"info","message":"Sending 1 previous messages to user in room adadad","service":"chat-app","timestamp":"2026-02-20 20:32:05"}
{"level":"info","message":"User evraldi leaving room adadad","service":"chat-app","timestamp":"2026-02-20 20:32:06"}
{"level":"info","message":"User evraldi attempting to join room testing","service":"chat-app","timestamp":"2026-02-20 20:32:06"}
{"level":"info","message":"User evraldi joined room testing","service":"chat-app","timestamp":"2026-02-20 20:32:06"}
{"level":"info","message":"Sending 6 previous messages to user in room testing","service":"chat-app","timestamp":"2026-02-20 20:32:06"}
{"level":"info","message":"User disconnected","reason":"client namespace disconnect","service":"chat-app","socketId":"b101TQyGNfeLQu4eAAAQ","timestamp":"2026-02-20 20:32:07"}
{"level":"info","message":"User logged in: 6992b479e1124da002c838dd","service":"chat-app","timestamp":"2026-02-20 20:32:19","username":"evraldi"}
{"level":"info","message":"User connected","service":"chat-app","socketId":"RfqVWQ4yVGs2KkW0AAAS","timestamp":"2026-02-20 20:32:19"}
{"level":"info","message":"Fetching profile for user 6992b479e1124da002c838dd","service":"chat-app","timestamp":"2026-02-20 20:32:21"}
{"avatarLength":103590,"bio":"pemai","displayName":"anjeng","level":"info","message":"Profile update request for user 6992b479e1124da002c838dd","service":"chat-app","timestamp":"2026-02-20 20:32:32"}
{"level":"info","message":"Profile updated successfully for user 6992b479e1124da002c838dd","service":"chat-app","timestamp":"2026-02-20 20:32:32"}
{"avatarLength":217950,"bio":"pemai","displayName":"anjeng","level":"info","message":"Profile update request for user 6992b479e1124da002c838dd","service":"chat-app","timestamp":"2026-02-20 20:32:45"}
{"level":"info","message":"Profile updated successfully for user 6992b479e1124da002c838dd","service":"chat-app","timestamp":"2026-02-20 20:32:45"}
{"level":"info","message":"User disconnected","reason":"transport close","service":"chat-app","socketId":"RfqVWQ4yVGs2KkW0AAAS","timestamp":"2026-02-20 20:33:05"}
{"level":"info","message":"User connected","service":"chat-app","socketId":"1IjqqhguBIuysLo4AAAU","timestamp":"2026-02-20 20:33:06"}
{"level":"info","message":"Fetching profile for user 6992b479e1124da002c838dd","service":"chat-app","timestamp":"2026-02-20 20:33:07"}
{"level":"info","message":"Fetching profile for user 6992b479e1124da002c838dd","service":"chat-app","timestamp":"2026-02-20 20:33:14"}
{"level":"info","message":"User disconnected","reason":"transport close","service":"chat-app","socketId":"1IjqqhguBIuysLo4AAAU","timestamp":"2026-02-20 20:33:21"}
{"level":"info","message":"User connected","service":"chat-app","socketId":"qAwPUdV6lwUEJZ6YAAAX","timestamp":"2026-02-20 20:33:22"}
{"level":"info","message":"Fetching profile for user 6992b479e1124da002c838dd","service":"chat-app","timestamp":"2026-02-20 20:33:24"}
{"avatarLength":34799,"bio":"pemai ngana","displayName":"anjeng lu ngentot","level":"info","message":"Profile update request for user 6992b479e1124da002c838dd","service":"chat-app","timestamp":"2026-02-20 20:33:37"}
{"level":"info","message":"Profile updated successfully for user 6992b479e1124da002c838dd","service":"chat-app","timestamp":"2026-02-20 20:33:37"}
{"level":"info","message":"Server running on port 5000","service":"chat-app","timestamp":"2026-02-20 20:34:18"}
{"level":"info","message":"Environment: development","service":"chat-app","timestamp":"2026-02-20 20:34:18"}
{"level":"info","message":"MongoDB connected successfully","service":"chat-app","timestamp":"2026-02-20 20:34:18"}
{"level":"info","message":"User connected","service":"chat-app","socketId":"J5h1Dep6-o2vqrdsAAAB","timestamp":"2026-02-20 20:34:18"}
{"level":"info","message":"User disconnected","reason":"transport error","service":"chat-app","socketId":"J5h1Dep6-o2vqrdsAAAB","timestamp":"2026-02-20 20:34:23"}
{"level":"info","message":"User connected","service":"chat-app","socketId":"FmEc0sUPFbxGDBwEAAAD","timestamp":"2026-02-20 20:34:24"}
{"level":"info","message":"Fetching profile for user 6992b479e1124da002c838dd","service":"chat-app","timestamp":"2026-02-20 20:34:25"}
{"avatarLength":237342,"bio":"pemai ngana njir","displayName":"anjeng lu ngentot","level":"info","message":"Profile update request for user 6992b479e1124da002c838dd","service":"chat-app","timestamp":"2026-02-20 20:34:36"}
{"level":"info","message":"Profile updated successfully for user 6992b479e1124da002c838dd","service":"chat-app","timestamp":"2026-02-20 20:34:36"}
{"level":"info","message":"Fetching profile for user 6992b479e1124da002c838dd","service":"chat-app","timestamp":"2026-02-20 20:34:59"}
{"level":"info","message":"Fetching profile for user 6992b479e1124da002c838dd","service":"chat-app","timestamp":"2026-02-20 20:35:06"}
{"avatarLength":237342,"bio":"pemai ngana njir","displayName":"anjeng lu ngentot","level":"info","message":"Profile update request for user 6992b479e1124da002c838dd","service":"chat-app","timestamp":"2026-02-20 20:35:12"}
{"level":"info","message":"Profile updated successfully for user 6992b479e1124da002c838dd","service":"chat-app","timestamp":"2026-02-20 20:35:12"}
{"level":"info","message":"Server running on port 5000","service":"chat-app","timestamp":"2026-02-20 20:35:19"}
{"level":"info","message":"Environment: development","service":"chat-app","timestamp":"2026-02-20 20:35:19"}
{"level":"info","message":"MongoDB connected successfully","service":"chat-app","timestamp":"2026-02-20 20:35:19"}
{"level":"info","message":"User connected","service":"chat-app","socketId":"BR0Kt380NIO101ByAAAB","timestamp":"2026-02-20 20:35:20"}
{"level":"info","message":"User disconnected","reason":"transport error","service":"chat-app","socketId":"BR0Kt380NIO101ByAAAB","timestamp":"2026-02-20 20:35:21"}
{"level":"info","message":"User connected","service":"chat-app","socketId":"_Nn14YAno0VNDzHEAAAD","timestamp":"2026-02-20 20:35:21"}
{"level":"info","message":"Fetching profile for user 6992b479e1124da002c838dd","service":"chat-app","timestamp":"2026-02-20 20:35:24"}
{"avatarLength":24866,"bio":"pemai ngana njir capek woi","displayName":"anjeng lu ngentot dada","level":"info","message":"Profile update request for user 6992b479e1124da002c838dd","service":"chat-app","timestamp":"2026-02-20 20:35:35"}
{"level":"info","message":"Profile updated successfully for user 6992b479e1124da002c838dd","service":"chat-app","timestamp":"2026-02-20 20:35:35"}
{"level":"info","message":"Fetching profile for user 6992b479e1124da002c838dd","service":"chat-app","timestamp":"2026-02-20 20:36:05"}
{"level":"info","message":"User disconnected","reason":"transport close","service":"chat-app","socketId":"_Nn14YAno0VNDzHEAAAD","timestamp":"2026-02-20 20:36:30"}
{"level":"info","message":"User connected","service":"chat-app","socketId":"NqDFCY5N5B9-MeviAAAF","timestamp":"2026-02-20 20:36:31"}
{"level":"info","message":"Fetching profile for user 6992b479e1124da002c838dd","service":"chat-app","timestamp":"2026-02-20 20:36:33"}
{"avatarLength":10810,"bio":"capek","displayName":"capek","level":"info","message":"Profile update request for user 6992b479e1124da002c838dd","service":"chat-app","timestamp":"2026-02-20 20:36:49"}
{"level":"info","message":"Profile updated successfully for user 6992b479e1124da002c838dd","service":"chat-app","timestamp":"2026-02-20 20:36:49"}
{"level":"info","message":"User disconnected","reason":"client namespace disconnect","service":"chat-app","socketId":"NqDFCY5N5B9-MeviAAAF","timestamp":"2026-02-20 20:37:10"}
{"level":"info","message":"User connected","service":"chat-app","socketId":"KdEB65PMeXEeo0MmAAAI","timestamp":"2026-02-20 20:37:10"}
{"level":"info","message":"User disconnected","reason":"transport close","service":"chat-app","socketId":"KdEB65PMeXEeo0MmAAAI","timestamp":"2026-02-20 20:37:19"}
{"level":"info","message":"User connected","service":"chat-app","socketId":"N6DO3c83e_5aVzILAAAK","timestamp":"2026-02-20 20:37:19"}
{"level":"info","message":"Fetching profile for user 6992b479e1124da002c838dd","service":"chat-app","timestamp":"2026-02-20 20:37:20"}
{"avatarLength":43338,"bio":"capek ga sih","displayName":"capek asli","level":"info","message":"Profile update request for user 6992b479e1124da002c838dd","service":"chat-app","timestamp":"2026-02-20 20:37:37"}
{"level":"info","message":"Profile updated successfully for user 6992b479e1124da002c838dd","service":"chat-app","timestamp":"2026-02-20 20:37:37"}
{"level":"info","message":"User disconnected","reason":"client namespace disconnect","service":"chat-app","socketId":"N6DO3c83e_5aVzILAAAK","timestamp":"2026-02-20 20:37:37"}
{"level":"info","message":"User connected","service":"chat-app","socketId":"eQTa7SKSy_cB92xcAAAM","timestamp":"2026-02-20 20:37:37"}
{"level":"info","message":"Fetching profile for user 6992b479e1124da002c838dd","service":"chat-app","timestamp":"2026-02-20 20:37:37"}
{"level":"info","message":"Fetching profile for user 6992b479e1124da002c838dd","service":"chat-app","timestamp":"2026-02-20 20:38:21"}
{"avatarLength":8502,"bio":"capek ga sih","displayName":"capek asli asli","level":"info","message":"Profile update request for user 6992b479e1124da002c838dd","service":"chat-app","timestamp":"2026-02-20 20:38:33"}
{"level":"info","message":"Profile updated successfully for user 6992b479e1124da002c838dd","service":"chat-app","timestamp":"2026-02-20 20:38:33"}
{"level":"info","message":"User disconnected","reason":"client namespace disconnect","service":"chat-app","socketId":"eQTa7SKSy_cB92xcAAAM","timestamp":"2026-02-20 20:38:33"}
{"level":"info","message":"User connected","service":"chat-app","socketId":"wXHSFGR1ezGGk-QwAAAO","timestamp":"2026-02-20 20:38:33"}
{"level":"info","message":"Fetching profile for user 6992b479e1124da002c838dd","service":"chat-app","timestamp":"2026-02-20 20:38:33"}
{"level":"info","message":"User disconnected","reason":"transport close","service":"chat-app","socketId":"wXHSFGR1ezGGk-QwAAAO","timestamp":"2026-02-20 20:39:36"}
{"level":"info","message":"User connected","service":"chat-app","socketId":"siHu65Aysynjjmo0AAAQ","timestamp":"2026-02-20 20:39:37"}
{"level":"info","message":"Fetching profile for user 6992b479e1124da002c838dd","service":"chat-app","timestamp":"2026-02-20 20:39:42"}
{"level":"info","message":"User disconnected","reason":"transport close","service":"chat-app","socketId":"siHu65Aysynjjmo0AAAQ","timestamp":"2026-02-20 20:39:46"}
{"level":"info","message":"User connected","service":"chat-app","socketId":"cHoXyMiMiSuyyJCVAAAT","timestamp":"2026-02-20 20:39:47"}
{"level":"info","message":"User disconnected","reason":"transport close","service":"chat-app","socketId":"cHoXyMiMiSuyyJCVAAAT","timestamp":"2026-02-20 20:39:48"}
{"level":"info","message":"User connected","service":"chat-app","socketId":"QIFLRm6rFGwCYwpmAAAW","timestamp":"2026-02-20 20:39:49"}
{"level":"info","message":"Fetching profile for user 6992b479e1124da002c838dd","service":"chat-app","timestamp":"2026-02-20 20:39:53"}
{"avatarLength":8502,"bio":"capek ga sihaaa","displayName":"capek asli asliaaa","level":"info","message":"Profile update request for user 6992b479e1124da002c838dd","service":"chat-app","timestamp":"2026-02-20 20:39:58"}
{"level":"info","message":"Profile updated successfully for user 6992b479e1124da002c838dd","service":"chat-app","timestamp":"2026-02-20 20:39:58"}
{"level":"info","message":"User disconnected","reason":"client namespace disconnect","service":"chat-app","socketId":"QIFLRm6rFGwCYwpmAAAW","timestamp":"2026-02-20 20:39:58"}
{"level":"info","message":"User connected","service":"chat-app","socketId":"wd5hXEtBYI0IF4bFAAAY","timestamp":"2026-02-20 20:39:58"}
{"level":"info","message":"Fetching profile for user 6992b479e1124da002c838dd","service":"chat-app","timestamp":"2026-02-20 20:39:58"}
{"level":"info","message":"Fetching profile for user 6992b479e1124da002c838dd","service":"chat-app","timestamp":"2026-02-20 20:40:36"}
{"avatarLength":8502,"bio":"capek ga sihaaa","displayName":"capek asli asliaaa","level":"info","message":"Profile update request for user 6992b479e1124da002c838dd","service":"chat-app","timestamp":"2026-02-20 20:40:44"}
{"level":"info","message":"Profile updated successfully for user 6992b479e1124da002c838dd","service":"chat-app","timestamp":"2026-02-20 20:40:44"}
{"level":"info","message":"User disconnected","reason":"client namespace disconnect","service":"chat-app","socketId":"wd5hXEtBYI0IF4bFAAAY","timestamp":"2026-02-20 20:40:44"}
{"level":"info","message":"User connected","service":"chat-app","socketId":"C56DD3lAbCkJDjnvAAAa","timestamp":"2026-02-20 20:40:44"}
{"level":"info","message":"Fetching profile for user 6992b479e1124da002c838dd","service":"chat-app","timestamp":"2026-02-20 20:40:44"}
{"level":"info","message":"User evraldi attempting to join room evraldi","service":"chat-app","timestamp":"2026-02-20 21:00:13"}
{"level":"info","message":"User evraldi joined room evraldi","service":"chat-app","timestamp":"2026-02-20 21:00:13"}
{"level":"info","message":"Sending 7 previous messages to user in room evraldi","service":"chat-app","timestamp":"2026-02-20 21:00:13"}
{"level":"info","message":"User evraldi leaving room evraldi","service":"chat-app","timestamp":"2026-02-20 21:00:16"}
{"level":"info","message":"User evraldi attempting to join room anjir","service":"chat-app","timestamp":"2026-02-20 21:00:16"}
{"level":"info","message":"User evraldi joined room anjir","service":"chat-app","timestamp":"2026-02-20 21:00:16"}
{"level":"info","message":"Sending 2 previous messages to user in room anjir","service":"chat-app","timestamp":"2026-02-20 21:00:16"}
{"level":"info","message":"User evraldi leaving room anjir","service":"chat-app","timestamp":"2026-02-20 21:00:16"}
{"level":"info","message":"User evraldi attempting to join room evraldi","service":"chat-app","timestamp":"2026-02-20 21:00:16"}
{"level":"info","message":"User evraldi joined room evraldi","service":"chat-app","timestamp":"2026-02-20 21:00:16"}
{"level":"info","message":"Sending 7 previous messages to user in room evraldi","service":"chat-app","timestamp":"2026-02-20 21:00:16"}
{"level":"info","message":"Fetching profile for user 6992b479e1124da002c838dd","service":"chat-app","timestamp":"2026-02-20 21:00:36"}
{"level":"info","message":"User logged in: 6992b893e1124da002c8395f","service":"chat-app","timestamp":"2026-02-20 21:04:49","username":"testing"}
{"level":"info","message":"User connected","service":"chat-app","socketId":"TlUFYivpjACQh1AnAAAc","timestamp":"2026-02-20 21:04:50"}
{"level":"info","message":"Room created: 69986a080177f474270701de","name":"baru","service":"chat-app","timestamp":"2026-02-20 21:04:56"}
{"level":"info","message":"User testing attempting to join room baru","service":"chat-app","timestamp":"2026-02-20 21:04:56"}
{"level":"info","message":"User testing joined room baru","service":"chat-app","timestamp":"2026-02-20 21:04:56"}
{"level":"info","message":"Sending 0 previous messages to user in room baru","service":"chat-app","timestamp":"2026-02-20 21:04:56"}
{"level":"info","message":"User disconnected","reason":"transport close","service":"chat-app","socketId":"C56DD3lAbCkJDjnvAAAa","timestamp":"2026-02-20 21:04:59"}
{"level":"info","message":"User connected","service":"chat-app","socketId":"T7bgKHGeY0RuIvzUAAAe","timestamp":"2026-02-20 21:05:00"}
{"level":"info","message":"User evraldi attempting to join room baru","service":"chat-app","timestamp":"2026-02-20 21:05:00"}
{"level":"info","message":"User evraldi joined room baru","service":"chat-app","timestamp":"2026-02-20 21:05:00"}
{"level":"info","message":"Sending 0 previous messages to user in room baru","service":"chat-app","timestamp":"2026-02-20 21:05:00"}
{"level":"info","message":"Fetching profile for user 6992b893e1124da002c8395f","service":"chat-app","timestamp":"2026-02-20 21:05:06"}
{"avatarLength":542142,"bio":"testng edit","displayName":"Testing edit","level":"info","message":"Profile update request for user 6992b893e1124da002c8395f","service":"chat-app","timestamp":"2026-02-20 21:05:31"}
{"level":"info","message":"Profile updated successfully for user 6992b893e1124da002c8395f","service":"chat-app","timestamp":"2026-02-20 21:05:31"}
{"level":"info","message":"User disconnected","reason":"client namespace disconnect","service":"chat-app","socketId":"TlUFYivpjACQh1AnAAAc","timestamp":"2026-02-20 21:05:31"}
{"level":"info","message":"Fetching profile for user 6992b893e1124da002c8395f","service":"chat-app","timestamp":"2026-02-20 21:05:31"}
{"level":"info","message":"User connected","service":"chat-app","socketId":"kHX0ZmGrW0jPRawiAAAg","timestamp":"2026-02-20 21:05:31"}
{"level":"info","message":"Received sendMessage event","room":"baru","service":"chat-app","timestamp":"2026-02-20 21:05:37","username":"testing"}
{"id":"69986a310177f474270701ec","level":"info","message":"Message saved","room":"baru","service":"chat-app","timestamp":"2026-02-20 21:05:37"}
{"level":"info","message":"Received sendMessage event","room":"baru","service":"chat-app","timestamp":"2026-02-20 21:05:41","username":"evraldi"}
{"id":"69986a350177f474270701ee","level":"info","message":"Message saved","room":"baru","service":"chat-app","timestamp":"2026-02-20 21:05:41"}
{"level":"info","message":"Received sendMessage event","room":"baru","service":"chat-app","timestamp":"2026-02-20 21:05:51","username":"testing"}
{"id":"69986a3f0177f474270701f0","level":"info","message":"Message saved","room":"baru","service":"chat-app","timestamp":"2026-02-20 21:05:51"}
{"level":"info","message":"User disconnected","reason":"transport close","service":"chat-app","socketId":"kHX0ZmGrW0jPRawiAAAg","timestamp":"2026-02-20 21:05:54"}
{"level":"info","message":"User connected","service":"chat-app","socketId":"8_rcr9kt9Sbmtr-IAAAj","timestamp":"2026-02-20 21:05:54"}
{"level":"info","message":"User testing attempting to join room baru","service":"chat-app","timestamp":"2026-02-20 21:05:55"}
{"level":"info","message":"User testing joined room baru","service":"chat-app","timestamp":"2026-02-20 21:05:55"}
{"level":"info","message":"Sending 3 previous messages to user in room baru","service":"chat-app","timestamp":"2026-02-20 21:05:55"}
{"level":"info","message":"User disconnected","reason":"transport close","service":"chat-app","socketId":"8_rcr9kt9Sbmtr-IAAAj","timestamp":"2026-02-20 21:06:29"}
{"level":"info","message":"User connected","service":"chat-app","socketId":"wxrGmPc10xJS5RYCAAAm","timestamp":"2026-02-20 21:06:29"}
{"level":"info","message":"User disconnected","reason":"transport close","service":"chat-app","socketId":"T7bgKHGeY0RuIvzUAAAe","timestamp":"2026-02-20 21:06:34"}
{"level":"info","message":"User connected","service":"chat-app","socketId":"7hjaYT44i-XNDlW1AAAo","timestamp":"2026-02-20 21:06:34"}
{"level":"info","message":"User evraldi attempting to join room baru","service":"chat-app","timestamp":"2026-02-20 21:06:35"}
{"level":"info","message":"User evraldi joined room baru","service":"chat-app","timestamp":"2026-02-20 21:06:35"}
{"level":"info","message":"Sending 3 previous messages to user in room baru","service":"chat-app","timestamp":"2026-02-20 21:06:35"}
{"level":"info","message":"User testing attempting to join room baru","service":"chat-app","timestamp":"2026-02-20 21:06:36"}
{"level":"info","message":"User testing joined room baru","service":"chat-app","timestamp":"2026-02-20 21:06:36"}
{"level":"info","message":"Sending 3 previous messages to user in room baru","service":"chat-app","timestamp":"2026-02-20 21:06:36"}
{"level":"info","message":"User disconnected","reason":"transport close","service":"chat-app","socketId":"7hjaYT44i-XNDlW1AAAo","timestamp":"2026-02-20 21:06:54"}
{"level":"info","message":"User connected","service":"chat-app","socketId":"DLg_QKj5ABLw9pVLAAAq","timestamp":"2026-02-20 21:06:54"}
{"level":"info","message":"User evraldi attempting to join room baru","service":"chat-app","timestamp":"2026-02-20 21:06:56"}
{"level":"info","message":"User evraldi joined room baru","service":"chat-app","timestamp":"2026-02-20 21:06:56"}
{"level":"info","message":"Sending 3 previous messages to user in room baru","service":"chat-app","timestamp":"2026-02-20 21:06:56"}
{"level":"info","message":"User disconnected","reason":"transport close","service":"chat-app","socketId":"wxrGmPc10xJS5RYCAAAm","timestamp":"2026-02-20 21:06:58"}
{"level":"info","message":"User connected","service":"chat-app","socketId":"KLQ_YTpP9rd1DT8dAAAt","timestamp":"2026-02-20 21:06:58"}
{"level":"info","message":"User testing attempting to join room baru","service":"chat-app","timestamp":"2026-02-20 21:06:59"}
{"level":"info","message":"User testing joined room baru","service":"chat-app","timestamp":"2026-02-20 21:06:59"}
{"level":"info","message":"Sending 3 previous messages to user in room baru","service":"chat-app","timestamp":"2026-02-20 21:06:59"}
{"level":"info","message":"User disconnected","reason":"transport close","service":"chat-app","socketId":"KLQ_YTpP9rd1DT8dAAAt","timestamp":"2026-02-20 21:07:16"}
{"level":"info","message":"User connected","service":"chat-app","socketId":"JzT20yv2nkJPssoFAAAw","timestamp":"2026-02-20 21:07:16"}
{"level":"info","message":"User testing attempting to join room baru","service":"chat-app","timestamp":"2026-02-20 21:07:17"}
{"level":"info","message":"User testing joined room baru","service":"chat-app","timestamp":"2026-02-20 21:07:17"}
{"level":"info","message":"Sending 3 previous messages to user in room baru","service":"chat-app","timestamp":"2026-02-20 21:07:17"}
{"level":"info","message":"User disconnected","reason":"transport close","service":"chat-app","socketId":"DLg_QKj5ABLw9pVLAAAq","timestamp":"2026-02-20 21:07:24"}
{"level":"info","message":"User connected","service":"chat-app","socketId":"VwMkBClPvsTjC06YAAAy","timestamp":"2026-02-20 21:07:24"}
{"level":"info","message":"User evraldi attempting to join room baru","service":"chat-app","timestamp":"2026-02-20 21:07:25"}
{"level":"info","message":"User evraldi joined room baru","service":"chat-app","timestamp":"2026-02-20 21:07:25"}
{"level":"info","message":"Sending 3 previous messages to user in room baru","service":"chat-app","timestamp":"2026-02-20 21:07:25"}
{"level":"info","message":"User disconnected","reason":"transport close","service":"chat-app","socketId":"JzT20yv2nkJPssoFAAAw","timestamp":"2026-02-20 21:07:27"}
{"level":"info","message":"User connected","service":"chat-app","socketId":"e4R5ImZB2ijOVxdvAAA1","timestamp":"2026-02-20 21:07:28"}
{"level":"info","message":"User testing attempting to join room baru","service":"chat-app","timestamp":"2026-02-20 21:07:28"}
{"level":"info","message":"User testing joined room baru","service":"chat-app","timestamp":"2026-02-20 21:07:28"}
{"level":"info","message":"Sending 3 previous messages to user in room baru","service":"chat-app","timestamp":"2026-02-20 21:07:28"}
{"level":"info","message":"Server running on port 5000","service":"chat-app","timestamp":"2026-02-20 21:07:41"}
{"level":"info","message":"Environment: development","service":"chat-app","timestamp":"2026-02-20 21:07:41"}
{"level":"info","message":"MongoDB connected successfully","service":"chat-app","timestamp":"2026-02-20 21:07:41"}
{"level":"info","message":"User connected","service":"chat-app","socketId":"rAT21h_rfbafY5hKAAAB","timestamp":"2026-02-20 21:07:42"}
{"level":"info","message":"User disconnected","reason":"transport close","service":"chat-app","socketId":"rAT21h_rfbafY5hKAAAB","timestamp":"2026-02-20 21:07:42"}
{"level":"info","message":"User connected","service":"chat-app","socketId":"G2UYXDRwzVdK65EmAAAD","timestamp":"2026-02-20 21:07:42"}
{"level":"info","message":"User testing attempting to join room baru","service":"chat-app","timestamp":"2026-02-20 21:07:43"}
{"level":"info","message":"User testing joined room baru","service":"chat-app","timestamp":"2026-02-20 21:07:43"}
{"level":"info","message":"Sending 3 previous messages to user in room baru","service":"chat-app","timestamp":"2026-02-20 21:07:43"}
{"level":"info","message":"User connected","service":"chat-app","socketId":"9uOBJPEgN7TLlWa_AAAF","timestamp":"2026-02-20 21:07:43"}
{"level":"info","message":"User disconnected","reason":"transport error","service":"chat-app","socketId":"9uOBJPEgN7TLlWa_AAAF","timestamp":"2026-02-20 21:07:47"}
{"level":"info","message":"User connected","service":"chat-app","socketId":"CFa1QmgsUjzITtS2AAAH","timestamp":"2026-02-20 21:07:48"}
{"level":"info","message":"User evraldi attempting to join room baru","service":"chat-app","timestamp":"2026-02-20 21:07:48"}
{"level":"info","message":"User evraldi joined room baru","service":"chat-app","timestamp":"2026-02-20 21:07:48"}
{"level":"info","message":"Sending 3 previous messages to user in room baru","service":"chat-app","timestamp":"2026-02-20 21:07:48"}
{"level":"info","message":"Received sendMessage event","room":"baru","service":"chat-app","timestamp":"2026-02-20 21:07:50","username":"evraldi"}
{"id":"69986ab6f9b1c1835f00f0a5","level":"info","message":"Message saved","room":"baru","service":"chat-app","timestamp":"2026-02-20 21:07:50"}
{"level":"info","message":"Received sendMessage event","room":"baru","service":"chat-app","timestamp":"2026-02-20 21:07:54","username":"testing"}
{"id":"69986abaf9b1c1835f00f0a7","level":"info","message":"Message saved","room":"baru","service":"chat-app","timestamp":"2026-02-20 21:07:54"}
{"level":"info","message":"User disconnected","reason":"transport close","service":"chat-app","socketId":"G2UYXDRwzVdK65EmAAAD","timestamp":"2026-02-20 21:08:34"}
{"level":"info","message":"User connected","service":"chat-app","socketId":"4S-eDomU1RM1Mpz9AAAK","timestamp":"2026-02-20 21:08:35"}
{"level":"info","message":"User testing attempting to join room baru","service":"chat-app","timestamp":"2026-02-20 21:08:36"}
{"level":"info","message":"User testing joined room baru","service":"chat-app","timestamp":"2026-02-20 21:08:36"}
{"level":"info","message":"Sending 5 previous messages to user in room baru","service":"chat-app","timestamp":"2026-02-20 21:08:36"}
{"level":"info","message":"User disconnected","reason":"transport close","service":"chat-app","socketId":"CFa1QmgsUjzITtS2AAAH","timestamp":"2026-02-20 21:08:39"}
{"level":"info","message":"User connected","service":"chat-app","socketId":"_S6s4tXpofA5iDsEAAAM","timestamp":"2026-02-20 21:08:39"}
{"level":"info","message":"User evraldi attempting to join room baru","service":"chat-app","timestamp":"2026-02-20 21:08:40"}
{"level":"info","message":"User evraldi joined room baru","service":"chat-app","timestamp":"2026-02-20 21:08:40"}
{"level":"info","message":"Sending 5 previous messages to user in room baru","service":"chat-app","timestamp":"2026-02-20 21:08:40"}
{"level":"info","message":"Server running on port 5000","service":"chat-app","timestamp":"2026-02-20 21:08:48"}
{"level":"info","message":"Environment: development","service":"chat-app","timestamp":"2026-02-20 21:08:48"}
{"level":"info","message":"MongoDB connected successfully","service":"chat-app","timestamp":"2026-02-20 21:08:48"}
{"level":"info","message":"User connected","service":"chat-app","socketId":"fz4089XKO_MqgKtxAAAB","timestamp":"2026-02-20 21:08:50"}
{"level":"info","message":"User connected","service":"chat-app","socketId":"pUasfP3maX5xG0peAAAD","timestamp":"2026-02-20 21:08:50"}
{"level":"info","message":"User disconnected","reason":"transport error","service":"chat-app","socketId":"fz4089XKO_MqgKtxAAAB","timestamp":"2026-02-20 21:08:53"}
{"level":"info","message":"User connected","service":"chat-app","socketId":"_SIdxLTPlpg5lXM9AAAG","timestamp":"2026-02-20 21:08:53"}
{"level":"info","message":"User testing attempting to join room baru","service":"chat-app","timestamp":"2026-02-20 21:08:54"}
{"level":"info","message":"User testing joined room baru","service":"chat-app","timestamp":"2026-02-20 21:08:54"}
{"level":"info","message":"Sending 5 previous messages to user in room baru","service":"chat-app","timestamp":"2026-02-20 21:08:54"}
{"level":"info","message":"User disconnected","reason":"transport error","service":"chat-app","socketId":"pUasfP3maX5xG0peAAAD","timestamp":"2026-02-20 21:08:58"}
{"level":"info","message":"User connected","service":"chat-app","socketId":"kJWF_28xrpYDubhQAAAI","timestamp":"2026-02-20 21:08:58"}
{"level":"info","message":"User evraldi attempting to join room baru","service":"chat-app","timestamp":"2026-02-20 21:08:59"}
{"level":"info","message":"User evraldi joined room baru","service":"chat-app","timestamp":"2026-02-20 21:08:59"}
{"level":"info","message":"Sending 5 previous messages to user in room baru","service":"chat-app","timestamp":"2026-02-20 21:08:59"}
{"level":"info","message":"User disconnected","reason":"transport close","service":"chat-app","socketId":"kJWF_28xrpYDubhQAAAI","timestamp":"2026-02-20 21:09:03"}
{"level":"info","message":"User connected","service":"chat-app","socketId":"Vnve0Ysz3m8VFsmwAAAL","timestamp":"2026-02-20 21:09:04"}
{"level":"info","message":"User evraldi attempting to join room baru","service":"chat-app","timestamp":"2026-02-20 21:09:06"}
{"level":"info","message":"User evraldi joined room baru","service":"chat-app","timestamp":"2026-02-20 21:09:06"}
{"level":"info","message":"Sending 5 previous messages to user in room baru","service":"chat-app","timestamp":"2026-02-20 21:09:06"}
{"level":"info","message":"User disconnected","reason":"client namespace disconnect","service":"chat-app","socketId":"_SIdxLTPlpg5lXM9AAAG","timestamp":"2026-02-20 21:09:53"}
{"level":"info","message":"User connected","service":"chat-app","socketId":"j7nYQoJPxYAd9tnqAAAN","timestamp":"2026-02-20 21:09:53"}
{"level":"info","message":"User disconnected","reason":"client namespace disconnect","service":"chat-app","socketId":"Vnve0Ysz3m8VFsmwAAAL","timestamp":"2026-02-20 21:09:53"}
{"level":"info","message":"User connected","service":"chat-app","socketId":"cBcoGtFVfr5xRuPiAAAP","timestamp":"2026-02-20 21:09:53"}
{"level":"info","message":"User testing attempting to join room baru","service":"chat-app","timestamp":"2026-02-20 21:09:55"}
{"level":"info","message":"User testing joined room baru","service":"chat-app","timestamp":"2026-02-20 21:09:55"}
{"level":"info","message":"Sending 5 previous messages to user in room baru","service":"chat-app","timestamp":"2026-02-20 21:09:55"}
{"level":"info","message":"User evraldi attempting to join room baru","service":"chat-app","timestamp":"2026-02-20 21:10:05"}
{"level":"info","message":"User evraldi joined room baru","service":"chat-app","timestamp":"2026-02-20 21:10:05"}
{"level":"info","message":"Sending 5 previous messages to user in room baru","service":"chat-app","timestamp":"2026-02-20 21:10:05"}
{"level":"info","message":"User disconnected","reason":"transport close","service":"chat-app","socketId":"cBcoGtFVfr5xRuPiAAAP","timestamp":"2026-02-20 21:10:07"}
{"level":"info","message":"User connected","service":"chat-app","socketId":"_B5a27eD26aNeRSpAAAS","timestamp":"2026-02-20 21:10:07"}
{"level":"info","message":"User evraldi attempting to join room baru","service":"chat-app","timestamp":"2026-02-20 21:10:08"}
{"level":"info","message":"User evraldi joined room baru","service":"chat-app","timestamp":"2026-02-20 21:10:08"}
{"level":"info","message":"Sending 5 previous messages to user in room baru","service":"chat-app","timestamp":"2026-02-20 21:10:08"}
{"level":"info","message":"User disconnected","reason":"transport close","service":"chat-app","socketId":"j7nYQoJPxYAd9tnqAAAN","timestamp":"2026-02-20 21:10:11"}
{"level":"info","message":"User connected","service":"chat-app","socketId":"MvOm1jn5Po7zNrpZAAAV","timestamp":"2026-02-20 21:10:12"}
{"level":"info","message":"User testing attempting to join room baru","service":"chat-app","timestamp":"2026-02-20 21:10:13"}
{"level":"info","message":"User testing joined room baru","service":"chat-app","timestamp":"2026-02-20 21:10:13"}
{"level":"info","message":"Sending 5 previous messages to user in room baru","service":"chat-app","timestamp":"2026-02-20 21:10:13"}
{"level":"info","message":"Fetching profile for user 6992b893e1124da002c8395f","service":"chat-app","timestamp":"2026-02-20 21:10:14"}
{"level":"info","message":"Fetching profile for user 6992b479e1124da002c838dd","service":"chat-app","timestamp":"2026-02-20 21:10:18"}
{"level":"info","message":"User disconnected","reason":"transport close","service":"chat-app","socketId":"_B5a27eD26aNeRSpAAAS","timestamp":"2026-02-20 21:10:33"}
{"level":"info","message":"User connected","service":"chat-app","socketId":"Z4_uIr6BIf87kG1cAAAY","timestamp":"2026-02-20 21:10:33"}
{"level":"info","message":"User evraldi attempting to join room baru","service":"chat-app","timestamp":"2026-02-20 21:10:36"}
{"level":"info","message":"User evraldi joined room baru","service":"chat-app","timestamp":"2026-02-20 21:10:36"}
{"level":"info","message":"Sending 5 previous messages to user in room baru","service":"chat-app","timestamp":"2026-02-20 21:10:36"}
{"level":"info","message":"Received sendMessage event","room":"baru","service":"chat-app","timestamp":"2026-02-20 21:10:43","username":"evraldi"}
{"id":"69986b6369060c2696f9f5f0","level":"info","message":"Message saved","room":"baru","service":"chat-app","timestamp":"2026-02-20 21:10:43"}
{"level":"info","message":"User disconnected","reason":"transport close","service":"chat-app","socketId":"MvOm1jn5Po7zNrpZAAAV","timestamp":"2026-02-20 21:11:01"}
{"level":"info","message":"User connected","service":"chat-app","socketId":"3lH9HXChY8AaLBHbAAAb","timestamp":"2026-02-20 21:11:01"}
{"level":"info","message":"User testing attempting to join room baru","service":"chat-app","timestamp":"2026-02-20 21:11:02"}
{"level":"info","message":"User testing joined room baru","service":"chat-app","timestamp":"2026-02-20 21:11:02"}
{"level":"info","message":"Sending 6 previous messages to user in room baru","service":"chat-app","timestamp":"2026-02-20 21:11:02"}
{"level":"info","message":"User disconnected","reason":"transport close","service":"chat-app","socketId":"3lH9HXChY8AaLBHbAAAb","timestamp":"2026-02-20 21:12:45"}
{"level":"info","message":"User connected","service":"chat-app","socketId":"Z6hfTRx1CMma71t9AAAe","timestamp":"2026-02-20 21:12:45"}
{"level":"info","message":"User testing attempting to join room baru","service":"chat-app","timestamp":"2026-02-20 21:12:46"}
{"level":"info","message":"User testing joined room baru","service":"chat-app","timestamp":"2026-02-20 21:12:46"}
{"level":"info","message":"Sending 6 previous messages to user in room baru","service":"chat-app","timestamp":"2026-02-20 21:12:46"}
{"level":"info","message":"User disconnected","reason":"transport close","service":"chat-app","socketId":"Z4_uIr6BIf87kG1cAAAY","timestamp":"2026-02-20 21:12:54"}
{"level":"info","message":"User connected","service":"chat-app","socketId":"7agfy0hxbZ08KubSAAAh","timestamp":"2026-02-20 21:12:55"}
{"level":"info","message":"User evraldi attempting to join room baru","service":"chat-app","timestamp":"2026-02-20 21:12:56"}
{"level":"info","message":"User evraldi joined room baru","service":"chat-app","timestamp":"2026-02-20 21:12:56"}
{"level":"info","message":"Sending 6 previous messages to user in room baru","service":"chat-app","timestamp":"2026-02-20 21:12:56"}
{"level":"info","message":"Received sendMessage event","room":"baru","service":"chat-app","timestamp":"2026-02-20 21:13:00","username":"testing"}
{"id":"69986bec69060c2696f9f605","level":"info","message":"Message saved","room":"baru","service":"chat-app","timestamp":"2026-02-20 21:13:00"}
{"level":"info","message":"User evraldi leaving room baru","service":"chat-app","timestamp":"2026-02-20 21:13:09"}
{"level":"info","message":"User evraldi attempting to join room testing","service":"chat-app","timestamp":"2026-02-20 21:13:09"}
{"level":"info","message":"User evraldi joined room testing","service":"chat-app","timestamp":"2026-02-20 21:13:09"}
{"level":"info","message":"Sending 6 previous messages to user in room testing","service":"chat-app","timestamp":"2026-02-20 21:13:09"}
{"level":"info","message":"User evraldi leaving room testing","service":"chat-app","timestamp":"2026-02-20 21:13:11"}
{"level":"info","message":"User evraldi attempting to join room baru","service":"chat-app","timestamp":"2026-02-20 21:13:11"}
{"level":"info","message":"User evraldi joined room baru","service":"chat-app","timestamp":"2026-02-20 21:13:11"}
{"level":"info","message":"Sending 7 previous messages to user in room baru","service":"chat-app","timestamp":"2026-02-20 21:13:11"}
{"level":"info","message":"User evraldi leaving room baru","service":"chat-app","timestamp":"2026-02-20 21:13:15"}
{"level":"info","message":"User evraldi attempting to join room testing","service":"chat-app","timestamp":"2026-02-20 21:13:15"}
{"level":"info","message":"User evraldi joined room testing","service":"chat-app","timestamp":"2026-02-20 21:13:15"}
{"level":"info","message":"Sending 6 previous messages to user in room testing","service":"chat-app","timestamp":"2026-02-20 21:13:15"}
{"level":"info","message":"User evraldi leaving room testing","service":"chat-app","timestamp":"2026-02-20 21:13:15"}
{"level":"info","message":"User evraldi attempting to join room dadada","service":"chat-app","timestamp":"2026-02-20 21:13:15"}
{"level":"info","message":"User evraldi joined room dadada","service":"chat-app","timestamp":"2026-02-20 21:13:15"}
{"level":"info","message":"Sending 1 previous messages to user in room dadada","service":"chat-app","timestamp":"2026-02-20 21:13:15"}
{"level":"info","message":"User evraldi leaving room dadada","service":"chat-app","timestamp":"2026-02-20 21:13:16"}
{"level":"info","message":"User evraldi attempting to join room evraldi","service":"chat-app","timestamp":"2026-02-20 21:13:16"}
{"level":"info","message":"User evraldi joined room evraldi","service":"chat-app","timestamp":"2026-02-20 21:13:16"}
{"level":"info","message":"Sending 7 previous messages to user in room evraldi","service":"chat-app","timestamp":"2026-02-20 21:13:16"}
{"level":"info","message":"User disconnected","reason":"transport close","service":"chat-app","socketId":"7agfy0hxbZ08KubSAAAh","timestamp":"2026-02-20 21:13:44"}
{"level":"info","message":"User connected","service":"chat-app","socketId":"zcfadiaOYhoX0F25AAAj","timestamp":"2026-02-20 21:13:44"}
{"level":"info","message":"User disconnected","reason":"transport close","service":"chat-app","socketId":"Z6hfTRx1CMma71t9AAAe","timestamp":"2026-02-20 21:13:47"}
{"level":"info","message":"User connected","service":"chat-app","socketId":"ybWOY_peutwHFJSoAAAm","timestamp":"2026-02-20 21:13:48"}
{"level":"info","message":"User testing attempting to join room baru","service":"chat-app","timestamp":"2026-02-20 21:13:49"}
{"level":"info","message":"User testing joined room baru","service":"chat-app","timestamp":"2026-02-20 21:13:49"}
{"level":"info","message":"Sending 7 previous messages to user in room baru","service":"chat-app","timestamp":"2026-02-20 21:13:49"}
{"level":"info","message":"Server running on port 5000","service":"chat-app","timestamp":"2026-02-20 21:14:23"}
{"level":"info","message":"Environment: development","service":"chat-app","timestamp":"2026-02-20 21:14:23"}
{"level":"info","message":"MongoDB connected successfully","service":"chat-app","timestamp":"2026-02-20 21:14:23"}
{"level":"info","message":"User connected","service":"chat-app","socketId":"DunhXYYhkBhzMgQVAAAB","timestamp":"2026-02-20 21:14:25"}
{"level":"info","message":"User connected","service":"chat-app","socketId":"zb6ez9LgP9ONAcKjAAAD","timestamp":"2026-02-20 21:14:25"}
{"level":"info","message":"User disconnected","reason":"transport error","service":"chat-app","socketId":"DunhXYYhkBhzMgQVAAAB","timestamp":"2026-02-20 21:14:27"}
{"level":"info","message":"User disconnected","reason":"transport error","service":"chat-app","socketId":"zb6ez9LgP9ONAcKjAAAD","timestamp":"2026-02-20 21:14:39"}
{"level":"info","message":"Server running on port 5000","service":"chat-app","timestamp":"2026-02-20 21:50:28"}
{"level":"info","message":"Environment: development","service":"chat-app","timestamp":"2026-02-20 21:50:28"}
{"level":"info","message":"MongoDB connected successfully","service":"chat-app","timestamp":"2026-02-20 21:50:28"}
{"level":"info","message":"Server running on port 5000","service":"chat-app","timestamp":"2026-02-20 21:51:13"}
{"level":"info","message":"Environment: development","service":"chat-app","timestamp":"2026-02-20 21:51:13"}
{"level":"info","message":"MongoDB connected successfully","service":"chat-app","timestamp":"2026-02-20 21:51:13"}
{"level":"info","message":"Server running on port 5000","service":"chat-app","timestamp":"2026-02-20 21:56:05"}
{"level":"info","message":"Environment: development","service":"chat-app","timestamp":"2026-02-20 21:56:05"}
{"level":"info","message":"MongoDB connected successfully","service":"chat-app","timestamp":"2026-02-20 21:56:05"}
{"level":"info","message":"Server running on port 5000","service":"chat-app","timestamp":"2026-02-20 21:57:03"}
{"level":"info","message":"Environment: development","service":"chat-app","timestamp":"2026-02-20 21:57:03"}
{"level":"info","message":"MongoDB connected successfully","service":"chat-app","timestamp":"2026-02-20 21:57:03"}
{"level":"info","message":"User registered: 6998781ddf742eb79140fb70","service":"chat-app","timestamp":"2026-02-20 22:05:01","username":"evraldi baru"}
{"level":"info","message":"User registered: 69987831df742eb79140fb73","service":"chat-app","timestamp":"2026-02-20 22:05:22","username":"testing baru"}
{"level":"info","message":"User logged in: 6998781ddf742eb79140fb70","service":"chat-app","timestamp":"2026-02-20 22:05:27","username":"evraldi baru"}
{"level":"info","message":"User connected","service":"chat-app","socketId":"Ey26IiipEtv5Un-XAAAB","timestamp":"2026-02-20 22:05:27"}
{"level":"info","message":"User logged in: 69987831df742eb79140fb73","service":"chat-app","timestamp":"2026-02-20 22:05:29","username":"testing baru"}
{"level":"info","message":"User connected","service":"chat-app","socketId":"w3y854ORYgA6AXbIAAAD","timestamp":"2026-02-20 22:05:29"}
{"level":"info","message":"User disconnected","reason":"transport close","service":"chat-app","socketId":"Ey26IiipEtv5Un-XAAAB","timestamp":"2026-02-20 22:05:35"}
{"level":"info","message":"User connected","service":"chat-app","socketId":"EAEocnkjx_PzlJ13AAAF","timestamp":"2026-02-20 22:05:35"}
{"level":"info","message":"User disconnected","reason":"transport close","service":"chat-app","socketId":"w3y854ORYgA6AXbIAAAD","timestamp":"2026-02-20 22:05:47"}
{"level":"info","message":"User connected","service":"chat-app","socketId":"FoTG-a14ZKhXehE7AAAI","timestamp":"2026-02-20 22:05:48"}
{"level":"info","message":"User disconnected","reason":"transport close","service":"chat-app","socketId":"EAEocnkjx_PzlJ13AAAF","timestamp":"2026-02-20 22:05:56"}
{"level":"info","message":"User connected","service":"chat-app","socketId":"imyBNhj1xjEO1SUFAAAL","timestamp":"2026-02-20 22:05:57"}
{"level":"info","message":"Room created: 69987895df742eb79140fb87","name":"testing","service":"chat-app","timestamp":"2026-02-20 22:07:01"}
{"level":"info","message":"User evraldi baru attempting to join room testing","service":"chat-app","timestamp":"2026-02-20 22:07:01"}
{"level":"info","message":"User evraldi baru joined room testing","service":"chat-app","timestamp":"2026-02-20 22:07:01"}
{"level":"info","message":"Sending 0 previous messages to user in room testing","service":"chat-app","timestamp":"2026-02-20 22:07:01"}
{"level":"info","message":"User disconnected","reason":"transport close","service":"chat-app","socketId":"FoTG-a14ZKhXehE7AAAI","timestamp":"2026-02-20 22:07:08"}
{"level":"info","message":"User connected","service":"chat-app","socketId":"GFPJlBFnrM91jkXTAAAO","timestamp":"2026-02-20 22:07:08"}
{"level":"info","message":"User testing baru attempting to join room testing","service":"chat-app","timestamp":"2026-02-20 22:07:09"}
{"level":"info","message":"User testing baru joined room testing","service":"chat-app","timestamp":"2026-02-20 22:07:09"}
{"level":"info","message":"Sending 0 previous messages to user in room testing","service":"chat-app","timestamp":"2026-02-20 22:07:09"}
{"level":"info","message":"Received sendMessage event","room":"testing","service":"chat-app","text":"helo","timestamp":"2026-02-20 22:07:13","username":"evraldi baru"}
{"id":"699878a1df742eb79140fb92","level":"info","message":"Message saved","room":"testing","service":"chat-app","timestamp":"2026-02-20 22:07:13"}
{"level":"info","message":"Received sendMessage event","room":"testing","service":"chat-app","text":"helo","timestamp":"2026-02-20 22:07:18","username":"testing baru"}
{"id":"699878a6df742eb79140fb95","level":"info","message":"Message saved","room":"testing","service":"chat-app","timestamp":"2026-02-20 22:07:18"}
{"level":"info","message":"Fetching profile for user 6998781ddf742eb79140fb70","service":"chat-app","timestamp":"2026-02-20 22:07:25"}
{"avatarLength":103590,"bio":"hai","displayName":"evraldi edit","level":"info","message":"Profile update request for user 6998781ddf742eb79140fb70","service":"chat-app","timestamp":"2026-02-20 22:07:37"}
{"level":"info","message":"Profile updated successfully for user 6998781ddf742eb79140fb70","service":"chat-app","timestamp":"2026-02-20 22:07:37"}
{"level":"info","message":"User disconnected","reason":"client namespace disconnect","service":"chat-app","socketId":"imyBNhj1xjEO1SUFAAAL","timestamp":"2026-02-20 22:07:37"}
{"level":"info","message":"User connected","service":"chat-app","socketId":"sZP_vt2xoVooVSfIAAAQ","timestamp":"2026-02-20 22:07:37"}
{"level":"info","message":"Fetching profile for user 6998781ddf742eb79140fb70","service":"chat-app","timestamp":"2026-02-20 22:07:37"}
{"level":"info","message":"User disconnected","reason":"transport close","service":"chat-app","socketId":"GFPJlBFnrM91jkXTAAAO","timestamp":"2026-02-20 22:07:46"}
{"level":"info","message":"User connected","service":"chat-app","socketId":"X_VDHEga897b2v8gAAAS","timestamp":"2026-02-20 22:07:46"}
{"level":"info","message":"User testing baru attempting to join room testing","service":"chat-app","timestamp":"2026-02-20 22:07:47"}
{"level":"info","message":"User testing baru joined room testing","service":"chat-app","timestamp":"2026-02-20 22:07:47"}
{"level":"info","message":"Sending 2 previous messages to user in room testing","service":"chat-app","timestamp":"2026-02-20 22:07:47"}
{"level":"info","message":"Received sendMessage event","room":"testing","service":"chat-app","text":"halo","timestamp":"2026-02-20 22:07:54","username":"evraldi baru"}
{"id":"699878cadf742eb79140fba2","level":"info","message":"Message saved","room":"testing","service":"chat-app","timestamp":"2026-02-20 22:07:54"}
{"level":"info","message":"User disconnected","reason":"transport close","service":"chat-app","socketId":"X_VDHEga897b2v8gAAAS","timestamp":"2026-02-20 22:08:00"}
{"level":"info","message":"User connected","service":"chat-app","socketId":"yED7BRmwb7_yVD96AAAU","timestamp":"2026-02-20 22:08:00"}
{"level":"info","message":"User disconnected","reason":"client namespace disconnect","service":"chat-app","socketId":"yED7BRmwb7_yVD96AAAU","timestamp":"2026-02-20 22:08:00"}
{"level":"info","message":"User connected","service":"chat-app","socketId":"9l3yYUOu5y74p_PxAAAW","timestamp":"2026-02-20 22:08:00"}
{"level":"info","message":"User testing baru attempting to join room testing","service":"chat-app","timestamp":"2026-02-20 22:08:01"}
{"level":"info","message":"User testing baru joined room testing","service":"chat-app","timestamp":"2026-02-20 22:08:01"}
{"level":"info","message":"Sending 3 previous messages to user in room testing","service":"chat-app","timestamp":"2026-02-20 22:08:01"}
{"level":"info","message":"Received sendMessage event","room":"testing","service":"chat-app","text":"halo juga","timestamp":"2026-02-20 22:08:04","username":"testing baru"}
{"id":"699878d4df742eb79140fbab","level":"info","message":"Message saved","room":"testing","service":"chat-app","timestamp":"2026-02-20 22:08:04"}
{"level":"info","message":"User disconnected","reason":"transport close","service":"chat-app","socketId":"sZP_vt2xoVooVSfIAAAQ","timestamp":"2026-02-20 22:08:13"}
{"level":"info","message":"User connected","service":"chat-app","socketId":"nfklOqz_ieSVq59hAAAZ","timestamp":"2026-02-20 22:08:14"}
{"level":"info","message":"User evraldi baru attempting to join room testing","service":"chat-app","timestamp":"2026-02-20 22:08:15"}
{"level":"info","message":"User evraldi baru joined room testing","service":"chat-app","timestamp":"2026-02-20 22:08:15"}
{"level":"info","message":"Sending 4 previous messages to user in room testing","service":"chat-app","timestamp":"2026-02-20 22:08:15"}
{"level":"info","message":"Fetching profile for user 69987831df742eb79140fb73","service":"chat-app","timestamp":"2026-02-20 22:08:23"}
{"avatarLength":217950,"bio":"adadad","displayName":"Testing edit","level":"info","message":"Profile update request for user 69987831df742eb79140fb73","service":"chat-app","timestamp":"2026-02-20 22:08:37"}
{"level":"info","message":"Profile updated successfully for user 69987831df742eb79140fb73","service":"chat-app","timestamp":"2026-02-20 22:08:37"}
{"level":"info","message":"User disconnected","reason":"client namespace disconnect","service":"chat-app","socketId":"9l3yYUOu5y74p_PxAAAW","timestamp":"2026-02-20 22:08:37"}
{"level":"info","message":"Fetching profile for user 69987831df742eb79140fb73","service":"chat-app","timestamp":"2026-02-20 22:08:37"}
{"level":"info","message":"User connected","service":"chat-app","socketId":"zL5IxPqI6sHUOxs4AAAb","timestamp":"2026-02-20 22:08:37"}
{"level":"info","message":"Received sendMessage event","room":"testing","service":"chat-app","text":"halo ngab","timestamp":"2026-02-20 22:08:43","username":"testing baru"}
{"id":"699878fbdf742eb79140fbb9","level":"info","message":"Message saved","room":"testing","service":"chat-app","timestamp":"2026-02-20 22:08:43"}
{"level":"info","message":"User disconnected","reason":"client namespace disconnect","service":"chat-app","socketId":"nfklOqz_ieSVq59hAAAZ","timestamp":"2026-02-20 22:10:49"}
{"level":"info","message":"User disconnected","reason":"client namespace disconnect","service":"chat-app","socketId":"zL5IxPqI6sHUOxs4AAAb","timestamp":"2026-02-20 22:10:49"}
{"level":"info","message":"User connected","service":"chat-app","socketId":"53QD5Kj8cMUHTU7dAAAd","timestamp":"2026-02-20 22:10:51"}
{"level":"info","message":"User connected","service":"chat-app","socketId":"aTbBuknfoApLEnJLAAAf","timestamp":"2026-02-20 22:10:53"}
{"level":"info","message":"User disconnected","reason":"transport close","service":"chat-app","socketId":"53QD5Kj8cMUHTU7dAAAd","timestamp":"2026-02-20 22:11:01"}
{"level":"info","message":"User connected","service":"chat-app","socketId":"TQgTmt41_oMhtA5rAAAh","timestamp":"2026-02-20 22:11:01"}
{"level":"info","message":"User testing baru attempting to join room testing","service":"chat-app","timestamp":"2026-02-20 22:11:04"}
{"level":"info","message":"User testing baru joined room testing","service":"chat-app","timestamp":"2026-02-20 22:11:04"}
{"level":"info","message":"Sending 5 previous messages to user in room testing","service":"chat-app","timestamp":"2026-02-20 22:11:04"}
{"level":"info","message":"User disconnected","reason":"transport close","service":"chat-app","socketId":"aTbBuknfoApLEnJLAAAf","timestamp":"2026-02-20 22:11:08"}
{"level":"info","message":"User connected","service":"chat-app","socketId":"_Y4q3UUK1tmfoSkEAAAj","timestamp":"2026-02-20 22:11:09"}
{"level":"info","message":"User evraldi baru attempting to join room testing","service":"chat-app","timestamp":"2026-02-20 22:11:10"}
{"level":"info","message":"User evraldi baru joined room testing","service":"chat-app","timestamp":"2026-02-20 22:11:10"}
{"level":"info","message":"Sending 5 previous messages to user in room testing","service":"chat-app","timestamp":"2026-02-20 22:11:10"}
{"level":"info","message":"Received sendMessage event","room":"testing","service":"chat-app","text":"pakabar","timestamp":"2026-02-20 22:11:14","username":"testing baru"}
{"id":"69987992df742eb79140fbcf","level":"info","message":"Message saved","room":"testing","service":"chat-app","timestamp":"2026-02-20 22:11:14"}
{"level":"info","message":"Received sendMessage event","room":"testing","service":"chat-app","text":"baik","timestamp":"2026-02-20 22:11:18","username":"evraldi baru"}
{"id":"69987996df742eb79140fbd2","level":"info","message":"Message saved","room":"testing","service":"chat-app","timestamp":"2026-02-20 22:11:18"}
{"level":"info","message":"Fetching profile for user 69987831df742eb79140fb73","service":"chat-app","timestamp":"2026-02-20 22:11:25"}
{"avatarLength":34799,"bio":"adadad","displayName":"Testing edit baru","level":"info","message":"Profile update request for user 69987831df742eb79140fb73","service":"chat-app","timestamp":"2026-02-20 22:11:33"}
{"level":"info","message":"Profile updated successfully for user 69987831df742eb79140fb73","service":"chat-app","timestamp":"2026-02-20 22:11:33"}
{"level":"info","message":"Fetching profile for user 69987831df742eb79140fb73","service":"chat-app","timestamp":"2026-02-20 22:11:33"}
{"level":"info","message":"Received sendMessage event","room":"testing","service":"chat-app","text":"yah lu mah","timestamp":"2026-02-20 22:11:39","username":"testing baru"}
{"id":"699879abdf742eb79140fbda","level":"info","message":"Message saved","room":"testing","service":"chat-app","timestamp":"2026-02-20 22:11:39"}
{"level":"info","message":"User disconnected","reason":"transport close","service":"chat-app","socketId":"TQgTmt41_oMhtA5rAAAh","timestamp":"2026-02-20 22:12:43"}
{"level":"info","message":"User connected","service":"chat-app","socketId":"OM-eEn_ilAeIUKeYAAAl","timestamp":"2026-02-20 22:12:43"}
{"level":"info","message":"User testing baru attempting to join room testing","service":"chat-app","timestamp":"2026-02-20 22:12:44"}
{"level":"info","message":"User testing baru joined room testing","service":"chat-app","timestamp":"2026-02-20 22:12:44"}
{"level":"info","message":"Sending 8 previous messages to user in room testing","service":"chat-app","timestamp":"2026-02-20 22:12:44"}
{"level":"info","message":"User disconnected","reason":"transport close","service":"chat-app","socketId":"_Y4q3UUK1tmfoSkEAAAj","timestamp":"2026-02-20 22:12:46"}
{"level":"info","message":"User connected","service":"chat-app","socketId":"SwyJ2HIZMF1V5KuOAAAn","timestamp":"2026-02-20 22:12:47"}
{"level":"info","message":"User evraldi baru attempting to join room testing","service":"chat-app","timestamp":"2026-02-20 22:12:48"}
{"level":"info","message":"User evraldi baru joined room testing","service":"chat-app","timestamp":"2026-02-20 22:12:48"}
{"level":"info","message":"Sending 8 previous messages to user in room testing","service":"chat-app","timestamp":"2026-02-20 22:12:48"}
{"level":"info","message":"Room created: 69987a07df742eb79140fbe9","name":"test","service":"chat-app","timestamp":"2026-02-20 22:13:11"}
{"level":"info","message":"User testing baru leaving room testing","service":"chat-app","timestamp":"2026-02-20 22:13:11"}
{"level":"info","message":"User testing baru attempting to join room test","service":"chat-app","timestamp":"2026-02-20 22:13:11"}
{"level":"info","message":"User testing baru joined room test","service":"chat-app","timestamp":"2026-02-20 22:13:11"}
{"level":"info","message":"Sending 0 previous messages to user in room test","service":"chat-app","timestamp":"2026-02-20 22:13:11"}
{"level":"info","message":"User disconnected","reason":"transport close","service":"chat-app","socketId":"SwyJ2HIZMF1V5KuOAAAn","timestamp":"2026-02-20 22:13:15"}
{"level":"info","message":"User connected","service":"chat-app","socketId":"33WPmy_22TQR-Vh2AAAp","timestamp":"2026-02-20 22:13:16"}
{"level":"info","message":"User evraldi baru attempting to join room test","service":"chat-app","timestamp":"2026-02-20 22:13:18"}
{"level":"info","message":"User evraldi baru joined room test","service":"chat-app","timestamp":"2026-02-20 22:13:18"}
{"level":"info","message":"Sending 0 previous messages to user in room test","service":"chat-app","timestamp":"2026-02-20 22:13:18"}
{"level":"info","message":"Received sendMessage event","room":"test","service":"chat-app","text":"halo","timestamp":"2026-02-20 22:13:25","username":"testing baru"}
{"id":"69987a15df742eb79140fbf3","level":"info","message":"Message saved","room":"test","service":"chat-app","timestamp":"2026-02-20 22:13:25"}
{"level":"info","message":"Received sendMessage event","room":"test","service":"chat-app","text":"halo jg","timestamp":"2026-02-20 22:13:28","username":"evraldi baru"}
{"id":"69987a18df742eb79140fbf6","level":"info","message":"Message saved","room":"test","service":"chat-app","timestamp":"2026-02-20 22:13:28"}
{"level":"info","message":"Fetching profile for user 69987831df742eb79140fb73","service":"chat-app","timestamp":"2026-02-20 22:13:30"}
{"avatarLength":24866,"bio":"adadad","displayName":"Testing edit baru fix","level":"info","message":"Profile update request for user 69987831df742eb79140fb73","service":"chat-app","timestamp":"2026-02-20 22:13:40"}
{"level":"info","message":"Profile updated successfully for user 69987831df742eb79140fb73","service":"chat-app","timestamp":"2026-02-20 22:13:40"}
{"level":"info","message":"Fetching profile for user 69987831df742eb79140fb73","service":"chat-app","timestamp":"2026-02-20 22:13:40"}
{"level":"info","message":"Received sendMessage event","room":"test","service":"chat-app","text":"gapapa","timestamp":"2026-02-20 22:13:48","username":"testing baru"}
{"id":"69987a2cdf742eb79140fbfe","level":"info","message":"Message saved","room":"test","service":"chat-app","timestamp":"2026-02-20 22:13:48"}
{"level":"info","message":"User disconnected","reason":"transport close","service":"chat-app","socketId":"33WPmy_22TQR-Vh2AAAp","timestamp":"2026-02-20 22:15:36"}
{"level":"info","message":"User connected","service":"chat-app","socketId":"OOO9bNgSDQHiwljAAAAr","timestamp":"2026-02-20 22:15:37"}
{"level":"info","message":"User evraldi baru attempting to join room test","service":"chat-app","timestamp":"2026-02-20 22:15:38"}
{"level":"info","message":"User evraldi baru joined room test","service":"chat-app","timestamp":"2026-02-20 22:15:38"}
{"level":"info","message":"Sending 3 previous messages to user in room test","service":"chat-app","timestamp":"2026-02-20 22:15:38"}
{"level":"info","message":"User evraldi baru leaving room test","service":"chat-app","timestamp":"2026-02-20 22:15:39"}
{"level":"info","message":"User evraldi baru attempting to join room testing","service":"chat-app","timestamp":"2026-02-20 22:15:39"}
{"level":"info","message":"User evraldi baru joined room testing","service":"chat-app","timestamp":"2026-02-20 22:15:39"}
{"level":"info","message":"Sending 8 previous messages to user in room testing","service":"chat-app","timestamp":"2026-02-20 22:15:39"}
{"level":"info","message":"User evraldi baru leaving room testing","service":"chat-app","timestamp":"2026-02-20 22:15:40"}
{"level":"info","message":"User evraldi baru attempting to join room test","service":"chat-app","timestamp":"2026-02-20 22:15:40"}
{"level":"info","message":"User evraldi baru joined room test","service":"chat-app","timestamp":"2026-02-20 22:15:40"}
{"level":"info","message":"Sending 3 previous messages to user in room test","service":"chat-app","timestamp":"2026-02-20 22:15:40"}
{"level":"info","message":"User disconnected","reason":"transport close","service":"chat-app","socketId":"OM-eEn_ilAeIUKeYAAAl","timestamp":"2026-02-20 22:15:41"}
{"level":"info","message":"User connected","service":"chat-app","socketId":"fL4bD889RPBRKoVoAAAt","timestamp":"2026-02-20 22:15:41"}
{"level":"info","message":"User testing baru attempting to join room test","service":"chat-app","timestamp":"2026-02-20 22:15:42"}
{"level":"info","message":"User testing baru joined room test","service":"chat-app","timestamp":"2026-02-20 22:15:42"}
{"level":"info","message":"Sending 3 previous messages to user in room test","service":"chat-app","timestamp":"2026-02-20 22:15:42"}
{"level":"info","message":"User disconnected","reason":"transport close","service":"chat-app","socketId":"fL4bD889RPBRKoVoAAAt","timestamp":"2026-02-20 22:16:09"}
{"level":"info","message":"User connected","service":"chat-app","socketId":"1HVxZvY_V4UH9HlOAAAv","timestamp":"2026-02-20 22:16:09"}
{"level":"info","message":"User testing baru attempting to join room test","service":"chat-app","timestamp":"2026-02-20 22:16:10"}
{"level":"info","message":"User testing baru joined room test","service":"chat-app","timestamp":"2026-02-20 22:16:10"}
{"level":"info","message":"Sending 3 previous messages to user in room test","service":"chat-app","timestamp":"2026-02-20 22:16:10"}
{"level":"info","message":"Received sendMessage event","room":"test","service":"chat-app","text":"hai","timestamp":"2026-02-20 22:16:46","username":"testing baru"}
{"id":"69987adedf742eb79140fc1d","level":"info","message":"Message saved","room":"test","service":"chat-app","timestamp":"2026-02-20 22:16:46"}
{"level":"info","message":"User connected","service":"chat-app","socketId":"d4s_FtjXS3HiFwgKAAAx","timestamp":"2026-02-20 22:20:36"}
{"level":"info","message":"User connected","service":"chat-app","socketId":"iZA2UFSn1JX3lqN_AAAz","timestamp":"2026-02-20 22:20:38"}
{"level":"info","message":"Server running on port 5000","service":"chat-app","timestamp":"2026-02-20 22:21:30"}
{"level":"info","message":"Environment: development","service":"chat-app","timestamp":"2026-02-20 22:21:30"}
{"level":"info","message":"MongoDB connected successfully","service":"chat-app","timestamp":"2026-02-20 22:21:30"}
{"level":"info","message":"User connected","service":"chat-app","socketId":"vrsXAnFrDpcdc-70AAAB","timestamp":"2026-02-20 22:21:30"}
{"level":"info","message":"User connected","service":"chat-app","socketId":"BXWG8-0mOrrqTInUAAAD","timestamp":"2026-02-20 22:21:30"}
{"level":"info","message":"User connected","service":"chat-app","socketId":"5rnzEKa8zHMARGXCAAAF","timestamp":"2026-02-20 22:21:31"}
{"level":"info","message":"User disconnected","reason":"transport close","service":"chat-app","socketId":"BXWG8-0mOrrqTInUAAAD","timestamp":"2026-02-20 22:21:38"}
{"level":"info","message":"User disconnected","reason":"transport close","service":"chat-app","socketId":"vrsXAnFrDpcdc-70AAAB","timestamp":"2026-02-20 22:21:38"}
{"level":"info","message":"User connected","service":"chat-app","socketId":"eSguc3_r38ikWuQzAAAH","timestamp":"2026-02-20 22:21:38"}
{"level":"info","message":"User disconnected","reason":"transport close","service":"chat-app","socketId":"5rnzEKa8zHMARGXCAAAF","timestamp":"2026-02-20 22:21:41"}
{"level":"info","message":"User connected","service":"chat-app","socketId":"OJr-UJDkCfJ1M0AzAAAJ","timestamp":"2026-02-20 22:21:42"}
{"level":"info","message":"User testing baru attempting to join room test","service":"chat-app","timestamp":"2026-02-20 22:21:42"}
{"level":"info","message":"User testing baru joined room test","service":"chat-app","timestamp":"2026-02-20 22:21:42"}
{"level":"info","message":"Sending 4 previous messages to user in room test","service":"chat-app","timestamp":"2026-02-20 22:21:42"}
{"level":"info","message":"User evraldi baru attempting to join room test","service":"chat-app","timestamp":"2026-02-20 22:21:46"}
{"level":"info","message":"User evraldi baru joined room test","service":"chat-app","timestamp":"2026-02-20 22:21:46"}
{"level":"info","message":"Sending 4 previous messages to user in room test","service":"chat-app","timestamp":"2026-02-20 22:21:46"}
{"level":"info","message":"Fetching profile for user 69987831df742eb79140fb73","service":"chat-app","timestamp":"2026-02-20 22:21:56"}
{"level":"info","message":"Fetching profile for user 69987831df742eb79140fb73","service":"chat-app","timestamp":"2026-02-20 22:21:58"}
{"level":"info","message":"User disconnected","reason":"transport close","service":"chat-app","socketId":"eSguc3_r38ikWuQzAAAH","timestamp":"2026-02-20 22:22:11"}
{"level":"info","message":"User connected","service":"chat-app","socketId":"4xo2HJbarDaA_QSNAAAL","timestamp":"2026-02-20 22:22:11"}
{"level":"info","message":"User evraldi baru attempting to join room test","service":"chat-app","timestamp":"2026-02-20 22:22:16"}
{"level":"info","message":"User evraldi baru joined room test","service":"chat-app","timestamp":"2026-02-20 22:22:16"}
{"level":"info","message":"Sending 4 previous messages to user in room test","service":"chat-app","timestamp":"2026-02-20 22:22:16"}
{"level":"info","message":"User connected","service":"chat-app","socketId":"SD-xil0ixK_jDvfaAAAN","timestamp":"2026-02-20 22:22:40"}
{"level":"info","message":"User disconnected","reason":"transport close","service":"chat-app","socketId":"OJr-UJDkCfJ1M0AzAAAJ","timestamp":"2026-02-20 22:22:51"}
{"level":"info","message":"User disconnected","reason":"transport close","service":"chat-app","socketId":"SD-xil0ixK_jDvfaAAAN","timestamp":"2026-02-20 22:22:51"}
{"level":"info","message":"User connected","service":"chat-app","socketId":"1Q_ravIJLACQTe7HAAAP","timestamp":"2026-02-20 22:22:52"}
{"level":"info","message":"User connected","service":"chat-app","socketId":"x8f49yweqOROXA5wAAAR","timestamp":"2026-02-20 22:23:07"}
{"level":"info","message":"User connected","service":"chat-app","socketId":"Z0d2gxS6oCK2e_GpAAAT","timestamp":"2026-02-20 22:23:08"}
{"level":"info","message":"User disconnected","reason":"transport close","service":"chat-app","socketId":"Z0d2gxS6oCK2e_GpAAAT","timestamp":"2026-02-20 22:23:14"}
{"level":"info","message":"User disconnected","reason":"transport close","service":"chat-app","socketId":"4xo2HJbarDaA_QSNAAAL","timestamp":"2026-02-20 22:23:14"}
{"level":"info","message":"User connected","service":"chat-app","socketId":"Y_KiEODTeQp8Bd76AAAV","timestamp":"2026-02-20 22:23:14"}
{"level":"info","message":"User evraldi baru attempting to join room test","service":"chat-app","timestamp":"2026-02-20 22:23:15"}
{"level":"info","message":"User evraldi baru joined room test","service":"chat-app","timestamp":"2026-02-20 22:23:15"}
{"level":"info","message":"Sending 4 previous messages to user in room test","service":"chat-app","timestamp":"2026-02-20 22:23:15"}
{"level":"info","message":"User testing baru attempting to join room test","service":"chat-app","timestamp":"2026-02-20 22:23:28"}
{"level":"info","message":"User testing baru joined room test","service":"chat-app","timestamp":"2026-02-20 22:23:28"}
{"level":"info","message":"Sending 4 previous messages to user in room test","service":"chat-app","timestamp":"2026-02-20 22:23:28"}
{"level":"info","message":"User testing baru leaving room test","service":"chat-app","timestamp":"2026-02-20 22:23:29"}
{"level":"info","message":"User testing baru attempting to join room testing","service":"chat-app","timestamp":"2026-02-20 22:23:29"}
{"level":"info","message":"User testing baru joined room testing","service":"chat-app","timestamp":"2026-02-20 22:23:29"}
{"level":"info","message":"Sending 8 previous messages to user in room testing","service":"chat-app","timestamp":"2026-02-20 22:23:29"}
{"level":"info","message":"User testing baru leaving room testing","service":"chat-app","timestamp":"2026-02-20 22:23:30"}
{"level":"info","message":"User testing baru attempting to join room test","service":"chat-app","timestamp":"2026-02-20 22:23:30"}
{"level":"info","message":"User testing baru joined room test","service":"chat-app","timestamp":"2026-02-20 22:23:30"}
{"level":"info","message":"Sending 4 previous messages to user in room test","service":"chat-app","timestamp":"2026-02-20 22:23:30"}
{"level":"info","message":"User testing baru leaving room test","service":"chat-app","timestamp":"2026-02-20 22:23:30"}
{"level":"info","message":"User testing baru attempting to join room testing","service":"chat-app","timestamp":"2026-02-20 22:23:30"}
{"level":"info","message":"User testing baru joined room testing","service":"chat-app","timestamp":"2026-02-20 22:23:30"}
{"level":"info","message":"Sending 8 previous messages to user in room testing","service":"chat-app","timestamp":"2026-02-20 22:23:30"}
{"level":"info","message":"User testing baru leaving room testing","service":"chat-app","timestamp":"2026-02-20 22:23:31"}
{"level":"info","message":"User testing baru attempting to join room test","service":"chat-app","timestamp":"2026-02-20 22:23:31"}
{"level":"info","message":"User testing baru joined room test","service":"chat-app","timestamp":"2026-02-20 22:23:31"}
{"level":"info","message":"Sending 4 previous messages to user in room test","service":"chat-app","timestamp":"2026-02-20 22:23:31"}
{"level":"info","message":"User testing baru leaving room test","service":"chat-app","timestamp":"2026-02-20 22:23:31"}
{"level":"info","message":"User testing baru attempting to join room testing","service":"chat-app","timestamp":"2026-02-20 22:23:31"}
{"level":"info","message":"User testing baru joined room testing","service":"chat-app","timestamp":"2026-02-20 22:23:31"}
{"level":"info","message":"Sending 8 previous messages to user in room testing","service":"chat-app","timestamp":"2026-02-20 22:23:31"}
{"level":"info","message":"User testing baru leaving room testing","service":"chat-app","timestamp":"2026-02-20 22:23:33"}
{"level":"info","message":"User testing baru attempting to join room test","service":"chat-app","timestamp":"2026-02-20 22:23:33"}
{"level":"info","message":"User testing baru joined room test","service":"chat-app","timestamp":"2026-02-20 22:23:33"}
{"level":"info","message":"Sending 4 previous messages to user in room test","service":"chat-app","timestamp":"2026-02-20 22:23:33"}
{"level":"info","message":"User testing baru leaving room test","service":"chat-app","timestamp":"2026-02-20 22:23:33"}
{"level":"info","message":"User testing baru attempting to join room testing","service":"chat-app","timestamp":"2026-02-20 22:23:33"}
{"level":"info","message":"User testing baru joined room testing","service":"chat-app","timestamp":"2026-02-20 22:23:33"}
{"level":"info","message":"Sending 8 previous messages to user in room testing","service":"chat-app","timestamp":"2026-02-20 22:23:34"}
{"level":"info","message":"User testing baru leaving room testing","service":"chat-app","timestamp":"2026-02-20 22:23:34"}
{"level":"info","message":"User testing baru attempting to join room test","service":"chat-app","timestamp":"2026-02-20 22:23:34"}
{"level":"info","message":"User testing baru joined room test","service":"chat-app","timestamp":"2026-02-20 22:23:34"}
{"level":"info","message":"Sending 4 previous messages to user in room test","service":"chat-app","timestamp":"2026-02-20 22:23:34"}
{"level":"info","message":"User testing baru leaving room test","service":"chat-app","timestamp":"2026-02-20 22:23:35"}
{"level":"info","message":"User testing baru attempting to join room testing","service":"chat-app","timestamp":"2026-02-20 22:23:35"}
{"level":"info","message":"User testing baru joined room testing","service":"chat-app","timestamp":"2026-02-20 22:23:35"}
{"level":"info","message":"Sending 8 previous messages to user in room testing","service":"chat-app","timestamp":"2026-02-20 22:23:35"}
{"level":"info","message":"User testing baru leaving room testing","service":"chat-app","timestamp":"2026-02-20 22:23:35"}
{"level":"info","message":"User testing baru attempting to join room test","service":"chat-app","timestamp":"2026-02-20 22:23:35"}
{"level":"info","message":"User testing baru joined room test","service":"chat-app","timestamp":"2026-02-20 22:23:35"}
{"level":"info","message":"Sending 4 previous messages to user in room test","service":"chat-app","timestamp":"2026-02-20 22:23:35"}
{"level":"info","message":"User testing baru leaving room test","service":"chat-app","timestamp":"2026-02-20 22:23:36"}
{"level":"info","message":"User testing baru attempting to join room testing","service":"chat-app","timestamp":"2026-02-20 22:23:36"}
{"level":"info","message":"User testing baru joined room testing","service":"chat-app","timestamp":"2026-02-20 22:23:36"}
{"level":"info","message":"Sending 8 previous messages to user in room testing","service":"chat-app","timestamp":"2026-02-20 22:23:36"}
{"level":"info","message":"User testing baru leaving room testing","service":"chat-app","timestamp":"2026-02-20 22:23:39"}
{"level":"info","message":"User testing baru attempting to join room test","service":"chat-app","timestamp":"2026-02-20 22:23:39"}
{"level":"info","message":"User testing baru joined room test","service":"chat-app","timestamp":"2026-02-20 22:23:39"}
{"level":"info","message":"Sending 4 previous messages to user in room test","service":"chat-app","timestamp":"2026-02-20 22:23:39"}
{"level":"info","message":"User testing baru leaving room test","service":"chat-app","timestamp":"2026-02-20 22:23:40"}
{"level":"info","message":"User testing baru attempting to join room testing","service":"chat-app","timestamp":"2026-02-20 22:23:40"}
{"level":"info","message":"User testing baru joined room testing","service":"chat-app","timestamp":"2026-02-20 22:23:40"}
{"level":"info","message":"Sending 8 previous messages to user in room testing","service":"chat-app","timestamp":"2026-02-20 22:23:40"}
{"level":"info","message":"User testing baru leaving room testing","service":"chat-app","timestamp":"2026-02-20 22:23:41"}
{"level":"info","message":"User testing baru attempting to join room test","service":"chat-app","timestamp":"2026-02-20 22:23:41"}
{"level":"info","message":"User testing baru joined room test","service":"chat-app","timestamp":"2026-02-20 22:23:41"}
{"level":"info","message":"Sending 4 previous messages to user in room test","service":"chat-app","timestamp":"2026-02-20 22:23:41"}
{"level":"info","message":"User testing baru leaving room test","service":"chat-app","timestamp":"2026-02-20 22:23:42"}
{"level":"info","message":"User testing baru attempting to join room testing","service":"chat-app","timestamp":"2026-02-20 22:23:42"}
{"level":"info","message":"User testing baru joined room testing","service":"chat-app","timestamp":"2026-02-20 22:23:42"}
{"level":"info","message":"Sending 8 previous messages to user in room testing","service":"chat-app","timestamp":"2026-02-20 22:23:42"}
{"level":"info","message":"User testing baru leaving room testing","service":"chat-app","timestamp":"2026-02-20 22:23:43"}
{"level":"info","message":"User testing baru attempting to join room test","service":"chat-app","timestamp":"2026-02-20 22:23:43"}
{"level":"info","message":"User testing baru joined room test","service":"chat-app","timestamp":"2026-02-20 22:23:43"}
{"level":"info","message":"Sending 4 previous messages to user in room test","service":"chat-app","timestamp":"2026-02-20 22:23:43"}
{"level":"info","message":"User testing baru leaving room test","service":"chat-app","timestamp":"2026-02-20 22:23:44"}
{"level":"info","message":"User testing baru attempting to join room testing","service":"chat-app","timestamp":"2026-02-20 22:23:44"}
{"level":"info","message":"User testing baru joined room testing","service":"chat-app","timestamp":"2026-02-20 22:23:44"}
{"level":"info","message":"Sending 8 previous messages to user in room testing","service":"chat-app","timestamp":"2026-02-20 22:23:44"}
{"level":"info","message":"User testing baru leaving room testing","service":"chat-app","timestamp":"2026-02-20 22:23:44"}
{"level":"info","message":"User testing baru attempting to join room test","service":"chat-app","timestamp":"2026-02-20 22:23:44"}
{"level":"info","message":"User testing baru joined room test","service":"chat-app","timestamp":"2026-02-20 22:23:44"}
{"level":"info","message":"Sending 4 previous messages to user in room test","service":"chat-app","timestamp":"2026-02-20 22:23:44"}
{"level":"info","message":"User testing baru leaving room test","service":"chat-app","timestamp":"2026-02-20 22:23:45"}
{"level":"info","message":"User testing baru attempting to join room testing","service":"chat-app","timestamp":"2026-02-20 22:23:45"}
{"level":"info","message":"User testing baru joined room testing","service":"chat-app","timestamp":"2026-02-20 22:23:45"}
{"level":"info","message":"Sending 8 previous messages to user in room testing","service":"chat-app","timestamp":"2026-02-20 22:23:45"}
{"level":"info","message":"User testing baru leaving room testing","service":"chat-app","timestamp":"2026-02-20 22:23:45"}
{"level":"info","message":"User testing baru attempting to join room test","service":"chat-app","timestamp":"2026-02-20 22:23:45"}
{"level":"info","message":"User testing baru joined room test","service":"chat-app","timestamp":"2026-02-20 22:23:45"}
{"level":"info","message":"Sending 4 previous messages to user in room test","service":"chat-app","timestamp":"2026-02-20 22:23:45"}
{"level":"info","message":"User testing baru leaving room test","service":"chat-app","timestamp":"2026-02-20 22:23:46"}
{"level":"info","message":"User testing baru attempting to join room testing","service":"chat-app","timestamp":"2026-02-20 22:23:46"}
{"level":"info","message":"User testing baru joined room testing","service":"chat-app","timestamp":"2026-02-20 22:23:46"}
{"level":"info","message":"Sending 8 previous messages to user in room testing","service":"chat-app","timestamp":"2026-02-20 22:23:46"}
{"level":"info","message":"User testing baru leaving room testing","service":"chat-app","timestamp":"2026-02-20 22:23:47"}
{"level":"info","message":"User testing baru attempting to join room test","service":"chat-app","timestamp":"2026-02-20 22:23:47"}
{"level":"info","message":"User testing baru joined room test","service":"chat-app","timestamp":"2026-02-20 22:23:47"}
{"level":"info","message":"Sending 4 previous messages to user in room test","service":"chat-app","timestamp":"2026-02-20 22:23:47"}
{"level":"info","message":"User testing baru leaving room test","service":"chat-app","timestamp":"2026-02-20 22:23:47"}
{"level":"info","message":"User testing baru attempting to join room testing","service":"chat-app","timestamp":"2026-02-20 22:23:47"}
{"level":"info","message":"User testing baru joined room testing","service":"chat-app","timestamp":"2026-02-20 22:23:47"}
{"level":"info","message":"Sending 8 previous messages to user in room testing","service":"chat-app","timestamp":"2026-02-20 22:23:47"}
{"level":"info","message":"User testing baru leaving room testing","service":"chat-app","timestamp":"2026-02-20 22:23:48"}
{"level":"info","message":"User testing baru attempting to join room test","service":"chat-app","timestamp":"2026-02-20 22:23:48"}
{"level":"info","message":"User testing baru joined room test","service":"chat-app","timestamp":"2026-02-20 22:23:48"}
{"level":"info","message":"Sending 4 previous messages to user in room test","service":"chat-app","timestamp":"2026-02-20 22:23:48"}
{"level":"info","message":"User testing baru leaving room test","service":"chat-app","timestamp":"2026-02-20 22:23:48"}
{"level":"info","message":"User testing baru attempting to join room testing","service":"chat-app","timestamp":"2026-02-20 22:23:48"}
{"level":"info","message":"User testing baru joined room testing","service":"chat-app","timestamp":"2026-02-20 22:23:48"}
{"level":"info","message":"Sending 8 previous messages to user in room testing","service":"chat-app","timestamp":"2026-02-20 22:23:48"}
{"level":"info","message":"User testing baru leaving room testing","service":"chat-app","timestamp":"2026-02-20 22:23:49"}
{"level":"info","message":"User testing baru attempting to join room test","service":"chat-app","timestamp":"2026-02-20 22:23:49"}
{"level":"info","message":"User testing baru joined room test","service":"chat-app","timestamp":"2026-02-20 22:23:49"}
{"level":"info","message":"Sending 4 previous messages to user in room test","service":"chat-app","timestamp":"2026-02-20 22:23:49"}
{"level":"info","message":"User testing baru leaving room test","service":"chat-app","timestamp":"2026-02-20 22:23:49"}
{"level":"info","message":"User testing baru attempting to join room testing","service":"chat-app","timestamp":"2026-02-20 22:23:49"}
{"level":"info","message":"User testing baru joined room testing","service":"chat-app","timestamp":"2026-02-20 22:23:49"}
{"level":"info","message":"Sending 8 previous messages to user in room testing","service":"chat-app","timestamp":"2026-02-20 22:23:49"}
{"level":"info","message":"User testing baru leaving room testing","service":"chat-app","timestamp":"2026-02-20 22:23:50"}
{"level":"info","message":"User testing baru attempting to join room test","service":"chat-app","timestamp":"2026-02-20 22:23:50"}
{"level":"info","message":"User testing baru joined room test","service":"chat-app","timestamp":"2026-02-20 22:23:50"}
{"level":"info","message":"Sending 4 previous messages to user in room test","service":"chat-app","timestamp":"2026-02-20 22:23:50"}
{"level":"info","message":"User testing baru leaving room test","service":"chat-app","timestamp":"2026-02-20 22:23:51"}
{"level":"info","message":"User testing baru attempting to join room testing","service":"chat-app","timestamp":"2026-02-20 22:23:51"}
{"level":"info","message":"User testing baru joined room testing","service":"chat-app","timestamp":"2026-02-20 22:23:51"}
{"level":"info","message":"Sending 8 previous messages to user in room testing","service":"chat-app","timestamp":"2026-02-20 22:23:51"}
{"level":"info","message":"User testing baru leaving room testing","service":"chat-app","timestamp":"2026-02-20 22:23:52"}
{"level":"info","message":"User testing baru attempting to join room test","service":"chat-app","timestamp":"2026-02-20 22:23:52"}
{"level":"info","message":"User testing baru joined room test","service":"chat-app","timestamp":"2026-02-20 22:23:52"}
{"level":"info","message":"Sending 4 previous messages to user in room test","service":"chat-app","timestamp":"2026-02-20 22:23:52"}
{"level":"info","message":"User testing baru leaving room test","service":"chat-app","timestamp":"2026-02-20 22:23:53"}
{"level":"info","message":"User testing baru attempting to join room testing","service":"chat-app","timestamp":"2026-02-20 22:23:53"}
{"level":"info","message":"User testing baru joined room testing","service":"chat-app","timestamp":"2026-02-20 22:23:53"}
{"level":"info","message":"Sending 8 previous messages to user in room testing","service":"chat-app","timestamp":"2026-02-20 22:23:53"}
{"level":"info","message":"User disconnected","reason":"transport close","service":"chat-app","socketId":"Y_KiEODTeQp8Bd76AAAV","timestamp":"2026-02-20 22:24:42"}
{"level":"info","message":"User connected","service":"chat-app","socketId":"DZiofg8j5PVy7kFzAAAX","timestamp":"2026-02-20 22:24:42"}
{"level":"info","message":"User disconnected","reason":"transport close","service":"chat-app","socketId":"x8f49yweqOROXA5wAAAR","timestamp":"2026-02-20 22:24:43"}
{"level":"info","message":"User disconnected","reason":"transport close","service":"chat-app","socketId":"1Q_ravIJLACQTe7HAAAP","timestamp":"2026-02-20 22:24:43"}
{"level":"info","message":"User connected","service":"chat-app","socketId":"sGNDjH0Lnh6vyAA-AAAZ","timestamp":"2026-02-20 22:24:44"}
{"level":"info","message":"User evraldi baru attempting to join room testing","service":"chat-app","timestamp":"2026-02-20 22:24:45"}
{"level":"info","message":"User evraldi baru joined room testing","service":"chat-app","timestamp":"2026-02-20 22:24:45"}
{"level":"info","message":"Sending 8 previous messages to user in room testing","service":"chat-app","timestamp":"2026-02-20 22:24:45"}
{"level":"info","message":"User testing baru attempting to join room testing","service":"chat-app","timestamp":"2026-02-20 22:24:47"}
{"level":"info","message":"User testing baru joined room testing","service":"chat-app","timestamp":"2026-02-20 22:24:47"}
{"level":"info","message":"Sending 8 previous messages to user in room testing","service":"chat-app","timestamp":"2026-02-20 22:24:47"}
{"level":"info","message":"User testing baru leaving room testing","service":"chat-app","timestamp":"2026-02-20 22:24:48"}
{"level":"info","message":"User testing baru attempting to join room test","service":"chat-app","timestamp":"2026-02-20 22:24:48"}
{"level":"info","message":"User testing baru joined room test","service":"chat-app","timestamp":"2026-02-20 22:24:48"}
{"level":"info","message":"Sending 4 previous messages to user in room test","service":"chat-app","timestamp":"2026-02-20 22:24:48"}
{"level":"info","message":"User testing baru leaving room test","service":"chat-app","timestamp":"2026-02-20 22:24:48"}
{"level":"info","message":"User testing baru attempting to join room testing","service":"chat-app","timestamp":"2026-02-20 22:24:48"}
{"level":"info","message":"User testing baru joined room testing","service":"chat-app","timestamp":"2026-02-20 22:24:48"}
{"level":"info","message":"Sending 8 previous messages to user in room testing","service":"chat-app","timestamp":"2026-02-20 22:24:48"}
{"level":"info","message":"User testing baru leaving room testing","service":"chat-app","timestamp":"2026-02-20 22:24:49"}
{"level":"info","message":"User testing baru attempting to join room test","service":"chat-app","timestamp":"2026-02-20 22:24:49"}
{"level":"info","message":"User testing baru joined room test","service":"chat-app","timestamp":"2026-02-20 22:24:49"}
{"level":"info","message":"Sending 4 previous messages to user in room test","service":"chat-app","timestamp":"2026-02-20 22:24:49"}
{"level":"info","message":"User testing baru leaving room test","service":"chat-app","timestamp":"2026-02-20 22:24:49"}
{"level":"info","message":"User testing baru attempting to join room testing","service":"chat-app","timestamp":"2026-02-20 22:24:49"}
{"level":"info","message":"User testing baru joined room testing","service":"chat-app","timestamp":"2026-02-20 22:24:49"}
{"level":"info","message":"Sending 8 previous messages to user in room testing","service":"chat-app","timestamp":"2026-02-20 22:24:50"}
{"level":"info","message":"User testing baru leaving room testing","service":"chat-app","timestamp":"2026-02-20 22:24:50"}
{"level":"info","message":"User testing baru attempting to join room test","service":"chat-app","timestamp":"2026-02-20 22:24:50"}
{"level":"info","message":"User testing baru joined room test","service":"chat-app","timestamp":"2026-02-20 22:24:50"}
{"level":"info","message":"Sending 4 previous messages to user in room test","service":"chat-app","timestamp":"2026-02-20 22:24:50"}
{"level":"info","message":"User testing baru leaving room test","service":"chat-app","timestamp":"2026-02-20 22:24:51"}
{"level":"info","message":"User testing baru attempting to join room testing","service":"chat-app","timestamp":"2026-02-20 22:24:51"}
{"level":"info","message":"User testing baru joined room testing","service":"chat-app","timestamp":"2026-02-20 22:24:51"}
{"level":"info","message":"Sending 8 previous messages to user in room testing","service":"chat-app","timestamp":"2026-02-20 22:24:51"}
{"level":"info","message":"User disconnected","reason":"transport close","service":"chat-app","socketId":"DZiofg8j5PVy7kFzAAAX","timestamp":"2026-02-20 22:25:27"}
{"level":"info","message":"User connected","service":"chat-app","socketId":"-ExX1wBgX9VEi_c7AAAb","timestamp":"2026-02-20 22:25:28"}
{"level":"info","message":"User disconnected","reason":"transport close","service":"chat-app","socketId":"sGNDjH0Lnh6vyAA-AAAZ","timestamp":"2026-02-20 22:25:30"}
{"level":"info","message":"User connected","service":"chat-app","socketId":"hVq30OIOPEuXgeUkAAAd","timestamp":"2026-02-20 22:25:30"}
{"level":"info","message":"User testing baru attempting to join room testing","service":"chat-app","timestamp":"2026-02-20 22:25:31"}
{"level":"info","message":"User testing baru joined room testing","service":"chat-app","timestamp":"2026-02-20 22:25:31"}
{"level":"info","message":"Sending 8 previous messages to user in room testing","service":"chat-app","timestamp":"2026-02-20 22:25:31"}
{"level":"info","message":"User testing baru leaving room testing","service":"chat-app","timestamp":"2026-02-20 22:25:32"}
{"level":"info","message":"User testing baru attempting to join room test","service":"chat-app","timestamp":"2026-02-20 22:25:32"}
{"level":"info","message":"User testing baru joined room test","service":"chat-app","timestamp":"2026-02-20 22:25:32"}
{"level":"info","message":"Sending 4 previous messages to user in room test","service":"chat-app","timestamp":"2026-02-20 22:25:32"}
{"level":"info","message":"User testing baru leaving room test","service":"chat-app","timestamp":"2026-02-20 22:25:33"}
{"level":"info","message":"User testing baru attempting to join room testing","service":"chat-app","timestamp":"2026-02-20 22:25:33"}
{"level":"info","message":"User testing baru joined room testing","service":"chat-app","timestamp":"2026-02-20 22:25:33"}
{"level":"info","message":"Sending 8 previous messages to user in room testing","service":"chat-app","timestamp":"2026-02-20 22:25:33"}
{"level":"info","message":"User testing baru leaving room testing","service":"chat-app","timestamp":"2026-02-20 22:25:34"}
{"level":"info","message":"User testing baru attempting to join room test","service":"chat-app","timestamp":"2026-02-20 22:25:34"}
{"level":"info","message":"User testing baru joined room test","service":"chat-app","timestamp":"2026-02-20 22:25:34"}
{"level":"info","message":"Sending 4 previous messages to user in room test","service":"chat-app","timestamp":"2026-02-20 22:25:34"}
{"level":"info","message":"User testing baru leaving room test","service":"chat-app","timestamp":"2026-02-20 22:25:35"}
{"level":"info","message":"User testing baru attempting to join room testing","service":"chat-app","timestamp":"2026-02-20 22:25:35"}
{"level":"info","message":"User testing baru joined room testing","service":"chat-app","timestamp":"2026-02-20 22:25:35"}
{"level":"info","message":"Sending 8 previous messages to user in room testing","service":"chat-app","timestamp":"2026-02-20 22:25:35"}
{"level":"info","message":"User testing baru leaving room testing","service":"chat-app","timestamp":"2026-02-20 22:25:36"}
{"level":"info","message":"User testing baru attempting to join room test","service":"chat-app","timestamp":"2026-02-20 22:25:36"}
{"level":"info","message":"User testing baru joined room test","service":"chat-app","timestamp":"2026-02-20 22:25:36"}
{"level":"info","message":"Sending 4 previous messages to user in room test","service":"chat-app","timestamp":"2026-02-20 22:25:36"}
{"level":"info","message":"User testing baru leaving room test","service":"chat-app","timestamp":"2026-02-20 22:25:37"}
{"level":"info","message":"User testing baru attempting to join room testing","service":"chat-app","timestamp":"2026-02-20 22:25:37"}
{"level":"info","message":"User testing baru joined room testing","service":"chat-app","timestamp":"2026-02-20 22:25:37"}
{"level":"info","message":"Sending 8 previous messages to user in room testing","service":"chat-app","timestamp":"2026-02-20 22:25:37"}
{"level":"info","message":"User testing baru leaving room testing","service":"chat-app","timestamp":"2026-02-20 22:25:37"}
{"level":"info","message":"User testing baru attempting to join room test","service":"chat-app","timestamp":"2026-02-20 22:25:37"}
{"level":"info","message":"User testing baru joined room test","service":"chat-app","timestamp":"2026-02-20 22:25:37"}
{"level":"info","message":"Sending 4 previous messages to user in room test","service":"chat-app","timestamp":"2026-02-20 22:25:37"}
{"level":"info","message":"User testing baru leaving room test","service":"chat-app","timestamp":"2026-02-20 22:25:38"}
{"level":"info","message":"User testing baru attempting to join room testing","service":"chat-app","timestamp":"2026-02-20 22:25:38"}
{"level":"info","message":"User testing baru joined room testing","service":"chat-app","timestamp":"2026-02-20 22:25:38"}
{"level":"info","message":"Sending 8 previous messages to user in room testing","service":"chat-app","timestamp":"2026-02-20 22:25:38"}
{"level":"info","message":"User testing baru leaving room testing","service":"chat-app","timestamp":"2026-02-20 22:25:38"}
{"level":"info","message":"User testing baru attempting to join room test","service":"chat-app","timestamp":"2026-02-20 22:25:38"}
{"level":"info","message":"User testing baru joined room test","service":"chat-app","timestamp":"2026-02-20 22:25:38"}
{"level":"info","message":"Sending 4 previous messages to user in room test","service":"chat-app","timestamp":"2026-02-20 22:25:38"}
{"level":"info","message":"User testing baru leaving room test","service":"chat-app","timestamp":"2026-02-20 22:25:39"}
{"level":"info","message":"User testing baru attempting to join room testing","service":"chat-app","timestamp":"2026-02-20 22:25:39"}
{"level":"info","message":"User testing baru joined room testing","service":"chat-app","timestamp":"2026-02-20 22:25:39"}
{"level":"info","message":"Sending 8 previous messages to user in room testing","service":"chat-app","timestamp":"2026-02-20 22:25:39"}
{"level":"info","message":"User testing baru leaving room testing","service":"chat-app","timestamp":"2026-02-20 22:25:39"}
{"level":"info","message":"User testing baru attempting to join room test","service":"chat-app","timestamp":"2026-02-20 22:25:39"}
{"level":"info","message":"User testing baru joined room test","service":"chat-app","timestamp":"2026-02-20 22:25:39"}
{"level":"info","message":"Sending 4 previous messages to user in room test","service":"chat-app","timestamp":"2026-02-20 22:25:39"}
{"level":"info","message":"User testing baru leaving room test","service":"chat-app","timestamp":"2026-02-20 22:25:40"}
{"level":"info","message":"User testing baru attempting to join room testing","service":"chat-app","timestamp":"2026-02-20 22:25:40"}
{"level":"info","message":"User testing baru joined room testing","service":"chat-app","timestamp":"2026-02-20 22:25:40"}
{"level":"info","message":"Sending 8 previous messages to user in room testing","service":"chat-app","timestamp":"2026-02-20 22:25:40"}
{"level":"info","message":"User testing baru leaving room testing","service":"chat-app","timestamp":"2026-02-20 22:25:40"}
{"level":"info","message":"User testing baru attempting to join room test","service":"chat-app","timestamp":"2026-02-20 22:25:40"}
{"level":"info","message":"User testing baru joined room test","service":"chat-app","timestamp":"2026-02-20 22:25:40"}
{"level":"info","message":"Sending 4 previous messages to user in room test","service":"chat-app","timestamp":"2026-02-20 22:25:40"}
{"level":"info","message":"User testing baru leaving room test","service":"chat-app","timestamp":"2026-02-20 22:25:41"}
{"level":"info","message":"User testing baru attempting to join room testing","service":"chat-app","timestamp":"2026-02-20 22:25:41"}
{"level":"info","message":"User testing baru joined room testing","service":"chat-app","timestamp":"2026-02-20 22:25:41"}
{"level":"info","message":"Sending 8 previous messages to user in room testing","service":"chat-app","timestamp":"2026-02-20 22:25:41"}
{"level":"info","message":"User testing baru leaving room testing","service":"chat-app","timestamp":"2026-02-20 22:25:41"}
{"level":"info","message":"User testing baru attempting to join room test","service":"chat-app","timestamp":"2026-02-20 22:25:41"}
{"level":"info","message":"User testing baru joined room test","service":"chat-app","timestamp":"2026-02-20 22:25:41"}
{"level":"info","message":"Sending 4 previous messages to user in room test","service":"chat-app","timestamp":"2026-02-20 22:25:41"}
{"level":"info","message":"User testing baru leaving room test","service":"chat-app","timestamp":"2026-02-20 22:25:42"}
{"level":"info","message":"User testing baru attempting to join room testing","service":"chat-app","timestamp":"2026-02-20 22:25:42"}
{"level":"info","message":"User testing baru joined room testing","service":"chat-app","timestamp":"2026-02-20 22:25:42"}
{"level":"info","message":"Sending 8 previous messages to user in room testing","service":"chat-app","timestamp":"2026-02-20 22:25:42"}
{"level":"info","message":"User testing baru leaving room testing","service":"chat-app","timestamp":"2026-02-20 22:26:03"}
{"level":"info","message":"User testing baru attempting to join room test","service":"chat-app","timestamp":"2026-02-20 22:26:03"}
{"level":"info","message":"User testing baru joined room test","service":"chat-app","timestamp":"2026-02-20 22:26:03"}
{"level":"info","message":"Sending 4 previous messages to user in room test","service":"chat-app","timestamp":"2026-02-20 22:26:03"}
{"level":"info","message":"User testing baru leaving room test","service":"chat-app","timestamp":"2026-02-20 22:26:04"}
{"level":"info","message":"User testing baru attempting to join room testing","service":"chat-app","timestamp":"2026-02-20 22:26:04"}
{"level":"info","message":"User testing baru joined room testing","service":"chat-app","timestamp":"2026-02-20 22:26:04"}
{"level":"info","message":"Sending 8 previous messages to user in room testing","service":"chat-app","timestamp":"2026-02-20 22:26:04"}
{"level":"info","message":"User testing baru leaving room testing","service":"chat-app","timestamp":"2026-02-20 22:26:04"}
{"level":"info","message":"User testing baru attempting to join room test","service":"chat-app","timestamp":"2026-02-20 22:26:04"}
{"level":"info","message":"User testing baru joined room test","service":"chat-app","timestamp":"2026-02-20 22:26:04"}
{"level":"info","message":"Sending 4 previous messages to user in room test","service":"chat-app","timestamp":"2026-02-20 22:26:04"}
{"level":"info","message":"User testing baru leaving room test","service":"chat-app","timestamp":"2026-02-20 22:26:15"}
{"level":"info","message":"User testing baru attempting to join room testing","service":"chat-app","timestamp":"2026-02-20 22:26:15"}
{"level":"info","message":"User testing baru joined room testing","service":"chat-app","timestamp":"2026-02-20 22:26:15"}
{"level":"info","message":"Sending 8 previous messages to user in room testing","service":"chat-app","timestamp":"2026-02-20 22:26:15"}
{"level":"info","message":"User testing baru leaving room testing","service":"chat-app","timestamp":"2026-02-20 22:26:15"}
{"level":"info","message":"User testing baru attempting to join room test","service":"chat-app","timestamp":"2026-02-20 22:26:15"}
{"level":"info","message":"User testing baru joined room test","service":"chat-app","timestamp":"2026-02-20 22:26:15"}
{"level":"info","message":"Sending 4 previous messages to user in room test","service":"chat-app","timestamp":"2026-02-20 22:26:15"}
{"level":"info","message":"User disconnected","reason":"transport close","service":"chat-app","socketId":"-ExX1wBgX9VEi_c7AAAb","timestamp":"2026-02-20 22:27:07"}
{"level":"info","message":"User connected","service":"chat-app","socketId":"eVsxqexMtLvG6o9eAAAf","timestamp":"2026-02-20 22:27:08"}
{"level":"info","message":"User disconnected","reason":"transport close","service":"chat-app","socketId":"eVsxqexMtLvG6o9eAAAf","timestamp":"2026-02-20 22:27:09"}
{"level":"info","message":"User connected","service":"chat-app","socketId":"nrgOr66kVnsufyrZAAAh","timestamp":"2026-02-20 22:27:11"}
{"level":"info","message":"User disconnected","reason":"transport close","service":"chat-app","socketId":"nrgOr66kVnsufyrZAAAh","timestamp":"2026-02-20 22:27:29"}
{"level":"info","message":"User connected","service":"chat-app","socketId":"jLsZOLrSkb-gBSA9AAAj","timestamp":"2026-02-20 22:27:29"}
{"level":"info","message":"User evraldi baru attempting to join room testing","service":"chat-app","timestamp":"2026-02-20 22:27:30"}
{"level":"info","message":"User evraldi baru joined room testing","service":"chat-app","timestamp":"2026-02-20 22:27:30"}
{"level":"info","message":"Sending 8 previous messages to user in room testing","service":"chat-app","timestamp":"2026-02-20 22:27:30"}
{"level":"info","message":"User evraldi baru leaving room testing","service":"chat-app","timestamp":"2026-02-20 22:27:31"}
{"level":"info","message":"User evraldi baru attempting to join room test","service":"chat-app","timestamp":"2026-02-20 22:27:31"}
{"level":"info","message":"User evraldi baru joined room test","service":"chat-app","timestamp":"2026-02-20 22:27:31"}
{"level":"info","message":"Sending 4 previous messages to user in room test","service":"chat-app","timestamp":"2026-02-20 22:27:31"}
{"level":"info","message":"User evraldi baru leaving room test","service":"chat-app","timestamp":"2026-02-20 22:27:32"}
{"level":"info","message":"User evraldi baru attempting to join room testing","service":"chat-app","timestamp":"2026-02-20 22:27:32"}
{"level":"info","message":"User evraldi baru joined room testing","service":"chat-app","timestamp":"2026-02-20 22:27:32"}
{"level":"info","message":"Sending 8 previous messages to user in room testing","service":"chat-app","timestamp":"2026-02-20 22:27:32"}
{"level":"info","message":"User evraldi baru leaving room testing","service":"chat-app","timestamp":"2026-02-20 22:27:32"}
{"level":"info","message":"User evraldi baru attempting to join room test","service":"chat-app","timestamp":"2026-02-20 22:27:32"}
{"level":"info","message":"User evraldi baru joined room test","service":"chat-app","timestamp":"2026-02-20 22:27:32"}
{"level":"info","message":"Sending 4 previous messages to user in room test","service":"chat-app","timestamp":"2026-02-20 22:27:32"}
{"level":"info","message":"User evraldi baru leaving room test","service":"chat-app","timestamp":"2026-02-20 22:27:33"}
{"level":"info","message":"User evraldi baru attempting to join room testing","service":"chat-app","timestamp":"2026-02-20 22:27:33"}
{"level":"info","message":"User evraldi baru joined room testing","service":"chat-app","timestamp":"2026-02-20 22:27:33"}
{"level":"info","message":"Sending 8 previous messages to user in room testing","service":"chat-app","timestamp":"2026-02-20 22:27:33"}
{"level":"info","message":"User evraldi baru leaving room testing","service":"chat-app","timestamp":"2026-02-20 22:27:33"}
{"level":"info","message":"User evraldi baru attempting to join room test","service":"chat-app","timestamp":"2026-02-20 22:27:33"}
{"level":"info","message":"User evraldi baru joined room test","service":"chat-app","timestamp":"2026-02-20 22:27:33"}
{"level":"info","message":"Sending 4 previous messages to user in room test","service":"chat-app","timestamp":"2026-02-20 22:27:33"}
{"level":"info","message":"User disconnected","reason":"transport close","service":"chat-app","socketId":"hVq30OIOPEuXgeUkAAAd","timestamp":"2026-02-20 22:27:35"}
{"level":"info","message":"User connected","service":"chat-app","socketId":"tVH7Ws029FIJmFaGAAAl","timestamp":"2026-02-20 22:27:35"}
{"level":"info","message":"User testing baru attempting to join room testing","service":"chat-app","timestamp":"2026-02-20 22:27:36"}
{"level":"info","message":"User testing baru joined room testing","service":"chat-app","timestamp":"2026-02-20 22:27:36"}
{"level":"info","message":"Sending 8 previous messages to user in room testing","service":"chat-app","timestamp":"2026-02-20 22:27:36"}
{"level":"info","message":"User testing baru leaving room testing","service":"chat-app","timestamp":"2026-02-20 22:27:36"}
{"level":"info","message":"User testing baru attempting to join room test","service":"chat-app","timestamp":"2026-02-20 22:27:36"}
{"level":"info","message":"User testing baru joined room test","service":"chat-app","timestamp":"2026-02-20 22:27:36"}
{"level":"info","message":"Sending 4 previous messages to user in room test","service":"chat-app","timestamp":"2026-02-20 22:27:36"}
{"level":"info","message":"User testing baru leaving room test","service":"chat-app","timestamp":"2026-02-20 22:27:37"}
{"level":"info","message":"User testing baru attempting to join room testing","service":"chat-app","timestamp":"2026-02-20 22:27:37"}
{"level":"info","message":"User testing baru joined room testing","service":"chat-app","timestamp":"2026-02-20 22:27:37"}
{"level":"info","message":"Sending 8 previous messages to user in room testing","service":"chat-app","timestamp":"2026-02-20 22:27:37"}
{"level":"info","message":"User disconnected","reason":"transport close","service":"chat-app","socketId":"tVH7Ws029FIJmFaGAAAl","timestamp":"2026-02-20 22:29:06"}
{"level":"info","message":"User connected","service":"chat-app","socketId":"D9rCEwa2kSEnxWaGAAAn","timestamp":"2026-02-20 22:29:07"}
{"level":"info","message":"User disconnected","reason":"transport close","service":"chat-app","socketId":"jLsZOLrSkb-gBSA9AAAj","timestamp":"2026-02-20 22:29:09"}
{"level":"info","message":"User connected","service":"chat-app","socketId":"Pc1fSm444GM6CBVKAAAp","timestamp":"2026-02-20 22:29:09"}
{"level":"info","message":"User evraldi baru attempting to join room testing","service":"chat-app","timestamp":"2026-02-20 22:29:10"}
{"level":"info","message":"User evraldi baru joined room testing","service":"chat-app","timestamp":"2026-02-20 22:29:10"}
{"level":"info","message":"Sending 8 previous messages to user in room testing","service":"chat-app","timestamp":"2026-02-20 22:29:10"}
{"level":"info","message":"User evraldi baru leaving room testing","service":"chat-app","timestamp":"2026-02-20 22:29:12"}
{"level":"info","message":"User evraldi baru attempting to join room test","service":"chat-app","timestamp":"2026-02-20 22:29:12"}
{"level":"info","message":"User evraldi baru joined room test","service":"chat-app","timestamp":"2026-02-20 22:29:12"}
{"level":"info","message":"Sending 4 previous messages to user in room test","service":"chat-app","timestamp":"2026-02-20 22:29:12"}
{"level":"info","message":"User evraldi baru leaving room test","service":"chat-app","timestamp":"2026-02-20 22:29:13"}
{"level":"info","message":"User evraldi baru attempting to join room testing","service":"chat-app","timestamp":"2026-02-20 22:29:13"}
{"level":"info","message":"User evraldi baru joined room testing","service":"chat-app","timestamp":"2026-02-20 22:29:13"}
{"level":"info","message":"Sending 8 previous messages to user in room testing","service":"chat-app","timestamp":"2026-02-20 22:29:13"}
{"level":"info","message":"User evraldi baru leaving room testing","service":"chat-app","timestamp":"2026-02-20 22:29:16"}
{"level":"info","message":"User evraldi baru attempting to join room test","service":"chat-app","timestamp":"2026-02-20 22:29:16"}
{"level":"info","message":"User evraldi baru joined room test","service":"chat-app","timestamp":"2026-02-20 22:29:16"}
{"level":"info","message":"Sending 4 previous messages to user in room test","service":"chat-app","timestamp":"2026-02-20 22:29:16"}
{"level":"info","message":"User testing baru attempting to join room testing","service":"chat-app","timestamp":"2026-02-20 22:29:19"}
{"level":"info","message":"User testing baru joined room testing","service":"chat-app","timestamp":"2026-02-20 22:29:19"}
{"level":"info","message":"Sending 8 previous messages to user in room testing","service":"chat-app","timestamp":"2026-02-20 22:29:19"}
{"level":"info","message":"User testing baru leaving room testing","service":"chat-app","timestamp":"2026-02-20 22:30:02"}
{"level":"info","message":"User testing baru attempting to join room test","service":"chat-app","timestamp":"2026-02-20 22:30:02"}
{"level":"info","message":"User testing baru joined room test","service":"chat-app","timestamp":"2026-02-20 22:30:02"}
{"level":"info","message":"Sending 4 previous messages to user in room test","service":"chat-app","timestamp":"2026-02-20 22:30:02"}
{"level":"info","message":"User testing baru leaving room test","service":"chat-app","timestamp":"2026-02-20 22:30:03"}
{"level":"info","message":"User testing baru attempting to join room testing","service":"chat-app","timestamp":"2026-02-20 22:30:03"}
{"level":"info","message":"User testing baru joined room testing","service":"chat-app","timestamp":"2026-02-20 22:30:03"}
{"level":"info","message":"Sending 8 previous messages to user in room testing","service":"chat-app","timestamp":"2026-02-20 22:30:03"}
{"level":"info","message":"User testing baru leaving room testing","service":"chat-app","timestamp":"2026-02-20 22:30:05"}
{"level":"info","message":"User testing baru attempting to join room test","service":"chat-app","timestamp":"2026-02-20 22:30:05"}
{"level":"info","message":"User testing baru joined room test","service":"chat-app","timestamp":"2026-02-20 22:30:05"}
{"level":"info","message":"Sending 4 previous messages to user in room test","service":"chat-app","timestamp":"2026-02-20 22:30:05"}
{"level":"info","message":"User testing baru leaving room test","service":"chat-app","timestamp":"2026-02-20 22:30:06"}
{"level":"info","message":"User testing baru attempting to join room testing","service":"chat-app","timestamp":"2026-02-20 22:30:06"}
{"level":"info","message":"User testing baru joined room testing","service":"chat-app","timestamp":"2026-02-20 22:30:06"}
{"level":"info","message":"Sending 8 previous messages to user in room testing","service":"chat-app","timestamp":"2026-02-20 22:30:06"}
{"level":"info","message":"User evraldi baru leaving room test","service":"chat-app","timestamp":"2026-02-20 22:30:10"}
{"level":"info","message":"User evraldi baru attempting to join room testing","service":"chat-app","timestamp":"2026-02-20 22:30:10"}
{"level":"info","message":"User evraldi baru joined room testing","service":"chat-app","timestamp":"2026-02-20 22:30:10"}
{"level":"info","message":"Sending 8 previous messages to user in room testing","service":"chat-app","timestamp":"2026-02-20 22:30:10"}
{"level":"info","message":"User evraldi baru leaving room testing","service":"chat-app","timestamp":"2026-02-20 22:30:11"}
{"level":"info","message":"User evraldi baru attempting to join room test","service":"chat-app","timestamp":"2026-02-20 22:30:11"}
{"level":"info","message":"User evraldi baru joined room test","service":"chat-app","timestamp":"2026-02-20 22:30:11"}
{"level":"info","message":"Sending 4 previous messages to user in room test","service":"chat-app","timestamp":"2026-02-20 22:30:11"}
{"level":"info","message":"User disconnected","reason":"transport close","service":"chat-app","socketId":"Pc1fSm444GM6CBVKAAAp","timestamp":"2026-02-20 22:30:13"}
{"level":"info","message":"User connected","service":"chat-app","socketId":"vjdI4kaBJicDZpdOAAAr","timestamp":"2026-02-20 22:30:14"}
{"level":"info","message":"User evraldi baru attempting to join room testing","service":"chat-app","timestamp":"2026-02-20 22:30:14"}
{"level":"info","message":"User evraldi baru joined room testing","service":"chat-app","timestamp":"2026-02-20 22:30:14"}
{"level":"info","message":"Sending 8 previous messages to user in room testing","service":"chat-app","timestamp":"2026-02-20 22:30:14"}
{"level":"info","message":"User evraldi baru leaving room testing","service":"chat-app","timestamp":"2026-02-20 22:30:17"}
{"level":"info","message":"User evraldi baru attempting to join room test","service":"chat-app","timestamp":"2026-02-20 22:30:17"}
{"level":"info","message":"User evraldi baru joined room test","service":"chat-app","timestamp":"2026-02-20 22:30:17"}
{"level":"info","message":"Sending 4 previous messages to user in room test","service":"chat-app","timestamp":"2026-02-20 22:30:17"}
{"level":"info","message":"User evraldi baru leaving room test","service":"chat-app","timestamp":"2026-02-20 22:30:18"}
{"level":"info","message":"User evraldi baru attempting to join room testing","service":"chat-app","timestamp":"2026-02-20 22:30:18"}
{"level":"info","message":"User evraldi baru joined room testing","service":"chat-app","timestamp":"2026-02-20 22:30:18"}
{"level":"info","message":"Sending 8 previous messages to user in room testing","service":"chat-app","timestamp":"2026-02-20 22:30:18"}
{"level":"info","message":"User evraldi baru leaving room testing","service":"chat-app","timestamp":"2026-02-20 22:30:19"}
{"level":"info","message":"User evraldi baru attempting to join room test","service":"chat-app","timestamp":"2026-02-20 22:30:19"}
{"level":"info","message":"User evraldi baru joined room test","service":"chat-app","timestamp":"2026-02-20 22:30:19"}
{"level":"info","message":"Sending 4 previous messages to user in room test","service":"chat-app","timestamp":"2026-02-20 22:30:19"}
{"level":"info","message":"User evraldi baru leaving room test","service":"chat-app","timestamp":"2026-02-20 22:30:20"}
{"level":"info","message":"User evraldi baru attempting to join room testing","service":"chat-app","timestamp":"2026-02-20 22:30:20"}
{"level":"info","message":"User evraldi baru joined room testing","service":"chat-app","timestamp":"2026-02-20 22:30:20"}
{"level":"info","message":"Sending 8 previous messages to user in room testing","service":"chat-app","timestamp":"2026-02-20 22:30:20"}
{"level":"info","message":"User evraldi baru leaving room testing","service":"chat-app","timestamp":"2026-02-20 22:30:25"}
{"level":"info","message":"User evraldi baru attempting to join room test","service":"chat-app","timestamp":"2026-02-20 22:30:25"}
{"level":"info","message":"User evraldi baru joined room test","service":"chat-app","timestamp":"2026-02-20 22:30:25"}
{"level":"info","message":"Sending 4 previous messages to user in room test","service":"chat-app","timestamp":"2026-02-20 22:30:25"}
{"level":"info","message":"User evraldi baru leaving room test","service":"chat-app","timestamp":"2026-02-20 22:30:26"}
{"level":"info","message":"User evraldi baru attempting to join room testing","service":"chat-app","timestamp":"2026-02-20 22:30:26"}
{"level":"info","message":"User evraldi baru joined room testing","service":"chat-app","timestamp":"2026-02-20 22:30:26"}
{"level":"info","message":"Sending 8 previous messages to user in room testing","service":"chat-app","timestamp":"2026-02-20 22:30:26"}
{"level":"info","message":"User evraldi baru leaving room testing","service":"chat-app","timestamp":"2026-02-20 22:30:28"}
{"level":"info","message":"User evraldi baru attempting to join room test","service":"chat-app","timestamp":"2026-02-20 22:30:28"}
{"level":"info","message":"User evraldi baru joined room test","service":"chat-app","timestamp":"2026-02-20 22:30:28"}
{"level":"info","message":"Sending 4 previous messages to user in room test","service":"chat-app","timestamp":"2026-02-20 22:30:28"}
{"level":"info","message":"User evraldi baru leaving room test","service":"chat-app","timestamp":"2026-02-20 22:30:28"}
{"level":"info","message":"User evraldi baru attempting to join room testing","service":"chat-app","timestamp":"2026-02-20 22:30:28"}
{"level":"info","message":"User evraldi baru joined room testing","service":"chat-app","timestamp":"2026-02-20 22:30:28"}
{"level":"info","message":"Sending 8 previous messages to user in room testing","service":"chat-app","timestamp":"2026-02-20 22:30:28"}
{"level":"info","message":"User evraldi baru leaving room testing","service":"chat-app","timestamp":"2026-02-20 22:30:31"}
{"level":"info","message":"User evraldi baru attempting to join room test","service":"chat-app","timestamp":"2026-02-20 22:30:31"}
{"level":"info","message":"User evraldi baru joined room test","service":"chat-app","timestamp":"2026-02-20 22:30:31"}
{"level":"info","message":"Sending 4 previous messages to user in room test","service":"chat-app","timestamp":"2026-02-20 22:30:31"}
{"level":"info","message":"User evraldi baru leaving room test","service":"chat-app","timestamp":"2026-02-20 22:30:33"}
{"level":"info","message":"User evraldi baru attempting to join room testing","service":"chat-app","timestamp":"2026-02-20 22:30:33"}
{"level":"info","message":"User evraldi baru joined room testing","service":"chat-app","timestamp":"2026-02-20 22:30:33"}
{"level":"info","message":"Sending 8 previous messages to user in room testing","service":"chat-app","timestamp":"2026-02-20 22:30:33"}
{"level":"info","message":"User disconnected","reason":"transport close","service":"chat-app","socketId":"vjdI4kaBJicDZpdOAAAr","timestamp":"2026-02-20 22:31:07"}
{"level":"info","message":"User connected","service":"chat-app","socketId":"OM04iIarctK5M9YXAAAt","timestamp":"2026-02-20 22:31:08"}
{"level":"info","message":"User evraldi baru attempting to join room testing","service":"chat-app","timestamp":"2026-02-20 22:31:09"}
{"level":"info","message":"User evraldi baru joined room testing","service":"chat-app","timestamp":"2026-02-20 22:31:09"}
{"level":"info","message":"Sending 8 previous messages to user in room testing","service":"chat-app","timestamp":"2026-02-20 22:31:09"}
{"level":"info","message":"User disconnected","reason":"transport close","service":"chat-app","socketId":"D9rCEwa2kSEnxWaGAAAn","timestamp":"2026-02-20 22:31:12"}
{"level":"info","message":"User connected","service":"chat-app","socketId":"me3-7ltn9j9VVwZSAAAv","timestamp":"2026-02-20 22:31:12"}
{"level":"info","message":"User evraldi baru leaving room testing","service":"chat-app","timestamp":"2026-02-20 22:31:14"}
{"level":"info","message":"User evraldi baru attempting to join room test","service":"chat-app","timestamp":"2026-02-20 22:31:14"}
{"level":"info","message":"User evraldi baru joined room test","service":"chat-app","timestamp":"2026-02-20 22:31:14"}
{"level":"info","message":"Sending 4 previous messages to user in room test","service":"chat-app","timestamp":"2026-02-20 22:31:14"}
{"level":"info","message":"User evraldi baru leaving room test","service":"chat-app","timestamp":"2026-02-20 22:31:15"}
{"level":"info","message":"User evraldi baru attempting to join room testing","service":"chat-app","timestamp":"2026-02-20 22:31:15"}
{"level":"info","message":"User evraldi baru joined room testing","service":"chat-app","timestamp":"2026-02-20 22:31:15"}
{"level":"info","message":"Sending 8 previous messages to user in room testing","service":"chat-app","timestamp":"2026-02-20 22:31:16"}
{"level":"info","message":"User evraldi baru leaving room testing","service":"chat-app","timestamp":"2026-02-20 22:31:17"}
{"level":"info","message":"User evraldi baru attempting to join room test","service":"chat-app","timestamp":"2026-02-20 22:31:17"}
{"level":"info","message":"User evraldi baru joined room test","service":"chat-app","timestamp":"2026-02-20 22:31:17"}
{"level":"info","message":"Sending 4 previous messages to user in room test","service":"chat-app","timestamp":"2026-02-20 22:31:17"}
{"level":"info","message":"User evraldi baru leaving room test","service":"chat-app","timestamp":"2026-02-20 22:31:18"}
{"level":"info","message":"User evraldi baru attempting to join room testing","service":"chat-app","timestamp":"2026-02-20 22:31:18"}
{"level":"info","message":"User evraldi baru joined room testing","service":"chat-app","timestamp":"2026-02-20 22:31:18"}
{"level":"info","message":"Sending 8 previous messages to user in room testing","service":"chat-app","timestamp":"2026-02-20 22:31:18"}
{"level":"info","message":"User evraldi baru leaving room testing","service":"chat-app","timestamp":"2026-02-20 22:31:19"}
{"level":"info","message":"User evraldi baru attempting to join room test","service":"chat-app","timestamp":"2026-02-20 22:31:19"}
{"level":"info","message":"User evraldi baru joined room test","service":"chat-app","timestamp":"2026-02-20 22:31:19"}
{"level":"info","message":"Sending 4 previous messages to user in room test","service":"chat-app","timestamp":"2026-02-20 22:31:19"}
{"level":"info","message":"User evraldi baru leaving room test","service":"chat-app","timestamp":"2026-02-20 22:31:20"}
{"level":"info","message":"User evraldi baru attempting to join room testing","service":"chat-app","timestamp":"2026-02-20 22:31:20"}
{"level":"info","message":"User evraldi baru joined room testing","service":"chat-app","timestamp":"2026-02-20 22:31:20"}
{"level":"info","message":"Sending 8 previous messages to user in room testing","service":"chat-app","timestamp":"2026-02-20 22:31:20"}
{"level":"info","message":"User evraldi baru leaving room testing","service":"chat-app","timestamp":"2026-02-20 22:31:22"}
{"level":"info","message":"User evraldi baru attempting to join room test","service":"chat-app","timestamp":"2026-02-20 22:31:22"}
{"level":"info","message":"User evraldi baru joined room test","service":"chat-app","timestamp":"2026-02-20 22:31:22"}
{"level":"info","message":"Sending 4 previous messages to user in room test","service":"chat-app","timestamp":"2026-02-20 22:31:22"}
{"level":"info","message":"User evraldi baru leaving room test","service":"chat-app","timestamp":"2026-02-20 22:31:23"}
{"level":"info","message":"User evraldi baru attempting to join room testing","service":"chat-app","timestamp":"2026-02-20 22:31:23"}
{"level":"info","message":"User evraldi baru joined room testing","service":"chat-app","timestamp":"2026-02-20 22:31:23"}
{"level":"info","message":"Sending 8 previous messages to user in room testing","service":"chat-app","timestamp":"2026-02-20 22:31:23"}
{"level":"info","message":"User evraldi baru leaving room testing","service":"chat-app","timestamp":"2026-02-20 22:31:24"}
{"level":"info","message":"User evraldi baru attempting to join room test","service":"chat-app","timestamp":"2026-02-20 22:31:24"}
{"level":"info","message":"User evraldi baru joined room test","service":"chat-app","timestamp":"2026-02-20 22:31:24"}
{"level":"info","message":"Sending 4 previous messages to user in room test","service":"chat-app","timestamp":"2026-02-20 22:31:24"}
{"level":"info","message":"User evraldi baru leaving room test","service":"chat-app","timestamp":"2026-02-20 22:31:25"}
{"level":"info","message":"User evraldi baru attempting to join room testing","service":"chat-app","timestamp":"2026-02-20 22:31:25"}
{"level":"info","message":"User evraldi baru joined room testing","service":"chat-app","timestamp":"2026-02-20 22:31:25"}
{"level":"info","message":"Sending 8 previous messages to user in room testing","service":"chat-app","timestamp":"2026-02-20 22:31:25"}
{"level":"info","message":"User disconnected","reason":"transport close","service":"chat-app","socketId":"OM04iIarctK5M9YXAAAt","timestamp":"2026-02-20 22:32:25"}
{"level":"info","message":"User connected","service":"chat-app","socketId":"Ygy3cMBv3KVYqWwSAAAx","timestamp":"2026-02-20 22:32:25"}
{"level":"info","message":"User evraldi baru attempting to join room testing","service":"chat-app","timestamp":"2026-02-20 22:32:26"}
{"level":"info","message":"User evraldi baru joined room testing","service":"chat-app","timestamp":"2026-02-20 22:32:26"}
{"level":"info","message":"Sending 8 previous messages to user in room testing","service":"chat-app","timestamp":"2026-02-20 22:32:26"}
{"level":"info","message":"User disconnected","reason":"transport close","service":"chat-app","socketId":"me3-7ltn9j9VVwZSAAAv","timestamp":"2026-02-20 22:32:43"}
{"level":"info","message":"User connected","service":"chat-app","socketId":"t-C5C4gZHoHzk59kAAAz","timestamp":"2026-02-20 22:32:43"}
{"level":"info","message":"User testing baru attempting to join room test","service":"chat-app","timestamp":"2026-02-20 22:32:45"}
{"level":"info","message":"User testing baru joined room test","service":"chat-app","timestamp":"2026-02-20 22:32:45"}
{"level":"info","message":"Sending 4 previous messages to user in room test","service":"chat-app","timestamp":"2026-02-20 22:32:45"}
{"level":"info","message":"User connected","service":"chat-app","socketId":"oPDilnb7aRAk_MSOAAA1","timestamp":"2026-02-20 22:33:24"}
{"level":"info","message":"User connected","service":"chat-app","socketId":"ePFKSrEcY8KSNQlrAAA3","timestamp":"2026-02-20 22:33:25"}
{"level":"info","message":"User disconnected","reason":"transport close","service":"chat-app","socketId":"t-C5C4gZHoHzk59kAAAz","timestamp":"2026-02-20 22:33:31"}
{"level":"info","message":"User disconnected","reason":"transport close","service":"chat-app","socketId":"oPDilnb7aRAk_MSOAAA1","timestamp":"2026-02-20 22:33:31"}
{"level":"info","message":"User connected","service":"chat-app","socketId":"GV_qLot1C6cDrudXAAA5","timestamp":"2026-02-20 22:33:32"}
{"level":"info","message":"User disconnected","reason":"transport close","service":"chat-app","socketId":"ePFKSrEcY8KSNQlrAAA3","timestamp":"2026-02-20 22:33:34"}
{"level":"info","message":"User disconnected","reason":"transport close","service":"chat-app","socketId":"Ygy3cMBv3KVYqWwSAAAx","timestamp":"2026-02-20 22:33:34"}
{"level":"info","message":"User connected","service":"chat-app","socketId":"MgtQXOrTDy6-IjixAAA7","timestamp":"2026-02-20 22:33:34"}
{"level":"info","message":"User evraldi baru attempting to join room testing","service":"chat-app","timestamp":"2026-02-20 22:33:35"}
{"level":"info","message":"User evraldi baru joined room testing","service":"chat-app","timestamp":"2026-02-20 22:33:35"}
{"level":"info","message":"Sending 8 previous messages to user in room testing","service":"chat-app","timestamp":"2026-02-20 22:33:35"}
{"level":"info","message":"User testing baru attempting to join room testing","service":"chat-app","timestamp":"2026-02-20 22:33:37"}
{"level":"info","message":"User testing baru joined room testing","service":"chat-app","timestamp":"2026-02-20 22:33:37"}
{"level":"info","message":"Sending 8 previous messages to user in room testing","service":"chat-app","timestamp":"2026-02-20 22:33:37"}
{"level":"info","message":"User evraldi baru leaving room testing","service":"chat-app","timestamp":"2026-02-20 22:33:39"}
{"level":"info","message":"User evraldi baru attempting to join room test","service":"chat-app","timestamp":"2026-02-20 22:33:39"}
{"level":"info","message":"User evraldi baru joined room test","service":"chat-app","timestamp":"2026-02-20 22:33:39"}
{"level":"info","message":"Sending 4 previous messages to user in room test","service":"chat-app","timestamp":"2026-02-20 22:33:39"}
{"level":"info","message":"User evraldi baru leaving room test","service":"chat-app","timestamp":"2026-02-20 22:33:40"}
{"level":"info","message":"User evraldi baru attempting to join room testing","service":"chat-app","timestamp":"2026-02-20 22:33:40"}
{"level":"info","message":"User evraldi baru joined room testing","service":"chat-app","timestamp":"2026-02-20 22:33:40"}
{"level":"info","message":"Sending 8 previous messages to user in room testing","service":"chat-app","timestamp":"2026-02-20 22:33:40"}
{"level":"info","message":"User evraldi baru leaving room testing","service":"chat-app","timestamp":"2026-02-20 22:33:41"}
{"level":"info","message":"User evraldi baru attempting to join room test","service":"chat-app","timestamp":"2026-02-20 22:33:41"}
{"level":"info","message":"User evraldi baru joined room test","service":"chat-app","timestamp":"2026-02-20 22:33:41"}
{"level":"info","message":"Sending 4 previous messages to user in room test","service":"chat-app","timestamp":"2026-02-20 22:33:41"}
{"level":"info","message":"User evraldi baru leaving room test","service":"chat-app","timestamp":"2026-02-20 22:33:42"}
{"level":"info","message":"User evraldi baru attempting to join room testing","service":"chat-app","timestamp":"2026-02-20 22:33:42"}
{"level":"info","message":"User evraldi baru joined room testing","service":"chat-app","timestamp":"2026-02-20 22:33:42"}
{"level":"info","message":"Sending 8 previous messages to user in room testing","service":"chat-app","timestamp":"2026-02-20 22:33:42"}
{"level":"info","message":"User evraldi baru leaving room testing","service":"chat-app","timestamp":"2026-02-20 22:33:44"}
{"level":"info","message":"User evraldi baru attempting to join room test","service":"chat-app","timestamp":"2026-02-20 22:33:44"}
{"level":"info","message":"User evraldi baru joined room test","service":"chat-app","timestamp":"2026-02-20 22:33:44"}
{"level":"info","message":"Sending 4 previous messages to user in room test","service":"chat-app","timestamp":"2026-02-20 22:33:44"}
{"level":"info","message":"User evraldi baru leaving room test","service":"chat-app","timestamp":"2026-02-20 22:33:45"}
{"level":"info","message":"User evraldi baru attempting to join room testing","service":"chat-app","timestamp":"2026-02-20 22:33:45"}
{"level":"info","message":"User evraldi baru joined room testing","service":"chat-app","timestamp":"2026-02-20 22:33:45"}
{"level":"info","message":"Sending 8 previous messages to user in room testing","service":"chat-app","timestamp":"2026-02-20 22:33:45"}
{"level":"info","message":"User disconnected","reason":"transport close","service":"chat-app","socketId":"MgtQXOrTDy6-IjixAAA7","timestamp":"2026-02-20 22:34:25"}
{"level":"info","message":"User connected","service":"chat-app","socketId":"AjlMD9x2hKlaTaL4AAA9","timestamp":"2026-02-20 22:34:25"}
{"level":"info","message":"User evraldi baru attempting to join room testing","service":"chat-app","timestamp":"2026-02-20 22:34:27"}
{"level":"info","message":"User evraldi baru joined room testing","service":"chat-app","timestamp":"2026-02-20 22:34:27"}
{"level":"info","message":"Sending 8 previous messages to user in room testing","service":"chat-app","timestamp":"2026-02-20 22:34:27"}
{"level":"info","message":"User evraldi baru leaving room testing","service":"chat-app","timestamp":"2026-02-20 22:34:28"}
{"level":"info","message":"User evraldi baru attempting to join room test","service":"chat-app","timestamp":"2026-02-20 22:34:28"}
{"level":"info","message":"User evraldi baru joined room test","service":"chat-app","timestamp":"2026-02-20 22:34:28"}
{"level":"info","message":"Sending 4 previous messages to user in room test","service":"chat-app","timestamp":"2026-02-20 22:34:28"}
{"level":"info","message":"User evraldi baru leaving room test","service":"chat-app","timestamp":"2026-02-20 22:34:29"}
{"level":"info","message":"User evraldi baru attempting to join room testing","service":"chat-app","timestamp":"2026-02-20 22:34:29"}
{"level":"info","message":"User evraldi baru joined room testing","service":"chat-app","timestamp":"2026-02-20 22:34:29"}
{"level":"info","message":"Sending 8 previous messages to user in room testing","service":"chat-app","timestamp":"2026-02-20 22:34:29"}
{"level":"info","message":"User evraldi baru leaving room testing","service":"chat-app","timestamp":"2026-02-20 22:34:32"}
{"level":"info","message":"User evraldi baru attempting to join room test","service":"chat-app","timestamp":"2026-02-20 22:34:32"}
{"level":"info","message":"User evraldi baru joined room test","service":"chat-app","timestamp":"2026-02-20 22:34:32"}
{"level":"info","message":"Sending 4 previous messages to user in room test","service":"chat-app","timestamp":"2026-02-20 22:34:32"}
{"level":"info","message":"User evraldi baru leaving room test","service":"chat-app","timestamp":"2026-02-20 22:34:33"}
{"level":"info","message":"User evraldi baru attempting to join room testing","service":"chat-app","timestamp":"2026-02-20 22:34:33"}
{"level":"info","message":"User evraldi baru joined room testing","service":"chat-app","timestamp":"2026-02-20 22:34:33"}
{"level":"info","message":"Sending 8 previous messages to user in room testing","service":"chat-app","timestamp":"2026-02-20 22:34:33"}
{"level":"info","message":"User evraldi baru leaving room testing","service":"chat-app","timestamp":"2026-02-20 22:34:35"}
{"level":"info","message":"User evraldi baru attempting to join room test","service":"chat-app","timestamp":"2026-02-20 22:34:35"}
{"level":"info","message":"User evraldi baru joined room test","service":"chat-app","timestamp":"2026-02-20 22:34:35"}
{"level":"info","message":"Sending 4 previous messages to user in room test","service":"chat-app","timestamp":"2026-02-20 22:34:35"}
{"level":"info","message":"User evraldi baru leaving room test","service":"chat-app","timestamp":"2026-02-20 22:34:36"}
{"level":"info","message":"User evraldi baru attempting to join room testing","service":"chat-app","timestamp":"2026-02-20 22:34:36"}
{"level":"info","message":"User evraldi baru joined room testing","service":"chat-app","timestamp":"2026-02-20 22:34:36"}
{"level":"info","message":"Sending 8 previous messages to user in room testing","service":"chat-app","timestamp":"2026-02-20 22:34:36"}
{"level":"info","message":"Received sendMessage event","room":"testing","service":"chat-app","timestamp":"2026-02-20 22:35:23","username":"testing baru"}
{"level":"info","message":"User disconnected","reason":"transport close","service":"chat-app","socketId":"AjlMD9x2hKlaTaL4AAA9","timestamp":"2026-02-20 22:35:59"}
{"level":"info","message":"User connected","service":"chat-app","socketId":"G1bYZBObTZT2wgWhAAA_","timestamp":"2026-02-20 22:35:59"}
{"level":"info","message":"User evraldi baru attempting to join room testing","service":"chat-app","timestamp":"2026-02-20 22:36:00"}
{"level":"info","message":"User evraldi baru joined room testing","service":"chat-app","timestamp":"2026-02-20 22:36:00"}
{"level":"info","message":"Sending 9 previous messages to user in room testing","service":"chat-app","timestamp":"2026-02-20 22:36:00"}
{"level":"info","message":"User evraldi baru leaving room testing","service":"chat-app","timestamp":"2026-02-20 22:36:02"}
{"level":"info","message":"User evraldi baru attempting to join room test","service":"chat-app","timestamp":"2026-02-20 22:36:02"}
{"level":"info","message":"User evraldi baru joined room test","service":"chat-app","timestamp":"2026-02-20 22:36:02"}
{"level":"info","message":"Sending 4 previous messages to user in room test","service":"chat-app","timestamp":"2026-02-20 22:36:02"}
{"level":"info","message":"User evraldi baru leaving room test","service":"chat-app","timestamp":"2026-02-20 22:36:02"}
{"level":"info","message":"User evraldi baru attempting to join room testing","service":"chat-app","timestamp":"2026-02-20 22:36:02"}
{"level":"info","message":"User evraldi baru joined room testing","service":"chat-app","timestamp":"2026-02-20 22:36:02"}
{"level":"info","message":"Sending 9 previous messages to user in room testing","service":"chat-app","timestamp":"2026-02-20 22:36:02"}
{"level":"info","message":"User evraldi baru leaving room testing","service":"chat-app","timestamp":"2026-02-20 22:36:06"}
{"level":"info","message":"User evraldi baru attempting to join room test","service":"chat-app","timestamp":"2026-02-20 22:36:06"}
{"level":"info","message":"User evraldi baru joined room test","service":"chat-app","timestamp":"2026-02-20 22:36:06"}
{"level":"info","message":"Sending 4 previous messages to user in room test","service":"chat-app","timestamp":"2026-02-20 22:36:06"}
{"level":"info","message":"User evraldi baru leaving room test","service":"chat-app","timestamp":"2026-02-20 22:36:07"}
{"level":"info","message":"User evraldi baru attempting to join room testing","service":"chat-app","timestamp":"2026-02-20 22:36:07"}
{"level":"info","message":"User evraldi baru joined room testing","service":"chat-app","timestamp":"2026-02-20 22:36:07"}
{"level":"info","message":"Sending 9 previous messages to user in room testing","service":"chat-app","timestamp":"2026-02-20 22:36:07"}
{"level":"info","message":"User evraldi baru leaving room testing","service":"chat-app","timestamp":"2026-02-20 22:36:09"}
{"level":"info","message":"User evraldi baru attempting to join room test","service":"chat-app","timestamp":"2026-02-20 22:36:09"}
{"level":"info","message":"User evraldi baru joined room test","service":"chat-app","timestamp":"2026-02-20 22:36:09"}
{"level":"info","message":"Sending 4 previous messages to user in room test","service":"chat-app","timestamp":"2026-02-20 22:36:09"}
{"level":"info","message":"User evraldi baru leaving room test","service":"chat-app","timestamp":"2026-02-20 22:36:09"}
{"level":"info","message":"User evraldi baru attempting to join room testing","service":"chat-app","timestamp":"2026-02-20 22:36:09"}
{"level":"info","message":"User evraldi baru joined room testing","service":"chat-app","timestamp":"2026-02-20 22:36:09"}
{"level":"info","message":"Sending 9 previous messages to user in room testing","service":"chat-app","timestamp":"2026-02-20 22:36:09"}
{"level":"info","message":"User disconnected","reason":"transport close","service":"chat-app","socketId":"GV_qLot1C6cDrudXAAA5","timestamp":"2026-02-20 22:40:38"}
{"level":"info","message":"User connected","service":"chat-app","socketId":"buo8NUY7iPJXhH5UAABB","timestamp":"2026-02-20 22:40:39"}
{"level":"info","message":"User connected","service":"chat-app","socketId":"G-Ek3Yy-ZVIaS3m6AABD","timestamp":"2026-02-20 22:40:54"}
{"level":"info","message":"User disconnected","reason":"transport close","service":"chat-app","socketId":"buo8NUY7iPJXhH5UAABB","timestamp":"2026-02-20 22:41:00"}
{"level":"info","message":"User connected","service":"chat-app","socketId":"OBWiq-fWnrlSd5Z7AABF","timestamp":"2026-02-20 22:41:00"}
{"level":"info","message":"User testing baru attempting to join room testing","service":"chat-app","timestamp":"2026-02-20 22:41:01"}
{"level":"info","message":"User testing baru joined room testing","service":"chat-app","timestamp":"2026-02-20 22:41:01"}
{"level":"info","message":"Sending 9 previous messages to user in room testing","service":"chat-app","timestamp":"2026-02-20 22:41:01"}
{"level":"info","message":"User connected","service":"chat-app","socketId":"Qdgg5MrOjT9Ad_MWAABH","timestamp":"2026-02-20 22:41:21"}
{"level":"info","message":"User disconnected","reason":"transport close","service":"chat-app","socketId":"OBWiq-fWnrlSd5Z7AABF","timestamp":"2026-02-20 22:42:07"}
{"level":"info","message":"User disconnected","reason":"transport close","service":"chat-app","socketId":"Qdgg5MrOjT9Ad_MWAABH","timestamp":"2026-02-20 22:42:07"}
{"level":"info","message":"User connected","service":"chat-app","socketId":"yoMtlhTIylakZpD1AABJ","timestamp":"2026-02-20 22:42:08"}
{"level":"info","message":"User testing baru attempting to join room testing","service":"chat-app","timestamp":"2026-02-20 22:42:08"}
{"level":"info","message":"User testing baru joined room testing","service":"chat-app","timestamp":"2026-02-20 22:42:08"}
{"level":"info","message":"Sending 9 previous messages to user in room testing","service":"chat-app","timestamp":"2026-02-20 22:42:09"}
{"level":"info","message":"User connected","service":"chat-app","socketId":"MQ756V1kUKkSZI65AABL","timestamp":"2026-02-20 22:42:42"}
{"level":"info","message":"User disconnected","reason":"transport close","service":"chat-app","socketId":"MQ756V1kUKkSZI65AABL","timestamp":"2026-02-20 22:42:53"}
{"level":"info","message":"User disconnected","reason":"transport close","service":"chat-app","socketId":"yoMtlhTIylakZpD1AABJ","timestamp":"2026-02-20 22:42:53"}
{"level":"info","message":"User connected","service":"chat-app","socketId":"bGQGBE7HDqfB_WKUAABN","timestamp":"2026-02-20 22:42:53"}
{"level":"info","message":"User testing baru attempting to join room testing","service":"chat-app","timestamp":"2026-02-20 22:42:57"}
{"level":"info","message":"User testing baru joined room testing","service":"chat-app","timestamp":"2026-02-20 22:42:57"}
{"level":"info","message":"Sending 9 previous messages to user in room testing","service":"chat-app","timestamp":"2026-02-20 22:42:57"}
{"level":"info","message":"User connected","service":"chat-app","socketId":"aRsV3UU_k2Mv8oFgAABP","timestamp":"2026-02-20 22:43:39"}
{"level":"info","message":"User disconnected","reason":"transport close","service":"chat-app","socketId":"bGQGBE7HDqfB_WKUAABN","timestamp":"2026-02-20 22:43:45"}
{"level":"info","message":"User disconnected","reason":"transport close","service":"chat-app","socketId":"aRsV3UU_k2Mv8oFgAABP","timestamp":"2026-02-20 22:43:45"}
{"level":"info","message":"User connected","service":"chat-app","socketId":"AZCsFnq9Doo-IjxGAABR","timestamp":"2026-02-20 22:43:45"}
{"level":"info","message":"User testing baru attempting to join room testing","service":"chat-app","timestamp":"2026-02-20 22:43:46"}
{"level":"info","message":"User testing baru joined room testing","service":"chat-app","timestamp":"2026-02-20 22:43:46"}
{"level":"info","message":"Sending 9 previous messages to user in room testing","service":"chat-app","timestamp":"2026-02-20 22:43:46"}
{"level":"info","message":"User connected","service":"chat-app","socketId":"eoGPX-gzZca1hNk0AABT","timestamp":"2026-02-20 22:44:05"}
{"level":"info","message":"User testing baru attempting to join room testing","service":"chat-app","timestamp":"2026-02-20 22:44:10"}
{"level":"info","message":"User testing baru joined room testing","service":"chat-app","timestamp":"2026-02-20 22:44:10"}
{"level":"info","message":"Sending 9 previous messages to user in room testing","service":"chat-app","timestamp":"2026-02-20 22:44:10"}
{"level":"info","message":"User disconnected","reason":"transport close","service":"chat-app","socketId":"eoGPX-gzZca1hNk0AABT","timestamp":"2026-02-20 22:44:13"}
{"level":"info","message":"User disconnected","reason":"transport close","service":"chat-app","socketId":"AZCsFnq9Doo-IjxGAABR","timestamp":"2026-02-20 22:44:13"}
{"level":"info","message":"User connected","service":"chat-app","socketId":"oUYtW5ut73buME00AABV","timestamp":"2026-02-20 22:44:13"}
{"level":"info","message":"User testing baru attempting to join room testing","service":"chat-app","timestamp":"2026-02-20 22:44:14"}
{"level":"info","message":"User testing baru joined room testing","service":"chat-app","timestamp":"2026-02-20 22:44:14"}
{"level":"info","message":"Sending 9 previous messages to user in room testing","service":"chat-app","timestamp":"2026-02-20 22:44:14"}
{"level":"info","message":"User connected","service":"chat-app","socketId":"7kZ21QUY7wNVYi7aAABX","timestamp":"2026-02-20 22:44:31"}
{"level":"info","message":"User testing baru attempting to join room testing","service":"chat-app","timestamp":"2026-02-20 22:44:33"}
{"level":"info","message":"User testing baru joined room testing","service":"chat-app","timestamp":"2026-02-20 22:44:33"}
{"level":"info","message":"Sending 9 previous messages to user in room testing","service":"chat-app","timestamp":"2026-02-20 22:44:33"}
{"level":"info","message":"User disconnected","reason":"transport close","service":"chat-app","socketId":"oUYtW5ut73buME00AABV","timestamp":"2026-02-20 22:44:35"}
{"level":"info","message":"User disconnected","reason":"transport close","service":"chat-app","socketId":"7kZ21QUY7wNVYi7aAABX","timestamp":"2026-02-20 22:44:35"}
{"level":"info","message":"User connected","service":"chat-app","socketId":"IfXF0mI1CzlJBYi6AABZ","timestamp":"2026-02-20 22:44:36"}
{"level":"info","message":"User disconnected","reason":"transport close","service":"chat-app","socketId":"IfXF0mI1CzlJBYi6AABZ","timestamp":"2026-02-20 22:44:40"}
{"level":"info","message":"User connected","service":"chat-app","socketId":"YpMp1jc9ITWI737zAABb","timestamp":"2026-02-20 22:44:40"}
{"level":"info","message":"User testing baru attempting to join room testing","service":"chat-app","timestamp":"2026-02-20 22:44:43"}
{"level":"info","message":"User testing baru joined room testing","service":"chat-app","timestamp":"2026-02-20 22:44:43"}
{"level":"info","message":"Sending 9 previous messages to user in room testing","service":"chat-app","timestamp":"2026-02-20 22:44:43"}
{"level":"info","message":"User connected","service":"chat-app","socketId":"Fi8xr51_il6jmoG-AABd","timestamp":"2026-02-20 22:45:15"}
{"level":"info","message":"User disconnected","reason":"transport close","service":"chat-app","socketId":"YpMp1jc9ITWI737zAABb","timestamp":"2026-02-20 22:45:31"}
{"level":"info","message":"User disconnected","reason":"transport close","service":"chat-app","socketId":"Fi8xr51_il6jmoG-AABd","timestamp":"2026-02-20 22:45:31"}
{"level":"info","message":"User connected","service":"chat-app","socketId":"hxJGFFCNN2J31iobAABf","timestamp":"2026-02-20 22:45:32"}
{"level":"info","message":"User testing baru attempting to join room testing","service":"chat-app","timestamp":"2026-02-20 22:45:32"}
{"level":"info","message":"User testing baru joined room testing","service":"chat-app","timestamp":"2026-02-20 22:45:32"}
{"level":"info","message":"Sending 9 previous messages to user in room testing","service":"chat-app","timestamp":"2026-02-20 22:45:32"}
{"level":"info","message":"User disconnected","reason":"transport close","service":"chat-app","socketId":"hxJGFFCNN2J31iobAABf","timestamp":"2026-02-20 22:47:31"}
{"level":"info","message":"User connected","service":"chat-app","socketId":"S9Uc6V9ISeRt_gnQAABh","timestamp":"2026-02-20 22:47:32"}
{"level":"info","message":"User disconnected","reason":"transport close","service":"chat-app","socketId":"S9Uc6V9ISeRt_gnQAABh","timestamp":"2026-02-20 22:47:53"}
{"level":"info","message":"User connected","service":"chat-app","socketId":"HKiAtbaG5sgEKWz_AABj","timestamp":"2026-02-20 22:47:56"}
{"level":"info","message":"User testing baru attempting to join room testing","service":"chat-app","timestamp":"2026-02-20 22:47:58"}
{"level":"info","message":"User testing baru joined room testing","service":"chat-app","timestamp":"2026-02-20 22:47:58"}
{"level":"info","message":"Sending 9 previous messages to user in room testing","service":"chat-app","timestamp":"2026-02-20 22:47:58"}
{"level":"info","message":"User connected","service":"chat-app","socketId":"ZmdtLN0up3G_dd2tAABl","timestamp":"2026-02-20 22:48:01"}
{"level":"info","message":"User disconnected","reason":"transport close","service":"chat-app","socketId":"HKiAtbaG5sgEKWz_AABj","timestamp":"2026-02-20 22:48:04"}
{"level":"info","message":"User disconnected","reason":"transport close","service":"chat-app","socketId":"ZmdtLN0up3G_dd2tAABl","timestamp":"2026-02-20 22:48:04"}
{"level":"info","message":"User connected","service":"chat-app","socketId":"nhy7BkhFR2rHTfz3AABn","timestamp":"2026-02-20 22:48:05"}
{"level":"info","message":"User testing baru attempting to join room testing","service":"chat-app","timestamp":"2026-02-20 22:48:06"}
{"level":"info","message":"User testing baru joined room testing","service":"chat-app","timestamp":"2026-02-20 22:48:06"}
{"level":"info","message":"Sending 9 previous messages to user in room testing","service":"chat-app","timestamp":"2026-02-20 22:48:06"}
{"level":"info","message":"User testing baru leaving room testing","service":"chat-app","timestamp":"2026-02-20 22:53:10"}
{"level":"info","message":"User testing baru attempting to join room test","service":"chat-app","timestamp":"2026-02-20 22:53:10"}
{"level":"info","message":"User testing baru joined room test","service":"chat-app","timestamp":"2026-02-20 22:53:10"}
{"level":"info","message":"Sending 4 previous messages to user in room test","service":"chat-app","timestamp":"2026-02-20 22:53:10"}
{"level":"info","message":"User disconnected","reason":"transport close","service":"chat-app","socketId":"nhy7BkhFR2rHTfz3AABn","timestamp":"2026-02-20 22:53:12"}
{"level":"info","message":"User connected","service":"chat-app","socketId":"EutvVgjdLBCvt3XgAABp","timestamp":"2026-02-20 22:53:12"}
{"level":"info","message":"User testing baru attempting to join room test","service":"chat-app","timestamp":"2026-02-20 22:53:13"}
{"level":"info","message":"User testing baru joined room test","service":"chat-app","timestamp":"2026-02-20 22:53:13"}
{"level":"info","message":"Sending 4 previous messages to user in room test","service":"chat-app","timestamp":"2026-02-20 22:53:13"}
{"level":"info","message":"User testing baru leaving room test","service":"chat-app","timestamp":"2026-02-20 22:53:14"}
{"level":"info","message":"User testing baru attempting to join room testing","service":"chat-app","timestamp":"2026-02-20 22:53:14"}
{"level":"info","message":"User testing baru joined room testing","service":"chat-app","timestamp":"2026-02-20 22:53:14"}
{"level":"info","message":"Sending 9 previous messages to user in room testing","service":"chat-app","timestamp":"2026-02-20 22:53:14"}
{"level":"info","message":"User testing baru leaving room testing","service":"chat-app","timestamp":"2026-02-20 22:53:17"}
{"level":"info","message":"User testing baru attempting to join room test","service":"chat-app","timestamp":"2026-02-20 22:53:17"}
{"level":"info","message":"User testing baru joined room test","service":"chat-app","timestamp":"2026-02-20 22:53:17"}
{"level":"info","message":"Sending 4 previous messages to user in room test","service":"chat-app","timestamp":"2026-02-20 22:53:17"}
{"level":"info","message":"User testing baru leaving room test","service":"chat-app","timestamp":"2026-02-20 22:53:18"}
{"level":"info","message":"User testing baru attempting to join room testing","service":"chat-app","timestamp":"2026-02-20 22:53:18"}
{"level":"info","message":"User testing baru joined room testing","service":"chat-app","timestamp":"2026-02-20 22:53:18"}
{"level":"info","message":"Sending 9 previous messages to user in room testing","service":"chat-app","timestamp":"2026-02-20 22:53:18"}
{"level":"info","message":"User testing baru leaving room testing","service":"chat-app","timestamp":"2026-02-20 22:53:18"}
{"level":"info","message":"User testing baru attempting to join room test","service":"chat-app","timestamp":"2026-02-20 22:53:18"}
{"level":"info","message":"User testing baru joined room test","service":"chat-app","timestamp":"2026-02-20 22:53:18"}
{"level":"info","message":"Sending 4 previous messages to user in room test","service":"chat-app","timestamp":"2026-02-20 22:53:18"}
{"level":"info","message":"User testing baru leaving room test","service":"chat-app","timestamp":"2026-02-20 22:53:19"}
{"level":"info","message":"User testing baru attempting to join room testing","service":"chat-app","timestamp":"2026-02-20 22:53:19"}
{"level":"info","message":"User testing baru joined room testing","service":"chat-app","timestamp":"2026-02-20 22:53:19"}
{"level":"info","message":"Sending 9 previous messages to user in room testing","service":"chat-app","timestamp":"2026-02-20 22:53:19"}
{"level":"info","message":"User testing baru leaving room testing","service":"chat-app","timestamp":"2026-02-20 22:53:19"}
{"level":"info","message":"User testing baru attempting to join room test","service":"chat-app","timestamp":"2026-02-20 22:53:19"}
{"level":"info","message":"User testing baru joined room test","service":"chat-app","timestamp":"2026-02-20 22:53:20"}
{"level":"info","message":"Sending 4 previous messages to user in room test","service":"chat-app","timestamp":"2026-02-20 22:53:20"}
{"level":"info","message":"User testing baru leaving room test","service":"chat-app","timestamp":"2026-02-20 22:53:20"}
{"level":"info","message":"User testing baru attempting to join room testing","service":"chat-app","timestamp":"2026-02-20 22:53:20"}
{"level":"info","message":"User testing baru joined room testing","service":"chat-app","timestamp":"2026-02-20 22:53:20"}
{"level":"info","message":"Sending 9 previous messages to user in room testing","service":"chat-app","timestamp":"2026-02-20 22:53:20"}
{"level":"info","message":"User testing baru leaving room testing","service":"chat-app","timestamp":"2026-02-20 22:53:20"}
{"level":"info","message":"User testing baru attempting to join room test","service":"chat-app","timestamp":"2026-02-20 22:53:20"}
{"level":"info","message":"User testing baru joined room test","service":"chat-app","timestamp":"2026-02-20 22:53:20"}
{"level":"info","message":"Sending 4 previous messages to user in room test","service":"chat-app","timestamp":"2026-02-20 22:53:20"}
{"level":"info","message":"User testing baru leaving room test","service":"chat-app","timestamp":"2026-02-20 22:53:21"}
{"level":"info","message":"User testing baru attempting to join room testing","service":"chat-app","timestamp":"2026-02-20 22:53:21"}
{"level":"info","message":"User testing baru joined room testing","service":"chat-app","timestamp":"2026-02-20 22:53:21"}
{"level":"info","message":"Sending 9 previous messages to user in room testing","service":"chat-app","timestamp":"2026-02-20 22:53:21"}
{"level":"info","message":"User testing baru leaving room testing","service":"chat-app","timestamp":"2026-02-20 22:53:21"}
{"level":"info","message":"User testing baru attempting to join room test","service":"chat-app","timestamp":"2026-02-20 22:53:21"}
{"level":"info","message":"User testing baru joined room test","service":"chat-app","timestamp":"2026-02-20 22:53:21"}
{"level":"info","message":"Sending 4 previous messages to user in room test","service":"chat-app","timestamp":"2026-02-20 22:53:21"}
{"level":"info","message":"User testing baru leaving room test","service":"chat-app","timestamp":"2026-02-20 22:53:22"}
{"level":"info","message":"User testing baru attempting to join room testing","service":"chat-app","timestamp":"2026-02-20 22:53:22"}
{"level":"info","message":"User testing baru joined room testing","service":"chat-app","timestamp":"2026-02-20 22:53:22"}
{"level":"info","message":"Sending 9 previous messages to user in room testing","service":"chat-app","timestamp":"2026-02-20 22:53:22"}
{"level":"info","message":"User testing baru leaving room testing","service":"chat-app","timestamp":"2026-02-20 22:53:24"}
{"level":"info","message":"User testing baru attempting to join room test","service":"chat-app","timestamp":"2026-02-20 22:53:24"}
{"level":"info","message":"User testing baru joined room test","service":"chat-app","timestamp":"2026-02-20 22:53:24"}
{"level":"info","message":"Sending 4 previous messages to user in room test","service":"chat-app","timestamp":"2026-02-20 22:53:24"}
{"level":"info","message":"User testing baru leaving room test","service":"chat-app","timestamp":"2026-02-20 22:53:24"}
{"level":"info","message":"User testing baru attempting to join room testing","service":"chat-app","timestamp":"2026-02-20 22:53:24"}
{"level":"info","message":"User testing baru joined room testing","service":"chat-app","timestamp":"2026-02-20 22:53:24"}
{"level":"info","message":"Sending 9 previous messages to user in room testing","service":"chat-app","timestamp":"2026-02-20 22:53:24"}
{"level":"info","message":"User testing baru leaving room testing","service":"chat-app","timestamp":"2026-02-20 22:53:25"}
{"level":"info","message":"User testing baru attempting to join room test","service":"chat-app","timestamp":"2026-02-20 22:53:25"}
{"level":"info","message":"User testing baru joined room test","service":"chat-app","timestamp":"2026-02-20 22:53:25"}
{"level":"info","message":"Sending 4 previous messages to user in room test","service":"chat-app","timestamp":"2026-02-20 22:53:25"}
{"level":"info","message":"User testing baru leaving room test","service":"chat-app","timestamp":"2026-02-20 22:53:25"}
{"level":"info","message":"User testing baru attempting to join room testing","service":"chat-app","timestamp":"2026-02-20 22:53:25"}
{"level":"info","message":"User testing baru joined room testing","service":"chat-app","timestamp":"2026-02-20 22:53:25"}
{"level":"info","message":"Sending 9 previous messages to user in room testing","service":"chat-app","timestamp":"2026-02-20 22:53:25"}
{"level":"info","message":"User testing baru leaving room testing","service":"chat-app","timestamp":"2026-02-20 22:53:27"}
{"level":"info","message":"User testing baru attempting to join room test","service":"chat-app","timestamp":"2026-02-20 22:53:27"}
{"level":"info","message":"User testing baru joined room test","service":"chat-app","timestamp":"2026-02-20 22:53:27"}
{"level":"info","message":"Sending 4 previous messages to user in room test","service":"chat-app","timestamp":"2026-02-20 22:53:27"}
{"level":"info","message":"User testing baru leaving room test","service":"chat-app","timestamp":"2026-02-20 22:53:28"}
{"level":"info","message":"User testing baru attempting to join room testing","service":"chat-app","timestamp":"2026-02-20 22:53:28"}
{"level":"info","message":"User testing baru joined room testing","service":"chat-app","timestamp":"2026-02-20 22:53:28"}
{"level":"info","message":"Sending 9 previous messages to user in room testing","service":"chat-app","timestamp":"2026-02-20 22:53:28"}
{"level":"info","message":"User disconnected","reason":"transport close","service":"chat-app","socketId":"EutvVgjdLBCvt3XgAABp","timestamp":"2026-02-20 22:54:23"}
{"level":"info","message":"User connected","service":"chat-app","socketId":"gBjGKC_SFuvFVINaAABr","timestamp":"2026-02-20 22:54:24"}
{"level":"info","message":"User testing baru attempting to join room testing","service":"chat-app","timestamp":"2026-02-20 22:54:24"}
{"level":"info","message":"User testing baru joined room testing","service":"chat-app","timestamp":"2026-02-20 22:54:24"}
{"level":"info","message":"Sending 9 previous messages to user in room testing","service":"chat-app","timestamp":"2026-02-20 22:54:25"}
{"level":"info","message":"User testing baru leaving room testing","service":"chat-app","timestamp":"2026-02-20 22:54:26"}
{"level":"info","message":"User testing baru attempting to join room test","service":"chat-app","timestamp":"2026-02-20 22:54:26"}
{"level":"info","message":"User testing baru joined room test","service":"chat-app","timestamp":"2026-02-20 22:54:26"}
{"level":"info","message":"Sending 4 previous messages to user in room test","service":"chat-app","timestamp":"2026-02-20 22:54:26"}
{"level":"info","message":"User testing baru leaving room test","service":"chat-app","timestamp":"2026-02-20 22:54:27"}
{"level":"info","message":"User testing baru attempting to join room testing","service":"chat-app","timestamp":"2026-02-20 22:54:27"}
{"level":"info","message":"User testing baru joined room testing","service":"chat-app","timestamp":"2026-02-20 22:54:27"}
{"level":"info","message":"Sending 9 previous messages to user in room testing","service":"chat-app","timestamp":"2026-02-20 22:54:27"}
{"level":"info","message":"User testing baru leaving room testing","service":"chat-app","timestamp":"2026-02-20 22:54:28"}
{"level":"info","message":"User testing baru attempting to join room test","service":"chat-app","timestamp":"2026-02-20 22:54:28"}
{"level":"info","message":"User testing baru joined room test","service":"chat-app","timestamp":"2026-02-20 22:54:28"}
{"level":"info","message":"Sending 4 previous messages to user in room test","service":"chat-app","timestamp":"2026-02-20 22:54:28"}
{"level":"info","message":"User testing baru leaving room test","service":"chat-app","timestamp":"2026-02-20 22:54:29"}
{"level":"info","message":"User testing baru attempting to join room testing","service":"chat-app","timestamp":"2026-02-20 22:54:29"}
{"level":"info","message":"User testing baru joined room testing","service":"chat-app","timestamp":"2026-02-20 22:54:29"}
{"level":"info","message":"Sending 9 previous messages to user in room testing","service":"chat-app","timestamp":"2026-02-20 22:54:29"}
{"level":"info","message":"User testing baru leaving room testing","service":"chat-app","timestamp":"2026-02-20 22:54:30"}
{"level":"info","message":"User testing baru attempting to join room test","service":"chat-app","timestamp":"2026-02-20 22:54:30"}
{"level":"info","message":"User testing baru joined room test","service":"chat-app","timestamp":"2026-02-20 22:54:30"}
{"level":"info","message":"Sending 4 previous messages to user in room test","service":"chat-app","timestamp":"2026-02-20 22:54:30"}
{"level":"info","message":"User testing baru leaving room test","service":"chat-app","timestamp":"2026-02-20 22:54:32"}
{"level":"info","message":"User testing baru attempting to join room testing","service":"chat-app","timestamp":"2026-02-20 22:54:32"}
{"level":"info","message":"User testing baru joined room testing","service":"chat-app","timestamp":"2026-02-20 22:54:32"}
{"level":"info","message":"Sending 9 previous messages to user in room testing","service":"chat-app","timestamp":"2026-02-20 22:54:32"}
{"level":"info","message":"User evraldi baru attempting to join room testing","service":"chat-app","timestamp":"2026-02-20 22:54:35"}
{"level":"info","message":"User evraldi baru joined room testing","service":"chat-app","timestamp":"2026-02-20 22:54:35"}
{"level":"info","message":"Sending 9 previous messages to user in room testing","service":"chat-app","timestamp":"2026-02-20 22:54:35"}
{"level":"info","message":"User evraldi baru leaving room testing","service":"chat-app","timestamp":"2026-02-20 22:54:36"}
{"level":"info","message":"User evraldi baru attempting to join room test","service":"chat-app","timestamp":"2026-02-20 22:54:36"}
{"level":"info","message":"User evraldi baru joined room test","service":"chat-app","timestamp":"2026-02-20 22:54:36"}
{"level":"info","message":"Sending 4 previous messages to user in room test","service":"chat-app","timestamp":"2026-02-20 22:54:36"}
{"level":"info","message":"User evraldi baru leaving room test","service":"chat-app","timestamp":"2026-02-20 22:54:37"}
{"level":"info","message":"User evraldi baru attempting to join room testing","service":"chat-app","timestamp":"2026-02-20 22:54:37"}
{"level":"info","message":"User evraldi baru joined room testing","service":"chat-app","timestamp":"2026-02-20 22:54:37"}
{"level":"info","message":"Sending 9 previous messages to user in room testing","service":"chat-app","timestamp":"2026-02-20 22:54:37"}
{"level":"info","message":"User evraldi baru leaving room testing","service":"chat-app","timestamp":"2026-02-20 22:54:38"}
{"level":"info","message":"User evraldi baru attempting to join room test","service":"chat-app","timestamp":"2026-02-20 22:54:38"}
{"level":"info","message":"User evraldi baru joined room test","service":"chat-app","timestamp":"2026-02-20 22:54:38"}
{"level":"info","message":"Sending 4 previous messages to user in room test","service":"chat-app","timestamp":"2026-02-20 22:54:38"}
{"level":"info","message":"User evraldi baru leaving room test","service":"chat-app","timestamp":"2026-02-20 22:54:39"}
{"level":"info","message":"User evraldi baru attempting to join room testing","service":"chat-app","timestamp":"2026-02-20 22:54:39"}
{"level":"info","message":"User evraldi baru joined room testing","service":"chat-app","timestamp":"2026-02-20 22:54:39"}
{"level":"info","message":"Sending 9 previous messages to user in room testing","service":"chat-app","timestamp":"2026-02-20 22:54:39"}
{"level":"info","message":"User evraldi baru leaving room testing","service":"chat-app","timestamp":"2026-02-20 22:54:41"}
{"level":"info","message":"User evraldi baru attempting to join room test","service":"chat-app","timestamp":"2026-02-20 22:54:41"}
{"level":"info","message":"User evraldi baru joined room test","service":"chat-app","timestamp":"2026-02-20 22:54:41"}
{"level":"info","message":"Sending 4 previous messages to user in room test","service":"chat-app","timestamp":"2026-02-20 22:54:41"}
{"level":"info","message":"User evraldi baru leaving room test","service":"chat-app","timestamp":"2026-02-20 22:54:42"}
{"level":"info","message":"User evraldi baru attempting to join room testing","service":"chat-app","timestamp":"2026-02-20 22:54:42"}
{"level":"info","message":"User evraldi baru joined room testing","service":"chat-app","timestamp":"2026-02-20 22:54:42"}
{"level":"info","message":"Sending 9 previous messages to user in room testing","service":"chat-app","timestamp":"2026-02-20 22:54:42"}
{"level":"info","message":"User disconnected","reason":"transport close","service":"chat-app","socketId":"G-Ek3Yy-ZVIaS3m6AABD","timestamp":"2026-02-20 22:54:49"}
{"level":"info","message":"User disconnected","reason":"transport close","service":"chat-app","socketId":"G1bYZBObTZT2wgWhAAA_","timestamp":"2026-02-20 22:54:49"}
{"level":"info","message":"User connected","service":"chat-app","socketId":"VBvWkwkR_CJ17WsPAABt","timestamp":"2026-02-20 22:54:49"}
{"level":"info","message":"User evraldi baru attempting to join room testing","service":"chat-app","timestamp":"2026-02-20 22:54:51"}
{"level":"info","message":"User evraldi baru joined room testing","service":"chat-app","timestamp":"2026-02-20 22:54:51"}
{"level":"info","message":"Sending 9 previous messages to user in room testing","service":"chat-app","timestamp":"2026-02-20 22:54:51"}
{"level":"info","message":"User disconnected","reason":"transport close","service":"chat-app","socketId":"VBvWkwkR_CJ17WsPAABt","timestamp":"2026-02-20 22:54:53"}
{"level":"info","message":"User connected","service":"chat-app","socketId":"rE_M3j5FvGLPqCKHAABv","timestamp":"2026-02-20 22:54:53"}
{"level":"info","message":"User evraldi baru attempting to join room testing","service":"chat-app","timestamp":"2026-02-20 22:54:54"}
{"level":"info","message":"User evraldi baru joined room testing","service":"chat-app","timestamp":"2026-02-20 22:54:54"}
{"level":"info","message":"Sending 9 previous messages to user in room testing","service":"chat-app","timestamp":"2026-02-20 22:54:54"}
{"level":"info","message":"User disconnected","reason":"transport close","service":"chat-app","socketId":"rE_M3j5FvGLPqCKHAABv","timestamp":"2026-02-20 22:54:56"}
{"level":"info","message":"User connected","service":"chat-app","socketId":"lV1zTnLwxrYihf8uAABx","timestamp":"2026-02-20 22:54:57"}
{"level":"info","message":"User evraldi baru attempting to join room testing","service":"chat-app","timestamp":"2026-02-20 22:54:57"}
{"level":"info","message":"User evraldi baru joined room testing","service":"chat-app","timestamp":"2026-02-20 22:54:57"}
{"level":"info","message":"Sending 9 previous messages to user in room testing","service":"chat-app","timestamp":"2026-02-20 22:54:57"}
{"level":"info","message":"User evraldi baru leaving room testing","service":"chat-app","timestamp":"2026-02-20 22:54:58"}
{"level":"info","message":"User evraldi baru attempting to join room test","service":"chat-app","timestamp":"2026-02-20 22:54:58"}
{"level":"info","message":"User evraldi baru joined room test","service":"chat-app","timestamp":"2026-02-20 22:54:58"}
{"level":"info","message":"Sending 4 previous messages to user in room test","service":"chat-app","timestamp":"2026-02-20 22:54:58"}
{"level":"info","message":"User evraldi baru leaving room test","service":"chat-app","timestamp":"2026-02-20 22:54:59"}
{"level":"info","message":"User evraldi baru attempting to join room testing","service":"chat-app","timestamp":"2026-02-20 22:54:59"}
{"level":"info","message":"User evraldi baru joined room testing","service":"chat-app","timestamp":"2026-02-20 22:54:59"}
{"level":"info","message":"Sending 9 previous messages to user in room testing","service":"chat-app","timestamp":"2026-02-20 22:54:59"}
{"level":"info","message":"User disconnected","reason":"transport close","service":"chat-app","socketId":"lV1zTnLwxrYihf8uAABx","timestamp":"2026-02-20 22:55:02"}
{"level":"info","message":"User connected","service":"chat-app","socketId":"SuWnFGLE-clZSxJCAABz","timestamp":"2026-02-20 22:55:03"}
{"level":"info","message":"User evraldi baru attempting to join room testing","service":"chat-app","timestamp":"2026-02-20 22:55:04"}
{"level":"info","message":"User evraldi baru joined room testing","service":"chat-app","timestamp":"2026-02-20 22:55:04"}
{"level":"info","message":"Sending 9 previous messages to user in room testing","service":"chat-app","timestamp":"2026-02-20 22:55:04"}
{"level":"info","message":"User disconnected","reason":"transport close","service":"chat-app","socketId":"SuWnFGLE-clZSxJCAABz","timestamp":"2026-02-20 22:55:06"}
{"level":"info","message":"User connected","service":"chat-app","socketId":"scxnfrhg4CIXDkrSAAB1","timestamp":"2026-02-20 22:55:07"}
{"level":"info","message":"User evraldi baru attempting to join room testing","service":"chat-app","timestamp":"2026-02-20 22:55:07"}
{"level":"info","message":"User evraldi baru joined room testing","service":"chat-app","timestamp":"2026-02-20 22:55:07"}
{"level":"info","message":"Sending 9 previous messages to user in room testing","service":"chat-app","timestamp":"2026-02-20 22:55:07"}
{"level":"info","message":"User disconnected","reason":"transport close","service":"chat-app","socketId":"gBjGKC_SFuvFVINaAABr","timestamp":"2026-02-20 22:56:36"}
{"level":"info","message":"User connected","service":"chat-app","socketId":"cOOhnLK-SSUB-nNdAAB3","timestamp":"2026-02-20 22:56:37"}
{"level":"info","message":"User disconnected","reason":"transport close","service":"chat-app","socketId":"cOOhnLK-SSUB-nNdAAB3","timestamp":"2026-02-20 22:56:39"}
{"level":"info","message":"User connected","service":"chat-app","socketId":"6GXozlZGs9mVRl28AAB5","timestamp":"2026-02-20 22:56:39"}
{"level":"info","message":"User testing baru attempting to join room testing","service":"chat-app","timestamp":"2026-02-20 22:57:15"}
{"level":"info","message":"User testing baru joined room testing","service":"chat-app","timestamp":"2026-02-20 22:57:16"}
{"level":"info","message":"Sending 9 previous messages to user in room testing","service":"chat-app","timestamp":"2026-02-20 22:57:16"}
{"level":"info","message":"User connected","service":"chat-app","socketId":"yWgYpes_1fZpYBUeAAB7","timestamp":"2026-02-20 22:57:16"}
{"level":"info","message":"User testing baru leaving room testing","service":"chat-app","timestamp":"2026-02-20 22:57:22"}
{"level":"info","message":"User testing baru attempting to join room test","service":"chat-app","timestamp":"2026-02-20 22:57:22"}
{"level":"info","message":"User testing baru joined room test","service":"chat-app","timestamp":"2026-02-20 22:57:22"}
{"level":"info","message":"Sending 4 previous messages to user in room test","service":"chat-app","timestamp":"2026-02-20 22:57:22"}
{"level":"info","message":"User testing baru leaving room test","service":"chat-app","timestamp":"2026-02-20 22:57:23"}
{"level":"info","message":"User testing baru attempting to join room testing","service":"chat-app","timestamp":"2026-02-20 22:57:23"}
{"level":"info","message":"User testing baru joined room testing","service":"chat-app","timestamp":"2026-02-20 22:57:23"}
{"level":"info","message":"Sending 9 previous messages to user in room testing","service":"chat-app","timestamp":"2026-02-20 22:57:23"}
{"level":"info","message":"User disconnected","reason":"transport close","service":"chat-app","socketId":"6GXozlZGs9mVRl28AAB5","timestamp":"2026-02-20 22:57:24"}
{"level":"info","message":"User connected","service":"chat-app","socketId":"f8MvJEAHmJcnaJDYAAB9","timestamp":"2026-02-20 22:57:25"}
{"level":"info","message":"User testing baru attempting to join room testing","service":"chat-app","timestamp":"2026-02-20 22:57:25"}
{"level":"info","message":"User testing baru joined room testing","service":"chat-app","timestamp":"2026-02-20 22:57:25"}
{"level":"info","message":"Sending 9 previous messages to user in room testing","service":"chat-app","timestamp":"2026-02-20 22:57:25"}
{"level":"info","message":"User connected","service":"chat-app","socketId":"8a2CZiaH-6oFPX_BAAB_","timestamp":"2026-02-20 22:57:42"}
{"level":"info","message":"User disconnected","reason":"transport close","service":"chat-app","socketId":"f8MvJEAHmJcnaJDYAAB9","timestamp":"2026-02-20 22:59:33"}
{"level":"info","message":"User disconnected","reason":"transport close","service":"chat-app","socketId":"8a2CZiaH-6oFPX_BAAB_","timestamp":"2026-02-20 22:59:33"}
{"level":"info","message":"User connected","service":"chat-app","socketId":"oxY9a1xV3xLkK0QVAACB","timestamp":"2026-02-20 22:59:34"}
{"level":"info","message":"User testing baru attempting to join room testing","service":"chat-app","timestamp":"2026-02-20 22:59:35"}
{"level":"info","message":"User testing baru joined room testing","service":"chat-app","timestamp":"2026-02-20 22:59:35"}
{"level":"info","message":"Sending 9 previous messages to user in room testing","service":"chat-app","timestamp":"2026-02-20 22:59:35"}
{"level":"info","message":"User disconnected","reason":"transport close","service":"chat-app","socketId":"oxY9a1xV3xLkK0QVAACB","timestamp":"2026-02-20 22:59:40"}
{"level":"info","message":"User connected","service":"chat-app","socketId":"-wIVpFygxZcugaINAACD","timestamp":"2026-02-20 22:59:41"}
{"level":"info","message":"User testing baru attempting to join room testing","service":"chat-app","timestamp":"2026-02-20 22:59:42"}
{"level":"info","message":"User testing baru joined room testing","service":"chat-app","timestamp":"2026-02-20 22:59:42"}
{"level":"info","message":"Sending 9 previous messages to user in room testing","service":"chat-app","timestamp":"2026-02-20 22:59:42"}
{"level":"info","message":"User testing baru leaving room testing","service":"chat-app","timestamp":"2026-02-20 22:59:44"}
{"level":"info","message":"User testing baru attempting to join room test","service":"chat-app","timestamp":"2026-02-20 22:59:44"}
{"level":"info","message":"User testing baru joined room test","service":"chat-app","timestamp":"2026-02-20 22:59:44"}
{"level":"info","message":"Sending 4 previous messages to user in room test","service":"chat-app","timestamp":"2026-02-20 22:59:44"}
{"level":"info","message":"User testing baru leaving room test","service":"chat-app","timestamp":"2026-02-20 22:59:45"}
{"level":"info","message":"User testing baru attempting to join room testing","service":"chat-app","timestamp":"2026-02-20 22:59:45"}
{"level":"info","message":"User testing baru joined room testing","service":"chat-app","timestamp":"2026-02-20 22:59:45"}
{"level":"info","message":"Sending 9 previous messages to user in room testing","service":"chat-app","timestamp":"2026-02-20 22:59:45"}
{"level":"info","message":"User testing baru leaving room testing","service":"chat-app","timestamp":"2026-02-20 22:59:46"}
{"level":"info","message":"User testing baru attempting to join room test","service":"chat-app","timestamp":"2026-02-20 22:59:46"}
{"level":"info","message":"User testing baru joined room test","service":"chat-app","timestamp":"2026-02-20 22:59:46"}
{"level":"info","message":"Sending 4 previous messages to user in room test","service":"chat-app","timestamp":"2026-02-20 22:59:46"}
{"level":"info","message":"User testing baru leaving room test","service":"chat-app","timestamp":"2026-02-20 22:59:47"}
{"level":"info","message":"User testing baru attempting to join room testing","service":"chat-app","timestamp":"2026-02-20 22:59:47"}
{"level":"info","message":"User testing baru joined room testing","service":"chat-app","timestamp":"2026-02-20 22:59:47"}
{"level":"info","message":"Sending 9 previous messages to user in room testing","service":"chat-app","timestamp":"2026-02-20 22:59:47"}
{"level":"info","message":"User testing baru leaving room testing","service":"chat-app","timestamp":"2026-02-20 22:59:49"}
{"level":"info","message":"User testing baru attempting to join room test","service":"chat-app","timestamp":"2026-02-20 22:59:49"}
{"level":"info","message":"User testing baru joined room test","service":"chat-app","timestamp":"2026-02-20 22:59:49"}
{"level":"info","message":"Sending 4 previous messages to user in room test","service":"chat-app","timestamp":"2026-02-20 22:59:49"}
{"level":"info","message":"User testing baru leaving room test","service":"chat-app","timestamp":"2026-02-20 22:59:50"}
{"level":"info","message":"User testing baru attempting to join room testing","service":"chat-app","timestamp":"2026-02-20 22:59:50"}
{"level":"info","message":"User testing baru joined room testing","service":"chat-app","timestamp":"2026-02-20 22:59:50"}
{"level":"info","message":"Sending 9 previous messages to user in room testing","service":"chat-app","timestamp":"2026-02-20 22:59:50"}
{"level":"info","message":"User testing baru leaving room testing","service":"chat-app","timestamp":"2026-02-20 22:59:51"}
{"level":"info","message":"User testing baru attempting to join room test","service":"chat-app","timestamp":"2026-02-20 22:59:51"}
{"level":"info","message":"User testing baru joined room test","service":"chat-app","timestamp":"2026-02-20 22:59:51"}
{"level":"info","message":"Sending 4 previous messages to user in room test","service":"chat-app","timestamp":"2026-02-20 22:59:51"}
{"level":"info","message":"User testing baru leaving room test","service":"chat-app","timestamp":"2026-02-20 22:59:52"}
{"level":"info","message":"User testing baru attempting to join room testing","service":"chat-app","timestamp":"2026-02-20 22:59:52"}
{"level":"info","message":"User testing baru joined room testing","service":"chat-app","timestamp":"2026-02-20 22:59:52"}
{"level":"info","message":"Sending 9 previous messages to user in room testing","service":"chat-app","timestamp":"2026-02-20 22:59:52"}
{"level":"info","message":"User disconnected","reason":"transport close","service":"chat-app","socketId":"scxnfrhg4CIXDkrSAAB1","timestamp":"2026-02-20 23:00:11"}
{"level":"info","message":"User disconnected","reason":"transport close","service":"chat-app","socketId":"yWgYpes_1fZpYBUeAAB7","timestamp":"2026-02-20 23:00:11"}
{"level":"info","message":"User connected","service":"chat-app","socketId":"jNOqj1U1gP-Boai2AACF","timestamp":"2026-02-20 23:00:13"}
{"level":"info","message":"User disconnected","reason":"transport close","service":"chat-app","socketId":"-wIVpFygxZcugaINAACD","timestamp":"2026-02-20 23:01:42"}
{"level":"info","message":"User connected","service":"chat-app","socketId":"Qaome80kpaWZf4zAAACH","timestamp":"2026-02-20 23:01:42"}
{"level":"info","message":"User testing baru attempting to join room testing","service":"chat-app","timestamp":"2026-02-20 23:01:48"}
{"level":"info","message":"User testing baru joined room testing","service":"chat-app","timestamp":"2026-02-20 23:01:48"}
{"level":"info","message":"Sending 9 previous messages to user in room testing","service":"chat-app","timestamp":"2026-02-20 23:01:48"}
{"level":"info","message":"User disconnected","reason":"transport close","service":"chat-app","socketId":"jNOqj1U1gP-Boai2AACF","timestamp":"2026-02-20 23:01:54"}
{"level":"info","message":"User connected","service":"chat-app","socketId":"MUDwzwSohwtVWnAyAACJ","timestamp":"2026-02-20 23:01:54"}
{"level":"info","message":"User evraldi baru attempting to join room testing","service":"chat-app","timestamp":"2026-02-20 23:01:55"}
{"level":"info","message":"User evraldi baru joined room testing","service":"chat-app","timestamp":"2026-02-20 23:01:55"}
{"level":"info","message":"Sending 9 previous messages to user in room testing","service":"chat-app","timestamp":"2026-02-20 23:01:55"}
{"level":"info","message":"User evraldi baru leaving room testing","service":"chat-app","timestamp":"2026-02-20 23:01:56"}
{"level":"info","message":"User evraldi baru attempting to join room test","service":"chat-app","timestamp":"2026-02-20 23:01:56"}
{"level":"info","message":"User evraldi baru joined room test","service":"chat-app","timestamp":"2026-02-20 23:01:56"}
{"level":"info","message":"Sending 4 previous messages to user in room test","service":"chat-app","timestamp":"2026-02-20 23:01:56"}
{"level":"info","message":"User evraldi baru leaving room test","service":"chat-app","timestamp":"2026-02-20 23:01:57"}
{"level":"info","message":"User evraldi baru attempting to join room testing","service":"chat-app","timestamp":"2026-02-20 23:01:57"}
{"level":"info","message":"User evraldi baru joined room testing","service":"chat-app","timestamp":"2026-02-20 23:01:57"}
{"level":"info","message":"Sending 9 previous messages to user in room testing","service":"chat-app","timestamp":"2026-02-20 23:01:57"}
{"level":"info","message":"Fetching profile for user 6998781ddf742eb79140fb70","service":"chat-app","timestamp":"2026-02-20 23:02:00"}
{"level":"info","message":"User disconnected","reason":"transport close","service":"chat-app","socketId":"Qaome80kpaWZf4zAAACH","timestamp":"2026-02-20 23:12:20"}
{"level":"info","message":"User logged in: 69987831df742eb79140fb73","service":"chat-app","timestamp":"2026-02-20 23:12:24","username":"testing baru"}
{"level":"info","message":"User connected","service":"chat-app","socketId":"HshRNrPrdUDDlXcfAACL","timestamp":"2026-02-20 23:12:24"}
{"level":"info","message":"User disconnected","reason":"transport close","service":"chat-app","socketId":"MUDwzwSohwtVWnAyAACJ","timestamp":"2026-02-20 23:12:26"}
{"level":"info","message":"User logged in: 6998781ddf742eb79140fb70","service":"chat-app","timestamp":"2026-02-20 23:12:48","username":"evraldi baru"}
{"level":"info","message":"User connected","service":"chat-app","socketId":"u-FAW0DbTW_rYPXSAACN","timestamp":"2026-02-20 23:12:48"}
{"level":"info","message":"User evraldi baru attempting to join room test","service":"chat-app","timestamp":"2026-02-20 23:12:49"}
{"level":"info","message":"User evraldi baru joined room test","service":"chat-app","timestamp":"2026-02-20 23:12:49"}
{"level":"info","message":"Sending 4 previous messages to user in room test","service":"chat-app","timestamp":"2026-02-20 23:12:49"}
{"level":"info","message":"User testing baru attempting to join room test","service":"chat-app","timestamp":"2026-02-20 23:12:52"}
{"level":"info","message":"User testing baru joined room test","service":"chat-app","timestamp":"2026-02-20 23:12:52"}
{"level":"info","message":"Sending 4 previous messages to user in room test","service":"chat-app","timestamp":"2026-02-20 23:12:52"}
{"level":"info","message":"User evraldi baru leaving room test","service":"chat-app","timestamp":"2026-02-20 23:12:54"}
{"level":"info","message":"User evraldi baru attempting to join room testing","service":"chat-app","timestamp":"2026-02-20 23:12:54"}
{"level":"info","message":"User evraldi baru joined room testing","service":"chat-app","timestamp":"2026-02-20 23:12:54"}
{"level":"info","message":"Sending 9 previous messages to user in room testing","service":"chat-app","timestamp":"2026-02-20 23:12:54"}
{"level":"info","message":"User evraldi baru leaving room testing","service":"chat-app","timestamp":"2026-02-20 23:12:55"}
{"level":"info","message":"User evraldi baru attempting to join room test","service":"chat-app","timestamp":"2026-02-20 23:12:55"}
{"level":"info","message":"User evraldi baru joined room test","service":"chat-app","timestamp":"2026-02-20 23:12:55"}
{"level":"info","message":"Sending 4 previous messages to user in room test","service":"chat-app","timestamp":"2026-02-20 23:12:55"}
{"level":"info","message":"User evraldi baru leaving room test","service":"chat-app","timestamp":"2026-02-20 23:12:56"}
{"level":"info","message":"User evraldi baru attempting to join room testing","service":"chat-app","timestamp":"2026-02-20 23:12:57"}
{"level":"info","message":"User evraldi baru joined room testing","service":"chat-app","timestamp":"2026-02-20 23:12:57"}
{"level":"info","message":"Sending 9 previous messages to user in room testing","service":"chat-app","timestamp":"2026-02-20 23:12:57"}
{"level":"info","message":"User testing baru leaving room test","service":"chat-app","timestamp":"2026-02-20 23:12:58"}
{"level":"info","message":"User testing baru attempting to join room testing","service":"chat-app","timestamp":"2026-02-20 23:12:58"}
{"level":"info","message":"User testing baru joined room testing","service":"chat-app","timestamp":"2026-02-20 23:12:58"}
{"level":"info","message":"Sending 9 previous messages to user in room testing","service":"chat-app","timestamp":"2026-02-20 23:12:58"}
{"level":"info","message":"User evraldi baru leaving room testing","service":"chat-app","timestamp":"2026-02-20 23:13:00"}
{"level":"info","message":"User evraldi baru attempting to join room test","service":"chat-app","timestamp":"2026-02-20 23:13:00"}
{"level":"info","message":"User evraldi baru joined room test","service":"chat-app","timestamp":"2026-02-20 23:13:00"}
{"level":"info","message":"Sending 4 previous messages to user in room test","service":"chat-app","timestamp":"2026-02-20 23:13:00"}
{"level":"info","message":"User evraldi baru leaving room test","service":"chat-app","timestamp":"2026-02-20 23:13:01"}
{"level":"info","message":"User evraldi baru attempting to join room testing","service":"chat-app","timestamp":"2026-02-20 23:13:01"}
{"level":"info","message":"User evraldi baru joined room testing","service":"chat-app","timestamp":"2026-02-20 23:13:01"}
{"level":"info","message":"Sending 9 previous messages to user in room testing","service":"chat-app","timestamp":"2026-02-20 23:13:01"}
{"level":"info","message":"User evraldi baru leaving room testing","service":"chat-app","timestamp":"2026-02-20 23:13:03"}
{"level":"info","message":"User evraldi baru attempting to join room test","service":"chat-app","timestamp":"2026-02-20 23:13:03"}
{"level":"info","message":"User evraldi baru joined room test","service":"chat-app","timestamp":"2026-02-20 23:13:03"}
{"level":"info","message":"Sending 4 previous messages to user in room test","service":"chat-app","timestamp":"2026-02-20 23:13:03"}
{"level":"info","message":"User evraldi baru leaving room test","service":"chat-app","timestamp":"2026-02-20 23:13:04"}
{"level":"info","message":"User evraldi baru attempting to join room testing","service":"chat-app","timestamp":"2026-02-20 23:13:04"}
{"level":"info","message":"User evraldi baru joined room testing","service":"chat-app","timestamp":"2026-02-20 23:13:04"}
{"level":"info","message":"Sending 9 previous messages to user in room testing","service":"chat-app","timestamp":"2026-02-20 23:13:04"}
{"level":"info","message":"User testing baru leaving room testing","service":"chat-app","timestamp":"2026-02-20 23:13:15"}
{"level":"info","message":"User testing baru attempting to join room test","service":"chat-app","timestamp":"2026-02-20 23:13:15"}
{"level":"info","message":"User testing baru joined room test","service":"chat-app","timestamp":"2026-02-20 23:13:15"}
{"level":"info","message":"Sending 4 previous messages to user in room test","service":"chat-app","timestamp":"2026-02-20 23:13:15"}
{"level":"info","message":"User testing baru leaving room test","service":"chat-app","timestamp":"2026-02-20 23:13:16"}
{"level":"info","message":"User testing baru attempting to join room testing","service":"chat-app","timestamp":"2026-02-20 23:13:16"}
{"level":"info","message":"User testing baru joined room testing","service":"chat-app","timestamp":"2026-02-20 23:13:16"}
{"level":"info","message":"Sending 9 previous messages to user in room testing","service":"chat-app","timestamp":"2026-02-20 23:13:16"}
{"level":"info","message":"User disconnected","reason":"transport close","service":"chat-app","socketId":"u-FAW0DbTW_rYPXSAACN","timestamp":"2026-02-20 23:13:20"}
{"level":"info","message":"User connected","service":"chat-app","socketId":"WBX8LWvEjTwTL_5MAACP","timestamp":"2026-02-20 23:13:20"}
{"level":"info","message":"User evraldi baru attempting to join room testing","service":"chat-app","timestamp":"2026-02-20 23:13:21"}
{"level":"info","message":"User evraldi baru joined room testing","service":"chat-app","timestamp":"2026-02-20 23:13:21"}
{"level":"info","message":"Sending 9 previous messages to user in room testing","service":"chat-app","timestamp":"2026-02-20 23:13:21"}
{"level":"info","message":"User testing baru leaving room testing","service":"chat-app","timestamp":"2026-02-20 23:13:24"}
{"level":"info","message":"User testing baru attempting to join room test","service":"chat-app","timestamp":"2026-02-20 23:13:24"}
{"level":"info","message":"User testing baru joined room test","service":"chat-app","timestamp":"2026-02-20 23:13:24"}
{"level":"info","message":"Sending 4 previous messages to user in room test","service":"chat-app","timestamp":"2026-02-20 23:13:24"}
{"level":"info","message":"User testing baru leaving room test","service":"chat-app","timestamp":"2026-02-20 23:13:25"}
{"level":"info","message":"User testing baru attempting to join room testing","service":"chat-app","timestamp":"2026-02-20 23:13:25"}
{"level":"info","message":"User testing baru joined room testing","service":"chat-app","timestamp":"2026-02-20 23:13:25"}
{"level":"info","message":"Sending 9 previous messages to user in room testing","service":"chat-app","timestamp":"2026-02-20 23:13:25"}
{"level":"info","message":"Received sendMessage event","room":"testing","service":"chat-app","timestamp":"2026-02-20 23:21:41","username":"evraldi baru"}
{"level":"info","message":"Fetching profile for user 6998781ddf742eb79140fb70","service":"chat-app","timestamp":"2026-02-20 23:22:01"}
{"level":"info","message":"Fetching profile for user 6998781ddf742eb79140fb70","service":"chat-app","timestamp":"2026-02-20 23:22:08"}
{"avatarLength":217950,"bio":"hai","displayName":"evraldi edit","level":"info","message":"Profile update request for user 6998781ddf742eb79140fb70","service":"chat-app","timestamp":"2026-02-20 23:22:13"}
{"level":"info","message":"Profile updated successfully for user 6998781ddf742eb79140fb70","service":"chat-app","timestamp":"2026-02-20 23:22:13"}
{"level":"info","message":"Fetching profile for user 6998781ddf742eb79140fb70","service":"chat-app","timestamp":"2026-02-20 23:22:13"}
{"level":"info","message":"Received sendMessage event","room":"testing","service":"chat-app","timestamp":"2026-02-20 23:22:17","username":"evraldi baru"}
{"level":"info","message":"User disconnected","reason":"transport close","service":"chat-app","socketId":"WBX8LWvEjTwTL_5MAACP","timestamp":"2026-02-20 23:22:21"}
{"level":"info","message":"User connected","service":"chat-app","socketId":"oQuUBCP8Z8aA6ivFAACR","timestamp":"2026-02-20 23:22:21"}
{"level":"info","message":"User disconnected","reason":"transport close","service":"chat-app","socketId":"HshRNrPrdUDDlXcfAACL","timestamp":"2026-02-20 23:22:22"}
{"level":"info","message":"User connected","service":"chat-app","socketId":"xUwLnZH5uOBRcgKdAACT","timestamp":"2026-02-20 23:22:23"}
{"level":"info","message":"User testing baru attempting to join room testing","service":"chat-app","timestamp":"2026-02-20 23:22:23"}
{"level":"info","message":"User testing baru joined room testing","service":"chat-app","timestamp":"2026-02-20 23:22:23"}
{"level":"info","message":"Sending 11 previous messages to user in room testing","service":"chat-app","timestamp":"2026-02-20 23:22:24"}
{"level":"info","message":"User evraldi baru attempting to join room testing","service":"chat-app","timestamp":"2026-02-20 23:22:25"}
{"level":"info","message":"User evraldi baru joined room testing","service":"chat-app","timestamp":"2026-02-20 23:22:25"}
{"level":"info","message":"Sending 11 previous messages to user in room testing","service":"chat-app","timestamp":"2026-02-20 23:22:25"}
{"level":"info","message":"Received sendMessage event","room":"testing","service":"chat-app","timestamp":"2026-02-20 23:22:29","username":"evraldi baru"}
{"level":"info","message":"Received sendMessage event","room":"testing","service":"chat-app","timestamp":"2026-02-20 23:22:32","username":"testing baru"}
{"level":"info","message":"Server running on port 5000","service":"chat-app","timestamp":"2026-02-20 23:22:43"}
{"level":"info","message":"Environment: development","service":"chat-app","timestamp":"2026-02-20 23:22:43"}
{"level":"info","message":"MongoDB connected successfully","service":"chat-app","timestamp":"2026-02-20 23:22:43"}
{"level":"info","message":"User connected","service":"chat-app","socketId":"PQY3UIJh0Gm5a3VoAAAB","timestamp":"2026-02-20 23:22:43"}
{"level":"info","message":"User connected","service":"chat-app","socketId":"_mT1rUw3_9Mid-h1AAAD","timestamp":"2026-02-20 23:22:43"}
{"level":"info","message":"User disconnected","reason":"transport close","service":"chat-app","socketId":"PQY3UIJh0Gm5a3VoAAAB","timestamp":"2026-02-20 23:22:45"}
{"level":"info","message":"User connected","service":"chat-app","socketId":"6Hgl7DowHptJbcxaAAAF","timestamp":"2026-02-20 23:22:45"}
{"level":"info","message":"User testing baru attempting to join room testing","service":"chat-app","timestamp":"2026-02-20 23:22:46"}
{"level":"info","message":"User testing baru joined room testing","service":"chat-app","timestamp":"2026-02-20 23:22:46"}
{"level":"info","message":"Sending 13 previous messages to user in room testing","service":"chat-app","timestamp":"2026-02-20 23:22:46"}
{"level":"info","message":"User disconnected","reason":"transport close","service":"chat-app","socketId":"_mT1rUw3_9Mid-h1AAAD","timestamp":"2026-02-20 23:22:52"}
{"level":"info","message":"User connected","service":"chat-app","socketId":"n4z_dasueD5hQVZCAAAH","timestamp":"2026-02-20 23:22:52"}
{"level":"info","message":"User evraldi baru attempting to join room test","service":"chat-app","timestamp":"2026-02-20 23:22:53"}
{"level":"info","message":"User evraldi baru joined room test","service":"chat-app","timestamp":"2026-02-20 23:22:53"}
{"level":"info","message":"Sending 4 previous messages to user in room test","service":"chat-app","timestamp":"2026-02-20 23:22:53"}
{"level":"info","message":"User evraldi baru leaving room test","service":"chat-app","timestamp":"2026-02-20 23:22:53"}
{"level":"info","message":"User evraldi baru attempting to join room testing","service":"chat-app","timestamp":"2026-02-20 23:22:53"}
{"level":"info","message":"User evraldi baru joined room testing","service":"chat-app","timestamp":"2026-02-20 23:22:53"}
{"level":"info","message":"Sending 13 previous messages to user in room testing","service":"chat-app","timestamp":"2026-02-20 23:22:53"}
{"level":"info","message":"Received sendMessage event","room":"testing","service":"chat-app","text":"dada","timestamp":"2026-02-20 23:22:55","username":"evraldi baru"}
{"id":"69988a5fe138bc3a595289c4","level":"info","message":"Message saved","room":"testing","service":"chat-app","timestamp":"2026-02-20 23:22:55"}
{"level":"info","message":"Received sendMessage event","room":"testing","service":"chat-app","text":"adada","timestamp":"2026-02-20 23:22:57","username":"testing baru"}
{"id":"69988a61e138bc3a595289c7","level":"info","message":"Message saved","room":"testing","service":"chat-app","timestamp":"2026-02-20 23:22:57"}
{"level":"info","message":"User disconnected","reason":"transport close","service":"chat-app","socketId":"n4z_dasueD5hQVZCAAAH","timestamp":"2026-02-20 23:30:01"}
